#pragma once
#include <stdint.h>

// User-supplied mockup adapted for ST7789 portrait 240x320.
// The central eye discs are removed: smartmedivend_eyes.h renders them live.
// RGB565 native CPU byte order; LVGL SPI driver performs the final byte swap.
namespace smartmedivend_artwork {
constexpr int kWidth = 240;
constexpr int kHeight = 320;
alignas(4) static const uint16_t kPixels[kWidth * kHeight] = {
    0x9513, 0x94F2, 0x5B2D, 0x29EA, 0x21A9, 0x2188, 0x2188, 0x2188, 0x2188, 0x2188, 0x2188, 0x1968, 0x1968, 0x2188, 0x2188, 0x2188,
    0x2188, 0x2188, 0x2188, 0x2188, 0x2188, 0x2188, 0x2188, 0x2188, 0x2188, 0x21A9, 0x21A9, 0x21A9, 0x21A9, 0x21A9, 0x21A9, 0x21A9,
    0x21A9, 0x21A8, 0x2188, 0x2188, 0x2188, 0x2188, 0x2188, 0x2188, 0x21A8, 0x21A9, 0x29A9, 0x21A9, 0x29A9, 0x29C9, 0x29A9, 0x21A9,
    0x29C9, 0x29C9, 0x29C9, 0x29C9, 0x29C9, 0x29C9, 0x29A9, 0x29A9, 0x29C9, 0x29A9, 0x21A8, 0x21A8, 0x29A9, 0x29C9, 0x29C9, 0x29C9,
    0x29C9, 0x29C9, 0x29C9, 0x29C9, 0x29C9, 0x29C9, 0x29C9, 0x29C9, 0x29E9, 0x29E9, 0x29E9, 0x29C9, 0x29C9, 0x29C9, 0x29C9, 0x29C9,
    0x29C9, 0x29C9, 0x29C9, 0x29C9, 0x29A9, 0x29A9, 0x29A9, 0x29A9, 0x29C9, 0x29A9, 0x21A8, 0x29A9, 0x29C9, 0x29C9, 0x29C9, 0x29A9,
    0x21A9, 0x21A8, 0x21A8, 0x21A8, 0x21A9, 0x21A9, 0x29C9, 0x29C9, 0x21A9, 0x21A9, 0x29A9, 0x21A9, 0x21A9, 0x29A9, 0x21A9, 0x21A9,
    0x21A9, 0x29A9, 0x21A9, 0x21A9, 0x21A9, 0x29A9, 0x29C9, 0x29C9, 0x29C9, 0x29C9, 0x29C9, 0x29C9, 0x29C9, 0x29C9, 0x29C9, 0x29C9,
    0x29C9, 0x29C9, 0x29A9, 0x21A9, 0x21A9, 0x21A9, 0x21A9, 0x21A9, 0x21A9, 0x21A9, 0x21A9, 0x21A9, 0x21A9, 0x21A9, 0x21A9, 0x21A9,
    0x21A9, 0x21A9, 0x21A9, 0x21A8, 0x2188, 0x21A8, 0x2188, 0x21A8, 0x21A8, 0x21A8, 0x21A9, 0x21A9, 0x21A9, 0x2188, 0x2188, 0x21A8,
    0x21A8, 0x21A8, 0x21A9, 0x21A9, 0x21A9, 0x2188, 0x2188, 0x2188, 0x2188, 0x2188, 0x2188, 0x2188, 0x2188, 0x2188, 0x2188, 0x2188,
    0x2188, 0x2188, 0x2188, 0x2188, 0x2188, 0x2188, 0x2188, 0x2188, 0x2188, 0x2188, 0x2188, 0x2188, 0x2188, 0x2188, 0x2188, 0x2188,
    0x1988, 0x2188, 0x2188, 0x2188, 0x2188, 0x2188, 0x2188, 0x2188, 0x2189, 0x2189, 0x2188, 0x2188, 0x1968, 0x1968, 0x2188, 0x2188,
    0x2188, 0x2188, 0x2188, 0x2188, 0x1968, 0x1968, 0x1968, 0x1968, 0x1967, 0x1947, 0x1968, 0x1968, 0x1968, 0x1968, 0x1947, 0x1947,
    0x1947, 0x1948, 0x1948, 0x1948, 0x1947, 0x1947, 0x1947, 0x1947, 0x1947, 0x1947, 0x1947, 0x1967, 0x2188, 0x29A7, 0x3A47, 0x4288,
    0x9513, 0x426B, 0x08E6, 0x1107, 0x1106, 0x1106, 0x1106, 0x1106, 0x1106, 0x1106, 0x1106, 0x1106, 0x1106, 0x1106, 0x1106, 0x1106,
    0x1106, 0x1106, 0x1106, 0x1106, 0x1106, 0x1106, 0x10E6, 0x1106, 0x1106, 0x1106, 0x1106, 0x1106, 0x1106, 0x1106, 0x1106, 0x1106,
    0x1106, 0x1106, 0x10E6, 0x10E5, 0x10E5, 0x10E5, 0x10E5, 0x10E5, 0x10E5, 0x10E6, 0x1106, 0x10E5, 0x10E5, 0x10E5, 0x10E6, 0x10E5,
    0x10E5, 0x10E6, 0x10E6, 0x10E6, 0x1106, 0x1106, 0x10E6, 0x10E6, 0x10E6, 0x10E6, 0x10E5, 0x10E5, 0x10E5, 0x10E6, 0x1106, 0x1106,
    0x10E6, 0x10E6, 0x10E5, 0x10E5, 0x10E6, 0x10E6, 0x10E6, 0x10E6, 0x10E5, 0x10E6, 0x10E6, 0x10E6, 0x10E5, 0x10E5, 0x10E6, 0x10E5,
    0x10E5, 0x10E5, 0x10E6, 0x1106, 0x1106, 0x10E6, 0x10E5, 0x10E6, 0x10E6, 0x10E6, 0x10E5, 0x10E6, 0x1106, 0x10E6, 0x10E6, 0x10E6,
    0x10E5, 0x10E5, 0x10E5, 0x10E5, 0x10E5, 0x10E5, 0x10E5, 0x10E6, 0x10E6, 0x10E6, 0x10E6, 0x10E5, 0x10E5, 0x10E5, 0x10E6, 0x10E5,
    0x10E6, 0x10E6, 0x10E6, 0x10E5, 0x10E6, 0x10E6, 0x10E6, 0x10E6, 0x10E6, 0x10E6, 0x1106, 0x1106, 0x1106, 0x1106, 0x1106, 0x1106,
    0x1106, 0x1106, 0x10E6, 0x10E6, 0x10E6, 0x1106, 0x1106, 0x1106, 0x10E6, 0x1106, 0x1106, 0x1106, 0x1106, 0x1106, 0x1106, 0x1106,
    0x1106, 0x1106, 0x1106, 0x10E5, 0x10E6, 0x10E6, 0x10E6, 0x10E6, 0x10E6, 0x10E6, 0x10E6, 0x10E6, 0x10E5, 0x10E5, 0x10E5, 0x10E5,
    0x10E5, 0x10E5, 0x10E5, 0x10E6, 0x10E6, 0x10E6, 0x10E6, 0x10E6, 0x10E6, 0x10E5, 0x10E6, 0x10E6, 0x10E5, 0x10E5, 0x10E6, 0x10E6,
    0x10E5, 0x10E5, 0x10E5, 0x10E5, 0x10E5, 0x10E5, 0x10E5, 0x10E5, 0x10E5, 0x10E5, 0x10E6, 0x10E6, 0x10E6, 0x10E6, 0x10E6, 0x10E6,
    0x10E6, 0x10E6, 0x10E6, 0x10E6, 0x1106, 0x10E6, 0x10E6, 0x1106, 0x1106, 0x10E6, 0x10E6, 0x10E6, 0x10E5, 0x10E6, 0x10E6, 0x10E6,
    0x10E6, 0x10E6, 0x10E6, 0x10E5, 0x10E5, 0x10E5, 0x10E5, 0x10E5, 0x10E5, 0x10C5, 0x10E5, 0x10E5, 0x10E5, 0x10E5, 0x10C5, 0x10C5,
    0x10C5, 0x08C5, 0x08C5, 0x08C5, 0x08C5, 0x10C5, 0x10E5, 0x10E5, 0x10E5, 0x10E5, 0x10E5, 0x10E5, 0x10E6, 0x10E6, 0x1946, 0x4289,
    0x4ACC, 0x08C5, 0x1106, 0x0884, 0x0883, 0x0883, 0x0883, 0x0883, 0x0883, 0x0883, 0x0883, 0x0863, 0x0863, 0x0863, 0x0883, 0x0883,
    0x0863, 0x0863, 0x0863, 0x0863, 0x0863, 0x0863, 0x0063, 0x0063, 0x0063, 0x0063, 0x0062, 0x0862, 0x0862, 0x0863, 0x0863, 0x0863,
    0x0063, 0x0062, 0x0862, 0x0863, 0x0863, 0x0863, 0x0863, 0x0863, 0x0063, 0x0863, 0x0863, 0x0863, 0x0063, 0x0863, 0x0863, 0x0863,
    0x0063, 0x0063, 0x0063, 0x0063, 0x0863, 0x0863, 0x0863, 0x0863, 0x0863, 0x0863, 0x0863, 0x0863, 0x0063, 0x0863, 0x0863, 0x0863,
    0x0063, 0x0063, 0x0063, 0x0863, 0x0863, 0x0863, 0x0863, 0x0863, 0x0863, 0x0863, 0x0863, 0x0863, 0x0063, 0x0063, 0x0863, 0x0863,
    0x0863, 0x0863, 0x0883, 0x0883, 0x0883, 0x0883, 0x0883, 0x0883, 0x0883, 0x0883, 0x0863, 0x0883, 0x0883, 0x0863, 0x0063, 0x0883,
    0x0063, 0x0063, 0x0063, 0x0063, 0x0083, 0x0883, 0x0883, 0x0883, 0x0883, 0x0863, 0x0863, 0x0883, 0x0883, 0x0883, 0x0883, 0x0883,
    0x0883, 0x0883, 0x0883, 0x0883, 0x0883, 0x0883, 0x0883, 0x0883, 0x0883, 0x0883, 0x0883, 0x0883, 0x0883, 0x0883, 0x0883, 0x0883,
    0x0883, 0x0883, 0x0883, 0x0883, 0x0883, 0x0883, 0x0883, 0x0883, 0x0883, 0x0883, 0x0883, 0x0883, 0x0883, 0x0883, 0x0883, 0x0883,
    0x0883, 0x0883, 0x0883, 0x0883, 0x0863, 0x0883, 0x0883, 0x0883, 0x0883, 0x0883, 0x0883, 0x0883, 0x0883, 0x0883, 0x0883, 0x0883,
    0x0883, 0x0883, 0x0863, 0x0883, 0x0883, 0x0883, 0x0883, 0x0883, 0x0883, 0x0883, 0x0883, 0x0883, 0x0883, 0x0863, 0x0863, 0x0863,
    0x0083, 0x0883, 0x0883, 0x0883, 0x0883, 0x0883, 0x0883, 0x0883, 0x0883, 0x0883, 0x0883, 0x0063, 0x0883, 0x0883, 0x0883, 0x0883,
    0x0883, 0x0883, 0x0883, 0x0063, 0x0063, 0x0063, 0x0063, 0x0063, 0x0063, 0x0863, 0x0883, 0x0883, 0x0883, 0x0883, 0x0883, 0x0883,
    0x0883, 0x0883, 0x0883, 0x0883, 0x0883, 0x0883, 0x0883, 0x0883, 0x0883, 0x0883, 0x0883, 0x0883, 0x0883, 0x0883, 0x0883, 0x0883,
    0x0883, 0x0883, 0x0883, 0x0883, 0x0883, 0x0883, 0x0883, 0x0883, 0x0883, 0x0883, 0x0883, 0x0883, 0x0863, 0x08A4, 0x08E6, 0x2186,
    0x1927, 0x1126, 0x0883, 0x08A4, 0x08E5, 0x08E5, 0x08E5, 0x08E5, 0x08E5, 0x08E5, 0x08E5, 0x08E5, 0x08C5, 0x08C5, 0x08E5, 0x08E5,
    0x08E5, 0x08C5, 0x08C5, 0x08C5, 0x08C5, 0x08C5, 0x08C5, 0x08C5, 0x08C4, 0x08C5, 0x08C5, 0x08C5, 0x08C5, 0x08C5, 0x08C4, 0x08A4,
    0x08A4, 0x08A4, 0x08A4, 0x08C5, 0x08C5, 0x08C5, 0x08C5, 0x08C5, 0x08C5, 0x08C5, 0x08C5, 0x08C5, 0x08C5, 0x08C5, 0x08C5, 0x08C5,
    0x08C5, 0x08C5, 0x08C5, 0x08C5, 0x08C5, 0x08C5, 0x08C5, 0x08C5, 0x08C5, 0x08C5, 0x08C5, 0x08C5, 0x08C5, 0x08C5, 0x08C5, 0x08C5,
    0x08C5, 0x08C5, 0x08C5, 0x08C5, 0x08C5, 0x08C5, 0x08C5, 0x08C5, 0x08C5, 0x08C5, 0x08C5, 0x08C5, 0x08C5, 0x08C5, 0x08C5, 0x08C5,
    0x08C5, 0x08E5, 0x08C5, 0x08C5, 0x08E5, 0x08C5, 0x08E5, 0x08E5, 0x08C5, 0x08C5, 0x08C5, 0x08C5, 0x08C5, 0x08C5, 0x08C5, 0x08C5,
    0x08C5, 0x08C5, 0x08E5, 0x08E5, 0x08E5, 0x08E5, 0x08E5, 0x08E5, 0x08E5, 0x08E5, 0x08E5, 0x08C5, 0x08E5, 0x08E5, 0x08E5, 0x08E5,
    0x08E5, 0x08E5, 0x08E5, 0x08E5, 0x08E5, 0x08E5, 0x08E5, 0x08C5, 0x08E5, 0x08C5, 0x08C5, 0x08C5, 0x08E5, 0x08E5, 0x08E5, 0x08E5,
    0x08E5, 0x08E5, 0x08E6, 0x08E5, 0x08E6, 0x08E6, 0x08E6, 0x08E6, 0x08E6, 0x08E6, 0x08E6, 0x08E6, 0x08E6, 0x08E5, 0x08E6, 0x08E5,
    0x08E5, 0x08E5, 0x08E5, 0x08E5, 0x08E5, 0x08E5, 0x08E6, 0x08E5, 0x08E6, 0x08E6, 0x08E6, 0x08E5, 0x08E5, 0x08E5, 0x08E6, 0x08E6,
    0x08E6, 0x08E6, 0x08E6, 0x08E6, 0x08E6, 0x08E6, 0x08E6, 0x08E6, 0x08E6, 0x08E6, 0x08E6, 0x08E6, 0x08E6, 0x08E5, 0x08E5, 0x08E5,
    0x08E5, 0x08E6, 0x08E6, 0x08E6, 0x08E6, 0x08E6, 0x08E6, 0x08E6, 0x08E6, 0x08E6, 0x08E6, 0x08E6, 0x08E6, 0x08E6, 0x08E6, 0x08E6,
    0x08E6, 0x08E6, 0x08E6, 0x08E5, 0x08E5, 0x08E5, 0x08E5, 0x08E5, 0x08E5, 0x08E6, 0x08E6, 0x08E6, 0x08E6, 0x08E6, 0x08E6, 0x08E6,
    0x08E5, 0x08E5, 0x08E5, 0x08E6, 0x08E6, 0x08E6, 0x08E6, 0x08E6, 0x08E6, 0x08E6, 0x08E6, 0x08E6, 0x08E6, 0x08E6, 0x08E6, 0x1106,
    0x1106, 0x1106, 0x1106, 0x10E6, 0x1106, 0x1106, 0x10E6, 0x1106, 0x1106, 0x1106, 0x1106, 0x08E6, 0x08E6, 0x0063, 0x08C5, 0x10E6,
    0x1927, 0x10E5, 0x0884, 0x08E6, 0x08C5, 0x08C5, 0x08C5, 0x08C5, 0x08C5, 0x08C5, 0x08C5, 0x08C5, 0x08C5, 0x08C5, 0x08C5, 0x08C5,
    0x08C5, 0x08C5, 0x08C5, 0x08C4, 0x08C4, 0x08C5, 0x08C4, 0x08C4, 0x08C4, 0x08A4, 0x08A4, 0x08C4, 0x08C4, 0x08C4, 0x08C4, 0x08C4,
    0x08C4, 0x08A4, 0x08A4, 0x08C4, 0x08C4, 0x08C5, 0x08C4, 0x08A4, 0x08A4, 0x08A4, 0x08C4, 0x08C4, 0x08C4, 0x08C5, 0x08C5, 0x08C5,
    0x08C5, 0x08C5, 0x08C5, 0x08C5, 0x08C5, 0x08C5, 0x08C5, 0x08C5, 0x08C5, 0x08C5, 0x08C5, 0x08C5, 0x08C5, 0x08C5, 0x08C5, 0x08C5,
    0x08C5, 0x08C5, 0x08C5, 0x08C5, 0x08C5, 0x08C5, 0x08C5, 0x08C5, 0x08C5, 0x08C5, 0x08C5, 0x08C5, 0x08C5, 0x08C5, 0x08C5, 0x08C5,
    0x08C5, 0x08C5, 0x08C5, 0x08C5, 0x08C5, 0x08C5, 0x08C5, 0x08C5, 0x08C5, 0x08C5, 0x08C5, 0x08C5, 0x08C5, 0x08C5, 0x08C5, 0x08C5,
    0x08C5, 0x08C5, 0x08C5, 0x08C5, 0x08C5, 0x08C5, 0x08C5, 0x08C5, 0x08C5, 0x08C5, 0x08C5, 0x08C5, 0x08C5, 0x08C5, 0x08C5, 0x08E5,
    0x08C5, 0x08C5, 0x08C5, 0x08C5, 0x08C5, 0x08C5, 0x08C5, 0x08C5, 0x08C5, 0x08C5, 0x08C5, 0x08C5, 0x08C5, 0x08C5, 0x08C5, 0x08C5,
    0x08C5, 0x08C5, 0x08C5, 0x08E5, 0x08E5, 0x08E5, 0x08E5, 0x08E5, 0x08C5, 0x08C5, 0x08E5, 0x08E5, 0x08C5, 0x08E5, 0x08E5, 0x08C5,
    0x08C5, 0x08C5, 0x08C5, 0x08C5, 0x08C5, 0x08C5, 0x08C5, 0x08C5, 0x08C5, 0x08C5, 0x08C5, 0x08C5, 0x08C5, 0x08C5, 0x08C5, 0x08C5,
    0x08E5, 0x08E5, 0x08E5, 0x08E5, 0x08C5, 0x08E5, 0x08E5, 0x08E5, 0x08C5, 0x08C5, 0x08E5, 0x08E5, 0x08C5, 0x08C5, 0x08C5, 0x08E5,
    0x08C5, 0x08E5, 0x08E5, 0x08E5, 0x08E5, 0x08E5, 0x08E5, 0x08E5, 0x08E5, 0x08E5, 0x08E5, 0x08E5, 0x08E5, 0x08E5, 0x08E5, 0x08E5,
    0x08E5, 0x08E5, 0x08E5, 0x08E5, 0x08E5, 0x08C5, 0x08E5, 0x08E5, 0x08E5, 0x08E5, 0x08E5, 0x08E5, 0x08E5, 0x08E5, 0x08E5, 0x08E5,
    0x08C5, 0x08E5, 0x08E5, 0x08E5, 0x08E5, 0x08E5, 0x08E5, 0x08E5, 0x08E5, 0x08E5, 0x08E5, 0x08E5, 0x08E5, 0x08E5, 0x10E6, 0x10E6,
    0x10E6, 0x10E6, 0x10E6, 0x10E6, 0x10E6, 0x10E6, 0x08E6, 0x08E6, 0x08E6, 0x08E6, 0x08E6, 0x08E5, 0x08E6, 0x08E5, 0x0883, 0x10E6,
    0x1927, 0x08C4, 0x08A5, 0x08C5, 0x08C5, 0x08C5, 0x08C5, 0x08C5, 0x08C5, 0x08C5, 0x08C5, 0x08C5, 0x08C5, 0x08C5, 0x08C5, 0x08C5,
    0x08C5, 0x08C5, 0x08C5, 0x08C5, 0x08C5, 0x08C5, 0x08A5, 0x08A4, 0x08A4, 0x08A4, 0x08A4, 0x08A4, 0x08C4, 0x08C4, 0x08C4, 0x08C4,
    0x08C4, 0x08A4, 0x08A4, 0x08C4, 0x08C4, 0x08C5, 0x08C5, 0x08C4, 0x08C4, 0x08C4, 0x08C5, 0x08C5, 0x08C5, 0x08C5, 0x08C5, 0x08C5,
    0x08C5, 0x08C5, 0x08C5, 0x08C5, 0x08C5, 0x08C5, 0x08C5, 0x08C5, 0x08C5, 0x08C5, 0x08C5, 0x08C5, 0x08C5, 0x08C5, 0x08C5, 0x08C5,
    0x08C5, 0x08C5, 0x08C5, 0x08C5, 0x08C5, 0x08C5, 0x08C5, 0x08C5, 0x08C5, 0x08C5, 0x08C5, 0x08C5, 0x08C5, 0x08C5, 0x08C5, 0x08C5,
    0x08C5, 0x08C5, 0x08C5, 0x08C5, 0x08C5, 0x08E5, 0x08C5, 0x08C5, 0x08C5, 0x08C5, 0x08C5, 0x08C5, 0x08C5, 0x08C5, 0x08C5, 0x08C5,
    0x08C5, 0x08C5, 0x08C5, 0x08C5, 0x08C5, 0x08C5, 0x08C5, 0x08E5, 0x08C5, 0x08C5, 0x08C5, 0x08C5, 0x08C5, 0x08C5, 0x08E5, 0x08E5,
    0x08E5, 0x08C5, 0x08C5, 0x08C5, 0x08C5, 0x08C5, 0x08C5, 0x08C5, 0x08C5, 0x08E5, 0x08C5, 0x08C5, 0x08C5, 0x08C5, 0x08C5, 0x08C5,
    0x08C5, 0x08E5, 0x08E5, 0x08E5, 0x08E5, 0x08E5, 0x08E5, 0x08E5, 0x08E5, 0x08C5, 0x08E5, 0x08E5, 0x08E5, 0x08E5, 0x08E5, 0x08C5,
    0x08C5, 0x08C5, 0x08C5, 0x08C5, 0x08C5, 0x08C5, 0x08C5, 0x08C5, 0x08C5, 0x08C5, 0x08E5, 0x08C5, 0x08C5, 0x08E5, 0x08C5, 0x08E5,
    0x08E5, 0x08E5, 0x08E5, 0x08E5, 0x08E5, 0x08E5, 0x08E5, 0x08E5, 0x08E5, 0x08E5, 0x08E5, 0x08E5, 0x08E5, 0x08E5, 0x08E5, 0x08C5,
    0x08E5, 0x08E5, 0x08E5, 0x08E5, 0x08E6, 0x08E6, 0x08E5, 0x08E5, 0x08E5, 0x08E5, 0x08E5, 0x08E5, 0x08E5, 0x08E5, 0x08E5, 0x08E5,
    0x08E5, 0x08E5, 0x08E5, 0x08E5, 0x08E5, 0x08E5, 0x08E5, 0x08E5, 0x08E5, 0x08E5, 0x08E5, 0x08E5, 0x08E5, 0x08E5, 0x08E5, 0x08E5,
    0x08E5, 0x08E5, 0x08E5, 0x08E5, 0x08E5, 0x08E5, 0x08E5, 0x08E5, 0x08E5, 0x08E5, 0x08E5, 0x10E6, 0x08E5, 0x08E6, 0x08E6, 0x10E6,
    0x10E6, 0x10E6, 0x10E6, 0x10E6, 0x10E6, 0x08E6, 0x08E6, 0x10E6, 0x08E6, 0x10E6, 0x08E6, 0x08E6, 0x08E6, 0x08E6, 0x0883, 0x08E5,
    0x1127, 0x08C4, 0x08A5, 0x08E5, 0x08C5, 0x08C5, 0x08C5, 0x08C5, 0x08C5, 0x08C5, 0x08C5, 0x08C5, 0x08C5, 0x08C5, 0x08C5, 0x08C5,
    0x08C5, 0x08C5, 0x08C5, 0x08C5, 0x08C5, 0x08A5, 0x08A4, 0x08A4, 0x08A4, 0x08A4, 0x08A4, 0x08A4, 0x08A4, 0x08A4, 0x08A4, 0x08A4,
    0x08C4, 0x08A4, 0x08C4, 0x08C4, 0x08C4, 0x08C5, 0x08C5, 0x08C5, 0x08C5, 0x08C5, 0x08C5, 0x08C5, 0x08C5, 0x08C5, 0x08C5, 0x08C5,
    0x08C5, 0x08C5, 0x08C5, 0x08C5, 0x08C5, 0x08C5, 0x08C5, 0x08C5, 0x08C5, 0x08C5, 0x08C5, 0x08C5, 0x08C5, 0x08C5, 0x08C5, 0x08C5,
    0x08C5, 0x08C5, 0x08C5, 0x08C5, 0x08C5, 0x08C5, 0x08C5, 0x08C5, 0x08C5, 0x08C5, 0x08C5, 0x08C5, 0x08C5, 0x08C5, 0x08C5, 0x08C5,
    0x08C5, 0x08C5, 0x08C5, 0x08C5, 0x08C5, 0x08E5, 0x08C5, 0x08C5, 0x08C5, 0x08C5, 0x08C5, 0x08C5, 0x08C5, 0x08C5, 0x08C5, 0x08C5,
    0x08C5, 0x08C5, 0x08C5, 0x08C5, 0x08C5, 0x08E5, 0x08E5, 0x08C5, 0x08E5, 0x08C5, 0x08C5, 0x08C5, 0x08C5, 0x08C5, 0x08E5, 0x08E5,
    0x08E5, 0x08E5, 0x08C5, 0x08C5, 0x08C5, 0x08C5, 0x08C5, 0x08C5, 0x08C5, 0x08C5, 0x08C5, 0x08C5, 0x08C5, 0x08C5, 0x08C5, 0x08C5,
    0x08E5, 0x08E5, 0x08E5, 0x08E5, 0x08E5, 0x08E5, 0x08E5, 0x08C5, 0x08E5, 0x08E5, 0x08E5, 0x08E5, 0x08E5, 0x08E5, 0x08E5, 0x08E5,
    0x08E5, 0x08E5, 0x08E5, 0x08E5, 0x08C5, 0x08C5, 0x08C5, 0x08C5, 0x08C5, 0x08C5, 0x08E5, 0x08C5, 0x08C5, 0x08C5, 0x08C5, 0x08C5,
    0x08E5, 0x08E5, 0x08E5, 0x08E5, 0x08E5, 0x08E5, 0x08E5, 0x08E5, 0x08E6, 0x08E6, 0x08E6, 0x08E5, 0x08E5, 0x08E5, 0x08E5, 0x08E5,
    0x08E5, 0x08E6, 0x08E5, 0x08E6, 0x08E6, 0x08E6, 0x08E6, 0x08E6, 0x08E6, 0x08E6, 0x08E6, 0x08E6, 0x08E5, 0x08E5, 0x08E6, 0x08E6,
    0x08E5, 0x08E5, 0x08E5, 0x08E5, 0x08E5, 0x08E5, 0x08E5, 0x08E6, 0x08E6, 0x08E6, 0x08E5, 0x08E5, 0x08E5, 0x08E5, 0x08E5, 0x08C5,
    0x08E5, 0x08E5, 0x08E5, 0x08E5, 0x08E5, 0x08E5, 0x08E5, 0x08E5, 0x08E5, 0x08E5, 0x08E6, 0x08E6, 0x08E6, 0x08E6, 0x08E6, 0x08E6,
    0x08E6, 0x08E6, 0x08E6, 0x08E6, 0x08E6, 0x08E6, 0x08E6, 0x10E6, 0x10E6, 0x08E6, 0x08E6, 0x08E6, 0x08E6, 0x08E6, 0x0884, 0x08C5,
    0x1127, 0x08A4, 0x08A5, 0x08E5, 0x08C5, 0x08C5, 0x08C5, 0x08C5, 0x08E5, 0x08C5, 0x08E5, 0x08E5, 0x08E5, 0x08C5, 0x08C5, 0x08C5,
    0x08C5, 0x08C5, 0x08C5, 0x08C5, 0x08C5, 0x08C5, 0x08C5, 0x08C5, 0x08C5, 0x08C5, 0x08C5, 0x08C5, 0x08C5, 0x08C5, 0x08C5, 0x08C5,
    0x08C5, 0x08C5, 0x08C5, 0x08C5, 0x08C5, 0x08C5, 0x08C5, 0x08C5, 0x08C5, 0x08C5, 0x08C5, 0x08C5, 0x08C5, 0x08C5, 0x08C5, 0x08C5,
    0x08C5, 0x08C5, 0x08C5, 0x08C5, 0x08C5, 0x08C5, 0x08C5, 0x08E5, 0x08C5, 0x08C5, 0x08C5, 0x08C5, 0x08C5, 0x08C5, 0x08C5, 0x08C5,
    0x08C5, 0x08C5, 0x08C5, 0x08C5, 0x08C5, 0x08C5, 0x08C5, 0x08C5, 0x08C5, 0x08C5, 0x08C5, 0x08C5, 0x08C5, 0x08C5, 0x08C5, 0x08C5,
    0x08C5, 0x08C5, 0x08C5, 0x08C5, 0x08C5, 0x08E5, 0x08C5, 0x08C5, 0x08C5, 0x08C5, 0x08C5, 0x08C5, 0x08C5, 0x08C5, 0x08C5, 0x08C5,
    0x08C5, 0x08C5, 0x08C5, 0x08C5, 0x08C5, 0x08E5, 0x08C5, 0x08E5, 0x08C5, 0x08C5, 0x08C5, 0x08C5, 0x08C5, 0x08C5, 0x08C5, 0x08C5,
    0x08C5, 0x08C5, 0x08C5, 0x08C5, 0x08C5, 0x08C5, 0x08C5, 0x08C5, 0x08C5, 0x08C5, 0x08C5, 0x08C5, 0x08C5, 0x08C5, 0x08C5, 0x08C5,
    0x08C5, 0x08E5, 0x08E5, 0x08E5, 0x08E5, 0x08E5, 0x08E5, 0x08C5, 0x08E5, 0x08E5, 0x08C5, 0x08C5, 0x08E5, 0x08E5, 0x08E5, 0x08E5,
    0x08E5, 0x08E5, 0x08E5, 0x08E5, 0x08C5, 0x08C5, 0x08C5, 0x08C5, 0x08C5, 0x08C5, 0x08C5, 0x08C5, 0x08C5, 0x08C5, 0x08C5, 0x08C5,
    0x08C5, 0x08C5, 0x08C5, 0x08C5, 0x08C5, 0x08E5, 0x08C5, 0x08E5, 0x08E5, 0x08E5, 0x08E5, 0x08E5, 0x08C5, 0x08E5, 0x08C5, 0x08E5,
    0x08E5, 0x08E5, 0x08E5, 0x08E5, 0x08E5, 0x08E5, 0x08E5, 0x08E5, 0x08E5, 0x08E5, 0x08E5, 0x08E5, 0x08E5, 0x08E5, 0x08E5, 0x08E5,
    0x08E5, 0x08E5, 0x08E5, 0x08E5, 0x08E5, 0x08E5, 0x08E5, 0x08E6, 0x08E6, 0x08E6, 0x08E6, 0x08E6, 0x08E5, 0x08E6, 0x08E6, 0x08E6,
    0x08E5, 0x08E5, 0x08E6, 0x08E6, 0x08E5, 0x08E6, 0x08E6, 0x08E5, 0x08E5, 0x08E5, 0x08E5, 0x08E5, 0x08E5, 0x08E6, 0x08E6, 0x08E6,
    0x08E6, 0x08E6, 0x08E6, 0x08E6, 0x08E6, 0x08E6, 0x10E6, 0x10E6, 0x10E6, 0x08E6, 0x08E6, 0x08E6, 0x08E6, 0x08E6, 0x0884, 0x08C5,
    0x1127, 0x08C4, 0x08A5, 0x08E5, 0x08E5, 0x08C5, 0x08C5, 0x08C5, 0x08A5, 0x00A5, 0x00A5, 0x00A5, 0x00A5, 0x0085, 0x0085, 0x0085,
    0x0085, 0x0084, 0x0084, 0x0084, 0x0084, 0x0084, 0x0084, 0x0064, 0x0064, 0x0064, 0x0064, 0x0064, 0x0064, 0x0064, 0x0064, 0x0064,
    0x0064, 0x0064, 0x0084, 0x0084, 0x0084, 0x0084, 0x0084, 0x0084, 0x0084, 0x0084, 0x0084, 0x0084, 0x0084, 0x0084, 0x0084, 0x0084,
    0x0084, 0x0084, 0x0084, 0x0084, 0x0084, 0x0084, 0x0085, 0x00A5, 0x0085, 0x00A5, 0x00A5, 0x00A5, 0x00A5, 0x0085, 0x0085, 0x00A5,
    0x0085, 0x0085, 0x0084, 0x0084, 0x0084, 0x0084, 0x0085, 0x0085, 0x0085, 0x0085, 0x00A5, 0x00A5, 0x00A5, 0x00A5, 0x00A5, 0x00A5,
    0x00A5, 0x00A5, 0x00A5, 0x00A5, 0x00A5, 0x00A5, 0x00A5, 0x00A5, 0x00A5, 0x00A5, 0x00A5, 0x00A5, 0x00A5, 0x00A5, 0x00A5, 0x00A5,
    0x00C6, 0x00C6, 0x00C6, 0x00C6, 0x00C6, 0x00C6, 0x00C6, 0x00C6, 0x00C6, 0x00C6, 0x00E7, 0x00E7, 0x00E7, 0x00E7, 0x00E7, 0x00E7,
    0x00E7, 0x00E7, 0x00E7, 0x00E7, 0x00E7, 0x00E7, 0x00E7, 0x00E7, 0x00E7, 0x00E6, 0x00C6, 0x00C6, 0x00E6, 0x00C6, 0x00C7, 0x00E7,
    0x00E7, 0x00E7, 0x00E7, 0x00E7, 0x00E7, 0x00E7, 0x00E7, 0x00E7, 0x00E7, 0x00E7, 0x00E7, 0x00E7, 0x00E7, 0x00E7, 0x00E7, 0x00E7,
    0x00E7, 0x00E7, 0x00E7, 0x00E7, 0x00E7, 0x00C7, 0x00C6, 0x00C6, 0x00C6, 0x00E7, 0x00E7, 0x00E7, 0x00C6, 0x00C6, 0x00C6, 0x00C6,
    0x00C6, 0x00C6, 0x00C6, 0x00C6, 0x00E7, 0x00E6, 0x00E7, 0x00E7, 0x00E7, 0x00E7, 0x00E7, 0x00E7, 0x00E7, 0x00E7, 0x00E7, 0x00E7,
    0x00E7, 0x00E7, 0x00E7, 0x00E6, 0x00C6, 0x00C6, 0x00C6, 0x00C6, 0x00E6, 0x00C6, 0x00C6, 0x00C6, 0x00C6, 0x00C6, 0x00C6, 0x00C6,
    0x00C6, 0x00C6, 0x00A5, 0x00A5, 0x00C5, 0x00C6, 0x00C6, 0x00C6, 0x00C6, 0x00C6, 0x00C6, 0x00C6, 0x00C6, 0x00C5, 0x00C6, 0x00C6,
    0x00A5, 0x00A6, 0x00A5, 0x00A5, 0x00A5, 0x00C5, 0x00A6, 0x00C5, 0x00C5, 0x00C6, 0x00A5, 0x00A5, 0x00A5, 0x00A5, 0x00A5, 0x00A5,
    0x00A5, 0x00A6, 0x00A6, 0x00A6, 0x00C6, 0x00C6, 0x00C6, 0x08A5, 0x08E5, 0x08E6, 0x08E6, 0x08E6, 0x08E6, 0x08E6, 0x0884, 0x08C5,
    0x1927, 0x08C5, 0x08A5, 0x08E6, 0x08E5, 0x08E5, 0x08E6, 0x0884, 0x0064, 0x09F0, 0x09F0, 0x09F0, 0x09D0, 0x09CF, 0x09AF, 0x09AF,
    0x09AE, 0x09AE, 0x09AE, 0x09AE, 0x09AE, 0x098D, 0x098D, 0x098D, 0x098D, 0x098D, 0x098D, 0x018D, 0x018D, 0x018D, 0x098D, 0x098D,
    0x098D, 0x09AD, 0x09AE, 0x01AE, 0x01AE, 0x01AE, 0x01AE, 0x01AE, 0x01AE, 0x01AE, 0x01AE, 0x01CE, 0x01CE, 0x01CE, 0x01AE, 0x01AE,
    0x01CE, 0x01CF, 0x01CF, 0x01CF, 0x01CF, 0x01CF, 0x01EF, 0x01EF, 0x01EF, 0x01EF, 0x01EF, 0x01F0, 0x01F0, 0x01F0, 0x01F0, 0x0210,
    0x0210, 0x0210, 0x0210, 0x0210, 0x0210, 0x0210, 0x0211, 0x0210, 0x0210, 0x0211, 0x0231, 0x0211, 0x0231, 0x0231, 0x0231, 0x0232,
    0x0252, 0x0252, 0x0252, 0x0232, 0x0231, 0x0231, 0x0231, 0x0231, 0x0231, 0x0231, 0x0231, 0x0231, 0x0231, 0x0231, 0x0231, 0x0231,
    0x0252, 0x0252, 0x0252, 0x0272, 0x0272, 0x0272, 0x0252, 0x0252, 0x0273, 0x0273, 0x0294, 0x02B4, 0x02B4, 0x02B4, 0x02B4, 0x0294,
    0x0294, 0x0294, 0x0294, 0x0294, 0x0294, 0x0294, 0x0294, 0x0294, 0x0294, 0x0294, 0x0294, 0x0294, 0x0294, 0x0294, 0x0294, 0x0294,
    0x0294, 0x0294, 0x0294, 0x0294, 0x0294, 0x0294, 0x0294, 0x02B4, 0x0294, 0x0294, 0x0294, 0x0294, 0x0294, 0x0294, 0x0294, 0x0294,
    0x0294, 0x0294, 0x0294, 0x0294, 0x0294, 0x0294, 0x0294, 0x0294, 0x0294, 0x0294, 0x0294, 0x0294, 0x0294, 0x0294, 0x0294, 0x0294,
    0x02B4, 0x02B4, 0x0294, 0x0294, 0x0294, 0x0294, 0x0294, 0x0294, 0x0294, 0x0294, 0x0294, 0x02B4, 0x02B4, 0x0294, 0x0294, 0x0294,
    0x0294, 0x0294, 0x0273, 0x0273, 0x0273, 0x0293, 0x0293, 0x0294, 0x0273, 0x0273, 0x0273, 0x0272, 0x0272, 0x0272, 0x0252, 0x0272,
    0x0A72, 0x0A72, 0x0252, 0x0A72, 0x0A72, 0x0A52, 0x0252, 0x0252, 0x0252, 0x0273, 0x0252, 0x0252, 0x0A52, 0x0A52, 0x0A52, 0x0A52,
    0x0A52, 0x0A52, 0x0A52, 0x0A52, 0x0A52, 0x0A52, 0x0A52, 0x0A52, 0x0A52, 0x0A52, 0x0A52, 0x0A52, 0x0A32, 0x0A32, 0x0A31, 0x0A31,
    0x0A31, 0x0A31, 0x0A32, 0x0A52, 0x0A52, 0x0A52, 0x0A73, 0x012A, 0x0063, 0x0906, 0x08E6, 0x08E6, 0x08E6, 0x08E6, 0x0884, 0x08C5,
    0x1127, 0x08C5, 0x08C5, 0x08E6, 0x08E5, 0x08C5, 0x08E6, 0x0083, 0x00C7, 0x2C5F, 0x345F, 0x345F, 0x345F, 0x2C5F, 0x2C3F, 0x243F,
    0x243F, 0x243F, 0x243F, 0x243F, 0x243F, 0x243F, 0x243F, 0x243F, 0x1C3F, 0x1C3F, 0x1C3F, 0x1C3F, 0x1C3F, 0x1C3F, 0x1C3F, 0x1C3F,
    0x1C3F, 0x1C3F, 0x1C3F, 0x1C3F, 0x1C3F, 0x1C3F, 0x1C3F, 0x1C3E, 0x1C3E, 0x1C3E, 0x1C3E, 0x1C3E, 0x1C3E, 0x143E, 0x143E, 0x143E,
    0x1C3E, 0x143E, 0x143E, 0x143E, 0x143E, 0x143E, 0x143E, 0x143E, 0x143E, 0x143E, 0x143E, 0x143E, 0x143E, 0x143E, 0x143E, 0x143E,
    0x143E, 0x145E, 0x145E, 0x145E, 0x143E, 0x145E, 0x145E, 0x145E, 0x145E, 0x145E, 0x145E, 0x143E, 0x143E, 0x143E, 0x143E, 0x143E,
    0x143E, 0x143E, 0x145E, 0x145E, 0x145E, 0x145E, 0x145E, 0x145E, 0x145E, 0x145E, 0x143E, 0x143E, 0x143E, 0x143E, 0x143E, 0x143E,
    0x145E, 0x145E, 0x145E, 0x145E, 0x145E, 0x143E, 0x143E, 0x143E, 0x143E, 0x145E, 0x145D, 0x145D, 0x145D, 0x145D, 0x145D, 0x143D,
    0x143D, 0x143D, 0x143D, 0x143D, 0x143D, 0x143D, 0x143D, 0x143D, 0x143D, 0x143D, 0x143D, 0x143D, 0x143D, 0x143D, 0x143D, 0x143D,
    0x143D, 0x143D, 0x143D, 0x143D, 0x143D, 0x143D, 0x145D, 0x145D, 0x143D, 0x145D, 0x145D, 0x143D, 0x143D, 0x143D, 0x143D, 0x143D,
    0x143D, 0x143D, 0x143D, 0x145D, 0x145D, 0x143D, 0x143D, 0x143D, 0x143D, 0x143D, 0x143D, 0x143D, 0x143D, 0x145D, 0x143D, 0x145D,
    0x145D, 0x145D, 0x143D, 0x143D, 0x143D, 0x143D, 0x143D, 0x143D, 0x143D, 0x143D, 0x143D, 0x143D, 0x143D, 0x143E, 0x143E, 0x143E,
    0x143E, 0x143E, 0x143E, 0x143E, 0x143E, 0x143E, 0x143E, 0x143E, 0x143E, 0x143E, 0x143E, 0x143E, 0x143E, 0x143E, 0x145E, 0x145E,
    0x1C5E, 0x1C5E, 0x1C5E, 0x1C5E, 0x1C3E, 0x1C3E, 0x1C3E, 0x1C3E, 0x1C3E, 0x1C3E, 0x1C3E, 0x1C3E, 0x1C3E, 0x1C3E, 0x1C3E, 0x1C3E,
    0x1C3E, 0x1C3E, 0x1C3E, 0x1C3E, 0x1C3F, 0x1C5F, 0x1C5F, 0x245F, 0x245F, 0x245F, 0x245F, 0x245F, 0x245F, 0x243F, 0x243F, 0x243F,
    0x243F, 0x243F, 0x245F, 0x245F, 0x245F, 0x2C5F, 0x34BF, 0x0A52, 0x0063, 0x08E6, 0x08E6, 0x08E6, 0x08E6, 0x08E6, 0x0884, 0x08C5,
    0x1127, 0x08C5, 0x08C5, 0x08E5, 0x08E5, 0x08C5, 0x08E6, 0x0063, 0x00C8, 0x2C3F, 0x345F, 0x2C3F, 0x2C3E, 0x2C1E, 0x241E, 0x241E,
    0x241E, 0x23FE, 0x23FE, 0x23FE, 0x23FE, 0x23FE, 0x23FD, 0x23FD, 0x1BFD, 0x1BFD, 0x1BFD, 0x1BFD, 0x1BFD, 0x1BFD, 0x1BFD, 0x1BFD,
    0x1BFD, 0x1BFD, 0x1BFD, 0x1BFD, 0x1BFD, 0x1BFD, 0x1BFD, 0x1BFD, 0x1BFD, 0x1BFD, 0x1BFD, 0x1BFD, 0x13FD, 0x13FD, 0x13FC, 0x13FC,
    0x13FC, 0x13FD, 0x13FC, 0x13FC, 0x13FC, 0x13FC, 0x13FC, 0x13FC, 0x13FC, 0x13FC, 0x13FC, 0x13FC, 0x13FC, 0x13FC, 0x13FC, 0x141C,
    0x141C, 0x141C, 0x141C, 0x141C, 0x141C, 0x141C, 0x141C, 0x141C, 0x141C, 0x141C, 0x141C, 0x141C, 0x141C, 0x141C, 0x141C, 0x141C,
    0x141C, 0x141C, 0x141C, 0x141C, 0x141C, 0x141C, 0x141C, 0x141C, 0x141C, 0x141C, 0x141C, 0x141C, 0x141C, 0x141C, 0x141C, 0x141C,
    0x141C, 0x141C, 0x141C, 0x141C, 0x141C, 0x141C, 0x141C, 0x141C, 0x141C, 0x141C, 0x141C, 0x141C, 0x141C, 0x141C, 0x141C, 0x141C,
    0x141C, 0x141C, 0x141C, 0x141C, 0x141C, 0x141C, 0x141C, 0x141C, 0x141C, 0x141C, 0x141C, 0x141C, 0x141C, 0x141C, 0x141C, 0x141C,
    0x141C, 0x141C, 0x141C, 0x141C, 0x141C, 0x141C, 0x141C, 0x141C, 0x141C, 0x141C, 0x141C, 0x141C, 0x141C, 0x141C, 0x141C, 0x141C,
    0x141C, 0x141C, 0x141C, 0x141C, 0x141C, 0x141C, 0x141C, 0x141C, 0x141C, 0x141C, 0x141C, 0x141C, 0x141C, 0x141C, 0x141C, 0x141C,
    0x141C, 0x141C, 0x141C, 0x141C, 0x141C, 0x141C, 0x141C, 0x141C, 0x141C, 0x141C, 0x141C, 0x141C, 0x141C, 0x141C, 0x141C, 0x141C,
    0x141C, 0x141C, 0x141C, 0x141C, 0x141C, 0x141C, 0x141C, 0x141C, 0x141C, 0x141C, 0x141C, 0x141C, 0x141C, 0x141C, 0x1C1C, 0x141C,
    0x1C1C, 0x1C1C, 0x1C1C, 0x1C1C, 0x1C1C, 0x1C1C, 0x1C1C, 0x1C1C, 0x1C1D, 0x1C1D, 0x1C1D, 0x1C1D, 0x1C1D, 0x1C1D, 0x1C1D, 0x1C1D,
    0x1C1D, 0x1C1D, 0x1C1D, 0x1C1D, 0x1C1D, 0x1C1D, 0x241D, 0x241D, 0x241D, 0x241D, 0x241D, 0x241D, 0x241D, 0x241D, 0x241D, 0x241D,
    0x241D, 0x241D, 0x241E, 0x241E, 0x2C3E, 0x2C3E, 0x2C9F, 0x0A31, 0x0063, 0x08E6, 0x08E6, 0x08E6, 0x08E6, 0x08E6, 0x0884, 0x08C5,
    0x1127, 0x08C5, 0x08C5, 0x08E5, 0x08C5, 0x08C5, 0x08E6, 0x0883, 0x00E8, 0x2C5F, 0x345F, 0x2C5F, 0x2C3E, 0x2C1E, 0x2C1E, 0x241E,
    0x241E, 0x241E, 0x241E, 0x241E, 0x241E, 0x23FE, 0x23FE, 0x1C1D, 0x1C1D, 0x1C1D, 0x1C1D, 0x1C1D, 0x1C1D, 0x1BFD, 0x1C1D, 0x1C1D,
    0x1BFD, 0x1BFD, 0x1BFD, 0x1BFD, 0x1BFD, 0x1BFD, 0x1BFD, 0x1BFD, 0x1BFD, 0x1BFD, 0x1C1D, 0x1C1D, 0x141D, 0x141D, 0x141D, 0x141D,
    0x141D, 0x141D, 0x141D, 0x141D, 0x141D, 0x141D, 0x141D, 0x141D, 0x141D, 0x141D, 0x141D, 0x141D, 0x141C, 0x141C, 0x141C, 0x141C,
    0x141C, 0x141D, 0x141D, 0x141C, 0x141C, 0x141C, 0x141C, 0x141D, 0x141D, 0x141C, 0x141D, 0x141D, 0x141C, 0x141C, 0x141D, 0x141D,
    0x141C, 0x141C, 0x141C, 0x143D, 0x143D, 0x143D, 0x141D, 0x141D, 0x143D, 0x141D, 0x141C, 0x141C, 0x141C, 0x141C, 0x141C, 0x141C,
    0x141C, 0x141C, 0x141C, 0x141C, 0x141C, 0x141C, 0x141C, 0x141C, 0x141C, 0x141C, 0x141C, 0x141C, 0x143C, 0x143D, 0x141C, 0x141C,
    0x141C, 0x141C, 0x141C, 0x141C, 0x141C, 0x141C, 0x141C, 0x141C, 0x141C, 0x141C, 0x141C, 0x141C, 0x141C, 0x141C, 0x141C, 0x141C,
    0x141C, 0x141C, 0x141C, 0x141C, 0x141C, 0x141C, 0x141C, 0x141C, 0x143C, 0x141C, 0x141C, 0x141C, 0x141C, 0x141C, 0x141C, 0x141C,
    0x141C, 0x141C, 0x141C, 0x141C, 0x141C, 0x141C, 0x141C, 0x141C, 0x141C, 0x141C, 0x141C, 0x141C, 0x141C, 0x141C, 0x141C, 0x141C,
    0x141C, 0x141C, 0x141C, 0x141C, 0x141C, 0x141C, 0x141C, 0x141C, 0x141C, 0x141C, 0x141C, 0x141C, 0x141C, 0x141C, 0x141C, 0x141C,
    0x141D, 0x141D, 0x141D, 0x141D, 0x141D, 0x141D, 0x143D, 0x143D, 0x141D, 0x141D, 0x141D, 0x141C, 0x141D, 0x141D, 0x141D, 0x1C3D,
    0x1C3D, 0x1C1D, 0x1C1D, 0x1C1D, 0x1C1D, 0x1C1D, 0x1C1D, 0x1C1D, 0x1C1D, 0x1C1D, 0x1C1D, 0x1C1D, 0x1C1D, 0x1C1D, 0x1C1D, 0x1C1D,
    0x1C1D, 0x1C1D, 0x1C1D, 0x1C1D, 0x1C1D, 0x1C1D, 0x243D, 0x241D, 0x241D, 0x241D, 0x241D, 0x241D, 0x241D, 0x241D, 0x241D, 0x241E,
    0x241E, 0x243E, 0x243E, 0x243E, 0x2C5E, 0x2C5E, 0x2C9F, 0x0A31, 0x0063, 0x08E6, 0x08E6, 0x08E6, 0x08E6, 0x08E6, 0x0884, 0x08C5,
    0x1127, 0x08C5, 0x08C5, 0x08E5, 0x08C5, 0x08C5, 0x08E6, 0x0883, 0x00E9, 0x2C5F, 0x2C5F, 0x2C3E, 0x2C3E, 0x2C1E, 0x2C1E, 0x2C1E,
    0x241E, 0x241E, 0x241E, 0x241E, 0x241E, 0x23FE, 0x1C1D, 0x1C1D, 0x1C1D, 0x1C1D, 0x1C1D, 0x1C1D, 0x1BFD, 0x1C1D, 0x1BFD, 0x1BFD,
    0x1C1D, 0x1BFD, 0x1BFD, 0x1BFD, 0x1BFD, 0x1BFD, 0x1BFD, 0x1BFD, 0x1BFD, 0x1BFD, 0x1BFD, 0x1C1D, 0x141D, 0x141D, 0x141D, 0x141D,
    0x141D, 0x141D, 0x141D, 0x141D, 0x141D, 0x141C, 0x141C, 0x141C, 0x141C, 0x141C, 0x141D, 0x141C, 0x141C, 0x141C, 0x141C, 0x141C,
    0x141C, 0x141C, 0x141C, 0x141C, 0x141C, 0x141C, 0x141C, 0x141D, 0x141C, 0x141C, 0x141C, 0x141C, 0x141C, 0x141C, 0x141C, 0x141C,
    0x141C, 0x141C, 0x143D, 0x143D, 0x143D, 0x143D, 0x143D, 0x141D, 0x141C, 0x141C, 0x141C, 0x141C, 0x141C, 0x141C, 0x141C, 0x141C,
    0x141C, 0x141C, 0x141C, 0x141C, 0x141C, 0x141C, 0x141C, 0x141C, 0x141C, 0x141C, 0x141C, 0x141C, 0x141C, 0x141C, 0x141C, 0x141C,
    0x141C, 0x141C, 0x141C, 0x141C, 0x141C, 0x141C, 0x141C, 0x141C, 0x141C, 0x141C, 0x141C, 0x141C, 0x141C, 0x141C, 0x141C, 0x141C,
    0x141C, 0x141C, 0x141C, 0x141C, 0x141C, 0x141C, 0x141C, 0x141C, 0x141C, 0x141C, 0x141C, 0x141C, 0x141C, 0x141C, 0x141C, 0x141C,
    0x141C, 0x141C, 0x141C, 0x141C, 0x141C, 0x141C, 0x141C, 0x141C, 0x141C, 0x141C, 0x141C, 0x141C, 0x141C, 0x141C, 0x141C, 0x141C,
    0x141C, 0x141C, 0x141C, 0x141C, 0x141C, 0x141C, 0x141C, 0x141C, 0x141C, 0x141C, 0x141C, 0x141C, 0x141C, 0x141C, 0x141C, 0x141C,
    0x141C, 0x141C, 0x141C, 0x141D, 0x1C1D, 0x141D, 0x141D, 0x1C1D, 0x143D, 0x1C1D, 0x141C, 0x1C3D, 0x141C, 0x141C, 0x141C, 0x1C1D,
    0x1C1D, 0x1C1D, 0x1C1D, 0x1C1D, 0x1C1C, 0x1C1D, 0x1C1C, 0x1C1D, 0x1C1C, 0x1C1D, 0x1C1D, 0x1C1D, 0x1C1D, 0x1C1D, 0x1C1D, 0x1C1D,
    0x1C1D, 0x1C1D, 0x1C1D, 0x1C1D, 0x1C1D, 0x1C1D, 0x241D, 0x241D, 0x241D, 0x241D, 0x241D, 0x241D, 0x241D, 0x241D, 0x241D, 0x241D,
    0x241E, 0x241E, 0x243E, 0x2C3E, 0x2C3E, 0x2C5E, 0x2C9F, 0x0A31, 0x0063, 0x08E6, 0x08E6, 0x08E6, 0x08E6, 0x08E6, 0x0884, 0x08C5,
    0x1127, 0x08C5, 0x08A5, 0x08C5, 0x08C5, 0x08C5, 0x08E6, 0x0883, 0x00E9, 0x2C3F, 0x2C3E, 0x2C3E, 0x2C3E, 0x2C1E, 0x2C1E, 0x241E,
    0x241E, 0x241E, 0x23FE, 0x241E, 0x241D, 0x241D, 0x241D, 0x1C1D, 0x1C1D, 0x1C1D, 0x1C1D, 0x1C1D, 0x1BFD, 0x1BFD, 0x1BFD, 0x1BFD,
    0x1BFD, 0x1BFD, 0x1BFD, 0x1BFD, 0x1BFD, 0x1BFD, 0x1BFD, 0x1BFD, 0x1BFD, 0x1BFD, 0x1BFD, 0x1BFD, 0x13FD, 0x141D, 0x141D, 0x141D,
    0x141D, 0x141D, 0x141C, 0x141C, 0x141C, 0x141C, 0x141C, 0x141C, 0x141C, 0x141C, 0x141C, 0x141C, 0x141C, 0x141C, 0x141C, 0x141C,
    0x141C, 0x141C, 0x141C, 0x141C, 0x141C, 0x141C, 0x141C, 0x141C, 0x141C, 0x141C, 0x141C, 0x141C, 0x141C, 0x141C, 0x141C, 0x141C,
    0x141C, 0x141C, 0x141C, 0x143C, 0x143C, 0x143C, 0x141C, 0x141C, 0x141C, 0x141C, 0x141C, 0x141C, 0x141C, 0x141C, 0x141C, 0x141C,
    0x141C, 0x141C, 0x141C, 0x141C, 0x141C, 0x141C, 0x141C, 0x141C, 0x141C, 0x141C, 0x141C, 0x141C, 0x141C, 0x141C, 0x141C, 0x141C,
    0x141C, 0x141C, 0x141C, 0x141C, 0x141C, 0x141C, 0x141C, 0x141C, 0x141C, 0x141C, 0x141C, 0x141C, 0x141C, 0x141C, 0x141C, 0x141C,
    0x141C, 0x141C, 0x141C, 0x141C, 0x141C, 0x141C, 0x143C, 0x141C, 0x141C, 0x141C, 0x141C, 0x141C, 0x141C, 0x141C, 0x141C, 0x141C,
    0x141C, 0x141C, 0x141C, 0x141C, 0x141C, 0x141C, 0x141C, 0x141C, 0x141C, 0x141C, 0x141C, 0x141C, 0x141C, 0x141C, 0x141C, 0x141C,
    0x141C, 0x141C, 0x141C, 0x141C, 0x141C, 0x141C, 0x141C, 0x141C, 0x141C, 0x141C, 0x141C, 0x141C, 0x141C, 0x141C, 0x141C, 0x141C,
    0x141C, 0x141C, 0x141C, 0x141C, 0x1C1D, 0x141C, 0x1C1C, 0x1C1C, 0x1C1C, 0x141C, 0x141C, 0x141C, 0x141C, 0x1C1C, 0x141C, 0x1C1D,
    0x141C, 0x141C, 0x1C1C, 0x1C1C, 0x1C1C, 0x1C1C, 0x141C, 0x1C1C, 0x1C1C, 0x1C1C, 0x1C1D, 0x1C1D, 0x1C1D, 0x1C1D, 0x1C1D, 0x1C1D,
    0x1C1D, 0x1C1D, 0x1C1D, 0x1C1D, 0x1C1D, 0x1C1D, 0x1C1D, 0x241D, 0x241D, 0x241D, 0x241D, 0x241D, 0x241D, 0x241D, 0x241D, 0x241D,
    0x241D, 0x241E, 0x243E, 0x243E, 0x2C3E, 0x2C3E, 0x2C9F, 0x0A31, 0x0063, 0x08E6, 0x08E6, 0x08E6, 0x08E6, 0x08E6, 0x0884, 0x08C5,
    0x1107, 0x08C4, 0x08A4, 0x08C5, 0x08C5, 0x08C5, 0x08E6, 0x0883, 0x00E9, 0x243F, 0x2C1E, 0x2C1E, 0x2C1E, 0x2C1E, 0x2C1E, 0x2C1E,
    0x241E, 0x23FE, 0x241E, 0x241E, 0x241D, 0x241D, 0x1C1D, 0x1C1D, 0x1BFD, 0x1C1D, 0x1BFD, 0x1BFD, 0x1BFD, 0x1BFD, 0x1BFD, 0x1BFD,
    0x241D, 0x1C1D, 0x1C1D, 0x1C1D, 0x1C1D, 0x1C1D, 0x1C1D, 0x1C1D, 0x1C1D, 0x1C1D, 0x1C1D, 0x1BFD, 0x1BFD, 0x141D, 0x13FC, 0x141C,
    0x141C, 0x141C, 0x141C, 0x141C, 0x141C, 0x141C, 0x141C, 0x141C, 0x141C, 0x141C, 0x141C, 0x141C, 0x141C, 0x141C, 0x141C, 0x141C,
    0x141C, 0x141C, 0x141C, 0x141C, 0x141C, 0x141C, 0x141C, 0x141C, 0x141C, 0x141C, 0x141C, 0x141C, 0x141C, 0x141C, 0x141C, 0x141C,
    0x141C, 0x141C, 0x141C, 0x141C, 0x141C, 0x143C, 0x141C, 0x141C, 0x141C, 0x141C, 0x141C, 0x141C, 0x141C, 0x141C, 0x141C, 0x141C,
    0x141C, 0x141C, 0x141C, 0x141C, 0x141C, 0x141C, 0x141C, 0x141C, 0x141C, 0x141C, 0x141C, 0x141C, 0x141C, 0x141C, 0x141C, 0x141C,
    0x141C, 0x141C, 0x141C, 0x141C, 0x141C, 0x141C, 0x141C, 0x141C, 0x141C, 0x141C, 0x141C, 0x141C, 0x141C, 0x141C, 0x141C, 0x141C,
    0x141C, 0x141C, 0x141C, 0x141C, 0x141C, 0x143C, 0x141C, 0x141C, 0x141C, 0x141C, 0x141C, 0x141C, 0x141C, 0x141C, 0x141C, 0x141C,
    0x141C, 0x141C, 0x141C, 0x141C, 0x141C, 0x141C, 0x141C, 0x141C, 0x141C, 0x141C, 0x141C, 0x141C, 0x141C, 0x141C, 0x141C, 0x141C,
    0x141C, 0x141C, 0x141C, 0x141C, 0x141C, 0x141C, 0x141C, 0x141C, 0x141C, 0x141C, 0x141C, 0x141C, 0x141C, 0x141C, 0x141C, 0x141C,
    0x141C, 0x141C, 0x141C, 0x141C, 0x141C, 0x1C1C, 0x141C, 0x1C1C, 0x1C1C, 0x141C, 0x141C, 0x141C, 0x141C, 0x141C, 0x141C, 0x141C,
    0x141C, 0x141C, 0x141C, 0x141C, 0x141C, 0x141C, 0x141C, 0x141C, 0x1C1C, 0x1C1C, 0x1C1C, 0x1C1D, 0x1C1D, 0x1C1D, 0x1C1D, 0x1C1D,
    0x1C1D, 0x1C1D, 0x1C1D, 0x1C1D, 0x1C1D, 0x1C1D, 0x1BFD, 0x1BFD, 0x1C1D, 0x1C1D, 0x241D, 0x241D, 0x241D, 0x241D, 0x23FD, 0x241D,
    0x241D, 0x241E, 0x243E, 0x243E, 0x243E, 0x243E, 0x2C7F, 0x0A31, 0x0063, 0x0906, 0x08E6, 0x08E6, 0x08E6, 0x08E6, 0x0884, 0x08E5,
    0x1107, 0x08C4, 0x08A4, 0x08C5, 0x08C5, 0x08C5, 0x08E5, 0x0083, 0x00E8, 0x241F, 0x241E, 0x241E, 0x2C1E, 0x2C1E, 0x241E, 0x241E,
    0x23FE, 0x241E, 0x241E, 0x241D, 0x241D, 0x241D, 0x1BFD, 0x1BFD, 0x1BFD, 0x1BFD, 0x1BFD, 0x1BFD, 0x1BFD, 0x1BFD, 0x1C1D, 0x1BFD,
    0x13DD, 0x13DD, 0x13DD, 0x13DD, 0x13DD, 0x0BDD, 0x0BDD, 0x0BDD, 0x0BDD, 0x0BDD, 0x0BDD, 0x1BFD, 0x1BFD, 0x13FD, 0x13FC, 0x13FC,
    0x141C, 0x141C, 0x141C, 0x141C, 0x141C, 0x141C, 0x141C, 0x141C, 0x141C, 0x141C, 0x141C, 0x141C, 0x141C, 0x141C, 0x141C, 0x141C,
    0x141C, 0x141C, 0x141C, 0x141C, 0x141C, 0x141C, 0x141C, 0x141C, 0x141C, 0x141C, 0x141C, 0x141C, 0x141C, 0x141C, 0x141C, 0x141C,
    0x141C, 0x141C, 0x141C, 0x141C, 0x141C, 0x141C, 0x141C, 0x141C, 0x141C, 0x141C, 0x141C, 0x141C, 0x141C, 0x141C, 0x141C, 0x141C,
    0x141C, 0x141C, 0x141C, 0x141C, 0x141C, 0x141C, 0x141C, 0x141C, 0x141C, 0x141C, 0x141C, 0x141C, 0x141C, 0x141C, 0x141C, 0x141C,
    0x141C, 0x141C, 0x141C, 0x141C, 0x141C, 0x141C, 0x141C, 0x141C, 0x141C, 0x141C, 0x141C, 0x141C, 0x141C, 0x141C, 0x141C, 0x141C,
    0x141C, 0x141C, 0x141C, 0x141C, 0x141C, 0x143C, 0x141C, 0x141C, 0x141C, 0x141C, 0x141C, 0x141C, 0x141C, 0x141C, 0x141C, 0x141C,
    0x141C, 0x141C, 0x141C, 0x141C, 0x141C, 0x141C, 0x141C, 0x141C, 0x141C, 0x141C, 0x141C, 0x141C, 0x141C, 0x141C, 0x141C, 0x141C,
    0x141C, 0x141C, 0x141C, 0x141C, 0x141C, 0x141C, 0x141C, 0x141C, 0x141C, 0x141C, 0x141C, 0x141C, 0x141C, 0x141C, 0x141C, 0x141C,
    0x141C, 0x141C, 0x141C, 0x141C, 0x141C, 0x141C, 0x1C1C, 0x1C1C, 0x141C, 0x141C, 0x141C, 0x141C, 0x141C, 0x141C, 0x141C, 0x141C,
    0x141C, 0x141C, 0x141C, 0x141C, 0x141C, 0x141C, 0x141C, 0x141C, 0x141C, 0x1C1C, 0x1C1C, 0x1C1C, 0x1C1C, 0x1C1C, 0x1C1C, 0x1C1C,
    0x1C1D, 0x1C1D, 0x1C1D, 0x1C1D, 0x1C1D, 0x1C1D, 0x1BFD, 0x1BFD, 0x1BFD, 0x1BFD, 0x1BFD, 0x1BFD, 0x1BFD, 0x23FD, 0x23FD, 0x23FD,
    0x241D, 0x241D, 0x241E, 0x243E, 0x243E, 0x243E, 0x247F, 0x0A31, 0x0063, 0x0906, 0x08E6, 0x08E6, 0x08E6, 0x08E6, 0x08A4, 0x10E5,
    0x1107, 0x08C4, 0x08A4, 0x08C5, 0x08C5, 0x08C5, 0x08C5, 0x0883, 0x00C8, 0x1BFF, 0x23FE, 0x23FE, 0x241E, 0x241E, 0x241E, 0x23FE,
    0x23FE, 0x241E, 0x241E, 0x241D, 0x241D, 0x241D, 0x1BFD, 0x1BFD, 0x1BFD, 0x1BFD, 0x1BFD, 0x1BFD, 0x1BFD, 0x1BFD, 0x1BFD, 0x347D,
    0x653E, 0x5D3E, 0x653E, 0x5D3E, 0x5D3E, 0x5D3E, 0x5D3E, 0x5D3E, 0x5D3E, 0x5D3E, 0x54FE, 0x1BFD, 0x1BFD, 0x1BFD, 0x13FC, 0x13FD,
    0x141C, 0x13FC, 0x141C, 0x141C, 0x141C, 0x13FC, 0x141C, 0x141C, 0x141C, 0x141C, 0x141C, 0x141C, 0x141C, 0x13FC, 0x141C, 0x141C,
    0x141C, 0x141C, 0x141C, 0x141C, 0x141C, 0x141C, 0x141C, 0x141C, 0x141C, 0x141C, 0x141C, 0x141C, 0x141C, 0x141C, 0x141C, 0x141C,
    0x141C, 0x141C, 0x141C, 0x141C, 0x141C, 0x141C, 0x141C, 0x141C, 0x141C, 0x141C, 0x141C, 0x141C, 0x141C, 0x141C, 0x141C, 0x141C,
    0x141C, 0x141C, 0x141C, 0x141C, 0x141C, 0x141C, 0x141C, 0x141C, 0x141C, 0x141C, 0x141C, 0x141C, 0x141C, 0x141C, 0x141C, 0x141C,
    0x141C, 0x141C, 0x141C, 0x141C, 0x141C, 0x141C, 0x141C, 0x141C, 0x141C, 0x141C, 0x141C, 0x141C, 0x141C, 0x141C, 0x141C, 0x141C,
    0x141C, 0x141C, 0x141C, 0x141C, 0x141C, 0x141C, 0x143C, 0x141C, 0x141C, 0x141C, 0x141C, 0x141C, 0x141C, 0x141C, 0x141C, 0x141C,
    0x141C, 0x141C, 0x141C, 0x141C, 0x141C, 0x141C, 0x141C, 0x141C, 0x141C, 0x141C, 0x141C, 0x141C, 0x141C, 0x141C, 0x141C, 0x141C,
    0x141C, 0x141C, 0x141C, 0x141C, 0x141C, 0x141C, 0x141C, 0x141C, 0x141C, 0x13FC, 0x13FC, 0x141C, 0x141C, 0x141C, 0x141C, 0x141C,
    0x141C, 0x141C, 0x141C, 0x141C, 0x141C, 0x141C, 0x141C, 0x141C, 0x141C, 0x141C, 0x141C, 0x141C, 0x141C, 0x141C, 0x141C, 0x141C,
    0x141C, 0x141C, 0x141C, 0x141C, 0x141C, 0x141C, 0x141C, 0x141C, 0x141C, 0x1C1C, 0x1C1C, 0x1C1C, 0x1C1C, 0x1C1C, 0x1C1C, 0x1C1C,
    0x1C1C, 0x1C1D, 0x1C1D, 0x1C1D, 0x1C1D, 0x1BFD, 0x1BFD, 0x1BFD, 0x1BFD, 0x1BFD, 0x1BFD, 0x1BFD, 0x1BFD, 0x1BFD, 0x1BFD, 0x23FD,
    0x23FD, 0x241D, 0x241D, 0x241E, 0x241E, 0x241D, 0x247F, 0x0A31, 0x0063, 0x0906, 0x08E6, 0x08E6, 0x08E6, 0x08E6, 0x08A4, 0x10E5,
    0x1106, 0x08A4, 0x08A4, 0x08C5, 0x08C5, 0x08C5, 0x08C5, 0x0863, 0x00C8, 0x1BFE, 0x23FE, 0x23FE, 0x23FE, 0x23FE, 0x23FE, 0x23FE,
    0x23FE, 0x23FD, 0x23FD, 0x23FD, 0x23FD, 0x1BFD, 0x1BFD, 0x1BFD, 0x1BFD, 0x1BFD, 0x1BFD, 0x1BFD, 0x1BFD, 0x1C1D, 0x13FD, 0xC6FF,
    0xFFFF, 0xFFFF, 0xFFFF, 0xFFFF, 0xFFFF, 0xFFFF, 0xFFFF, 0xFFFF, 0xFFFF, 0xFFFF, 0xFFFF, 0x759E, 0x0BBD, 0x1C1D, 0x13FC, 0x13FC,
    0x13FC, 0x13FC, 0x141C, 0x141C, 0x141C, 0x141C, 0x141C, 0x141C, 0x141C, 0x141C, 0x141C, 0x141C, 0x13FC, 0x13FC, 0x141C, 0x141D,
    0x141C, 0x141C, 0x141C, 0x141C, 0x141C, 0x141C, 0x141C, 0x141C, 0x141C, 0x141C, 0x141C, 0x141C, 0x141C, 0x141C, 0x141C, 0x141C,
    0x141C, 0x141C, 0x141C, 0x141C, 0x141C, 0x141C, 0x141C, 0x141C, 0x141C, 0x141C, 0x141C, 0x141C, 0x141C, 0x141C, 0x141C, 0x141C,
    0x141C, 0x141C, 0x141C, 0x141C, 0x141C, 0x141C, 0x141C, 0x141C, 0x141C, 0x141C, 0x141C, 0x141C, 0x141C, 0x141C, 0x141C, 0x141C,
    0x141C, 0x141C, 0x141C, 0x141C, 0x141C, 0x141C, 0x141C, 0x141C, 0x141C, 0x141C, 0x141C, 0x141C, 0x141C, 0x141C, 0x141C, 0x141C,
    0x141C, 0x141C, 0x141C, 0x141C, 0x141C, 0x141C, 0x141C, 0x141C, 0x141C, 0x141C, 0x141C, 0x141C, 0x141C, 0x141C, 0x141C, 0x141C,
    0x141C, 0x141C, 0x141C, 0x141C, 0x141C, 0x141C, 0x141C, 0x141C, 0x141C, 0x141C, 0x141C, 0x141C, 0x141C, 0x141C, 0x141C, 0x141C,
    0x141C, 0x141C, 0x141C, 0x141C, 0x141C, 0x141C, 0x141C, 0x141C, 0x141C, 0x141C, 0x141C, 0x141C, 0x141C, 0x141C, 0x141C, 0x141C,
    0x141C, 0x141C, 0x141C, 0x141C, 0x141C, 0x141C, 0x141C, 0x141C, 0x141C, 0x141C, 0x141C, 0x141C, 0x141C, 0x141C, 0x141C, 0x141C,
    0x141C, 0x141C, 0x141C, 0x141C, 0x141C, 0x141C, 0x141C, 0x141C, 0x141C, 0x141C, 0x1C1C, 0x141C, 0x1C1C, 0x1C1C, 0x1C1C, 0x1C1C,
    0x1C1C, 0x1C1C, 0x1C1D, 0x1C1D, 0x1C1C, 0x1C1D, 0x1BFD, 0x1BFC, 0x1BFC, 0x1BFC, 0x1BFD, 0x1BFD, 0x1BFD, 0x1BFD, 0x1BFD, 0x1BFD,
    0x1BFD, 0x23FD, 0x241D, 0x241D, 0x241E, 0x241D, 0x247F, 0x0A31, 0x0063, 0x0906, 0x08E6, 0x08E6, 0x08E6, 0x10E6, 0x08A4, 0x10E5,
    0x1106, 0x08A4, 0x0884, 0x08C5, 0x08A5, 0x08C5, 0x08C5, 0x0063, 0x00C7, 0x1BFE, 0x23FE, 0x23FE, 0x23FE, 0x23FE, 0x23FE, 0x23FD,
    0x23FD, 0x23FD, 0x23FD, 0x23FD, 0x1BFD, 0x1BFD, 0x1BFD, 0x1BFD, 0x1BFD, 0x1BFD, 0x1BFD, 0x1BFD, 0x1C1D, 0x1C1D, 0x1C1D, 0xDF7F,
    0xFFFF, 0xFFFF, 0xFFFF, 0xFFFF, 0xFFFF, 0xFFFF, 0xFFFF, 0xFFFF, 0xFFFF, 0xFFDF, 0xFFFF, 0x9E3E, 0x0BBD, 0x1C1D, 0x13FD, 0x13FD,
    0x13FC, 0x13FC, 0x141C, 0x141C, 0x141C, 0x141C, 0x141C, 0x141C, 0x141C, 0x141C, 0x141C, 0x141C, 0x141C, 0x0BDC, 0x34DD, 0x3CFD,
    0x0BFC, 0x141C, 0x141C, 0x141C, 0x141C, 0x141C, 0x141C, 0x141C, 0x141C, 0x141C, 0x141C, 0x141C, 0x141C, 0x141C, 0x141C, 0x141C,
    0x141C, 0x141C, 0x141C, 0x141C, 0x141C, 0x141C, 0x141C, 0x141C, 0x141C, 0x141C, 0x141C, 0x141C, 0x141C, 0x141C, 0x141C, 0x141C,
    0x141C, 0x141C, 0x141C, 0x141C, 0x141C, 0x141C, 0x141C, 0x141C, 0x141C, 0x141C, 0x141C, 0x141C, 0x141C, 0x141C, 0x141C, 0x141C,
    0x141C, 0x141C, 0x141C, 0x141C, 0x141C, 0x141C, 0x141C, 0x141C, 0x141C, 0x141C, 0x141C, 0x141C, 0x141C, 0x141C, 0x141C, 0x141C,
    0x141C, 0x141C, 0x141C, 0x141C, 0x141C, 0x141C, 0x141C, 0x141C, 0x141C, 0x141C, 0x141C, 0x141C, 0x141C, 0x141C, 0x141C, 0x141C,
    0x141C, 0x141C, 0x141C, 0x141C, 0x141C, 0x141C, 0x141C, 0x141C, 0x141C, 0x141C, 0x141C, 0x141C, 0x141C, 0x141C, 0x141C, 0x141C,
    0x141C, 0x141C, 0x141C, 0x141C, 0x141C, 0x141C, 0x141C, 0x141C, 0x141C, 0x141C, 0x141C, 0x141C, 0x141C, 0x141C, 0x141C, 0x141C,
    0x141C, 0x141C, 0x141C, 0x141C, 0x141C, 0x141C, 0x141C, 0x141C, 0x141C, 0x141C, 0x141C, 0x141C, 0x141C, 0x141C, 0x141C, 0x141C,
    0x141C, 0x141C, 0x141C, 0x141C, 0x141C, 0x141C, 0x141C, 0x141C, 0x141C, 0x141C, 0x141C, 0x1C1C, 0x1C1C, 0x1C1C, 0x1C1C, 0x1C1C,
    0x1C1C, 0x1C1C, 0x1C1D, 0x1C1C, 0x1C1C, 0x1C1D, 0x1C1D, 0x1BFC, 0x1BFC, 0x1BFC, 0x1BFD, 0x1BFD, 0x1BFD, 0x1BFD, 0x1BFD, 0x1BFD,
    0x1BFD, 0x1BFD, 0x1C1D, 0x1C1D, 0x1C1D, 0x1C1D, 0x245F, 0x0A30, 0x0063, 0x0906, 0x08E6, 0x08E6, 0x08E6, 0x10E6, 0x08A4, 0x10C5,
    0x1106, 0x08A4, 0x0884, 0x08A4, 0x08A4, 0x08A4, 0x08C5, 0x0063, 0x00C7, 0x1BFE, 0x23FE, 0x23FE, 0x23FE, 0x23FE, 0x23FD, 0x23FD,
    0x1BFD, 0x1BFD, 0x1BFD, 0x23FD, 0x1BFD, 0x1BFD, 0x1BFD, 0x1BFD, 0x1BFD, 0x1BFD, 0x1BFD, 0x1BFD, 0x1C1D, 0x241D, 0x1C1D, 0xD75F,
    0xFFFF, 0xFFFF, 0xFFFF, 0xFFFF, 0xFFFF, 0xFFFF, 0xFFFF, 0xFFFF, 0xFFFF, 0xFFFF, 0xFFFF, 0x961E, 0x03BD, 0x1C1D, 0x13FD, 0x141D,
    0x13FC, 0x13FC, 0x13FC, 0x141C, 0x141C, 0x141C, 0x141C, 0x141C, 0x141C, 0x141C, 0x141C, 0x141C, 0x141C, 0x0BBC, 0x451D, 0x4D5E,
    0x0BDC, 0x141C, 0x141C, 0x141C, 0x141C, 0x141C, 0x141C, 0x141C, 0x141C, 0x141C, 0x141C, 0x141C, 0x141C, 0x141C, 0x141C, 0x141C,
    0x141C, 0x141C, 0x141C, 0x141C, 0x141C, 0x141C, 0x141C, 0x141C, 0x141C, 0x141C, 0x141C, 0x141C, 0x141C, 0x141C, 0x141C, 0x141C,
    0x141C, 0x141C, 0x141C, 0x141C, 0x141C, 0x141C, 0x141C, 0x141C, 0x141C, 0x141C, 0x141C, 0x141C, 0x141C, 0x141C, 0x141C, 0x141C,
    0x141C, 0x141C, 0x141C, 0x141C, 0x141C, 0x141C, 0x141C, 0x141C, 0x141C, 0x141C, 0x141C, 0x141C, 0x141C, 0x141C, 0x141C, 0x141C,
    0x141C, 0x141C, 0x141C, 0x141C, 0x141C, 0x141C, 0x141C, 0x141C, 0x141C, 0x141C, 0x141C, 0x141C, 0x141C, 0x141C, 0x141C, 0x141C,
    0x141C, 0x141C, 0x141C, 0x141C, 0x141C, 0x141C, 0x141C, 0x141C, 0x141C, 0x141C, 0x141C, 0x141C, 0x141C, 0x141C, 0x141C, 0x141C,
    0x141C, 0x141C, 0x141C, 0x141C, 0x141C, 0x141C, 0x141C, 0x141C, 0x141C, 0x141C, 0x141C, 0x141C, 0x141C, 0x141C, 0x141C, 0x141C,
    0x141C, 0x141C, 0x141C, 0x141C, 0x141C, 0x141C, 0x141C, 0x141C, 0x141C, 0x141C, 0x141C, 0x141C, 0x141C, 0x141C, 0x141C, 0x141C,
    0x141C, 0x141C, 0x141C, 0x141C, 0x141C, 0x141C, 0x141C, 0x141C, 0x141C, 0x141C, 0x141C, 0x141C, 0x1C1C, 0x141C, 0x1C1C, 0x1C1C,
    0x1C1C, 0x1C1C, 0x1C1C, 0x1C1C, 0x1C1C, 0x1C1C, 0x1C1C, 0x1BFD, 0x1BFD, 0x1BFC, 0x1BFC, 0x1BFD, 0x1BFD, 0x1BFD, 0x1BFD, 0x1BFD,
    0x1BFD, 0x1BFD, 0x1BFD, 0x1C1D, 0x1C1D, 0x1C1D, 0x245F, 0x0A10, 0x0063, 0x08E6, 0x08E6, 0x08E6, 0x08E6, 0x08E6, 0x08A4, 0x08C5,
    0x1106, 0x08A4, 0x0084, 0x08A4, 0x08A4, 0x08A4, 0x08C5, 0x0062, 0x00C7, 0x1BFE, 0x23FE, 0x23FD, 0x23FD, 0x23FD, 0x1BFD, 0x1BFD,
    0x1BFD, 0x1BFD, 0x1BFD, 0x1BFD, 0x1BFD, 0x1BFD, 0x1BFD, 0x1BFD, 0x1BFD, 0x1BFD, 0x1BFD, 0x1BFD, 0x1C1D, 0x241D, 0x243D, 0xDF5F,
    0xFFFF, 0xFFFF, 0xFFFF, 0xFFFF, 0xFFFF, 0xFFFF, 0xFFFF, 0xFFFF, 0xFFFF, 0xFFFF, 0xFFFF, 0x961E, 0x03BD, 0x1C1D, 0x141D, 0x141D,
    0x13FC, 0x13FC, 0x13FC, 0x13FC, 0x141C, 0x141C, 0x141C, 0x141C, 0x141C, 0x141C, 0x141C, 0x141C, 0x141C, 0x0BDC, 0x451D, 0x453E,
    0x0BDC, 0x141C, 0x141C, 0x141C, 0x141C, 0x141C, 0x141C, 0x141C, 0x141C, 0x141C, 0x141C, 0x141C, 0x141C, 0x141C, 0x141C, 0x141C,
    0x141C, 0x141C, 0x141C, 0x141C, 0x141C, 0x141C, 0x141C, 0x141C, 0x141C, 0x141C, 0x141C, 0x141C, 0x141C, 0x141C, 0x141C, 0x141C,
    0x141C, 0x141C, 0x141C, 0x141C, 0x141C, 0x141C, 0x141C, 0x141C, 0x141C, 0x141C, 0x141C, 0x141C, 0x141C, 0x141C, 0x141C, 0x141C,
    0x141C, 0x141C, 0x141C, 0x141C, 0x141C, 0x141C, 0x141C, 0x141C, 0x141C, 0x141C, 0x141C, 0x141C, 0x141C, 0x141C, 0x141C, 0x141C,
    0x141C, 0x141C, 0x141C, 0x141C, 0x141C, 0x141C, 0x141C, 0x141C, 0x141C, 0x141C, 0x141C, 0x141C, 0x141C, 0x141C, 0x141C, 0x141C,
    0x141C, 0x141C, 0x141C, 0x141C, 0x141C, 0x141C, 0x141C, 0x141C, 0x141C, 0x141C, 0x141C, 0x141C, 0x141C, 0x141C, 0x141C, 0x141C,
    0x141C, 0x141C, 0x141C, 0x141C, 0x141C, 0x141C, 0x141C, 0x141C, 0x141C, 0x141C, 0x141C, 0x141C, 0x141C, 0x141C, 0x141C, 0x141C,
    0x141C, 0x13FC, 0x141C, 0x141C, 0x141C, 0x141C, 0x141C, 0x141C, 0x141C, 0x141C, 0x141C, 0x141C, 0x141C, 0x141C, 0x141C, 0x141C,
    0x141C, 0x141C, 0x141C, 0x141C, 0x141C, 0x141C, 0x141C, 0x141C, 0x141C, 0x141C, 0x141C, 0x141C, 0x141C, 0x141C, 0x1C1C, 0x1C1C,
    0x1C1C, 0x1C1C, 0x1C1C, 0x1C1C, 0x1C1C, 0x1C1C, 0x1C1C, 0x1BFC, 0x1BFC, 0x1BFC, 0x1BFC, 0x1BFC, 0x1BFC, 0x1BFD, 0x1BFD, 0x1BFD,
    0x1BFD, 0x1BFD, 0x1BFD, 0x1BFD, 0x1C1D, 0x1C1D, 0x1C5F, 0x0A10, 0x0063, 0x08E6, 0x08E6, 0x08E6, 0x08E6, 0x08E6, 0x0884, 0x08C5,
    0x1106, 0x08A4, 0x0083, 0x08A4, 0x08A4, 0x08A4, 0x08A5, 0x0062, 0x00C7, 0x1BFE, 0x1BFE, 0x1BFD, 0x1BFD, 0x1BFD, 0x1BFD, 0x1BFD,
    0x1BFD, 0x1BFD, 0x1BFD, 0x1BFD, 0x1BFD, 0x1BFD, 0x1BFD, 0x1BFD, 0x1BFD, 0x1BFD, 0x1BFD, 0x1BFD, 0x1C1D, 0x1C1D, 0x243D, 0xDF5F,
    0xFFFF, 0xFFFF, 0xFFFF, 0xFFFF, 0xFFFF, 0xFFFF, 0xFFFF, 0xFFFF, 0xFFFF, 0xFFFF, 0xFFFF, 0x961E, 0x0BDD, 0x1C3D, 0x141D, 0x141C,
    0x141C, 0x141C, 0x13FC, 0x141C, 0x141C, 0x141C, 0x141C, 0x141C, 0x141C, 0x141C, 0x141C, 0x141C, 0x141C, 0x0BDC, 0x451D, 0x453E,
    0x0BDC, 0x141C, 0x141C, 0x141C, 0x141C, 0x141C, 0x141C, 0x141C, 0x141C, 0x141C, 0x141C, 0x141C, 0x141C, 0x141C, 0x141C, 0x141C,
    0x141C, 0x141C, 0x141C, 0x141C, 0x141C, 0x141C, 0x141C, 0x141C, 0x141C, 0x141C, 0x141C, 0x141C, 0x141C, 0x141C, 0x141C, 0x141C,
    0x141C, 0x141C, 0x141C, 0x141C, 0x141C, 0x141C, 0x141C, 0x141C, 0x141C, 0x141C, 0x141C, 0x141C, 0x141C, 0x141C, 0x141C, 0x141C,
    0x141C, 0x141C, 0x141C, 0x141C, 0x141C, 0x141C, 0x141C, 0x141C, 0x141C, 0x141C, 0x141C, 0x141C, 0x141C, 0x141C, 0x141C, 0x141C,
    0x141C, 0x141C, 0x141C, 0x141C, 0x141C, 0x141C, 0x141C, 0x141C, 0x141C, 0x141C, 0x141C, 0x141C, 0x141C, 0x141C, 0x141C, 0x141C,
    0x141C, 0x141C, 0x141C, 0x141C, 0x141C, 0x141C, 0x141C, 0x141C, 0x141C, 0x141C, 0x141C, 0x141C, 0x141C, 0x141C, 0x141C, 0x141C,
    0x141C, 0x141C, 0x141C, 0x141C, 0x141C, 0x141C, 0x141C, 0x141C, 0x141C, 0x141C, 0x141C, 0x141C, 0x141C, 0x141C, 0x141C, 0x141C,
    0x141C, 0x141C, 0x141C, 0x141C, 0x141C, 0x13FC, 0x13FC, 0x141C, 0x141C, 0x141C, 0x141C, 0x141C, 0x141C, 0x141C, 0x141C, 0x141C,
    0x141C, 0x141C, 0x141C, 0x141C, 0x141C, 0x141C, 0x141C, 0x141C, 0x141C, 0x141C, 0x141C, 0x141C, 0x141C, 0x141C, 0x1C1C, 0x13FC,
    0x1C1C, 0x1C1C, 0x1C1C, 0x1C1C, 0x1C1C, 0x1BFC, 0x1BFC, 0x1BFC, 0x1BFC, 0x1BFC, 0x1BFC, 0x1BFC, 0x1BFD, 0x1BFC, 0x1BFD, 0x1BFD,
    0x1BFD, 0x1BFD, 0x1BFD, 0x1BFD, 0x1C1D, 0x1C1D, 0x1C5F, 0x0210, 0x0063, 0x08E6, 0x08E5, 0x08E5, 0x08E5, 0x08E6, 0x0884, 0x08C5,
    0x1106, 0x08A4, 0x0083, 0x08A4, 0x08A4, 0x08A4, 0x08A5, 0x0062, 0x00C7, 0x1BFE, 0x1BFD, 0x1BFD, 0x1BFD, 0x1BFD, 0x1BFD, 0x1BFD,
    0x1BFD, 0x1BFD, 0x1BFD, 0x1BFD, 0x1BFD, 0x1BFD, 0x1BFD, 0x1BFD, 0x1BFD, 0x1BFD, 0x1BFD, 0x1C1D, 0x1C1D, 0x1C1D, 0x243D, 0xDF7F,
    0xFFFF, 0xFFFF, 0xFFFF, 0xFFFF, 0xFFFF, 0xFFFF, 0xFFFF, 0xFFFF, 0xFFFF, 0xFFFF, 0xFFFF, 0x963E, 0x0BFD, 0x1C3D, 0x141D, 0x141D,
    0x141C, 0x141C, 0x141C, 0x141C, 0x141C, 0x141C, 0x141C, 0x141C, 0x141C, 0x141C, 0x141C, 0x141C, 0x141C, 0x0BDC, 0x451D, 0x453E,
    0x03DC, 0x141C, 0x141C, 0x141C, 0x141C, 0x141C, 0x141C, 0x141C, 0x141C, 0x141C, 0x141C, 0x141C, 0x141C, 0x141C, 0x141C, 0x141C,
    0x141C, 0x141C, 0x141C, 0x141C, 0x141C, 0x141C, 0x141C, 0x141C, 0x141C, 0x141C, 0x141C, 0x141C, 0x141C, 0x141C, 0x141C, 0x141C,
    0x141C, 0x141C, 0x141C, 0x141C, 0x141C, 0x141C, 0x141C, 0x141C, 0x141C, 0x141C, 0x141C, 0x141C, 0x141C, 0x141C, 0x141C, 0x141C,
    0x141C, 0x141C, 0x141C, 0x141C, 0x141C, 0x141C, 0x141C, 0x141C, 0x141C, 0x141C, 0x141C, 0x141C, 0x141C, 0x141C, 0x141C, 0x141C,
    0x141C, 0x141C, 0x141C, 0x141C, 0x141C, 0x141C, 0x141C, 0x141C, 0x141C, 0x141C, 0x141C, 0x141C, 0x141C, 0x141C, 0x141C, 0x141C,
    0x141C, 0x141C, 0x141C, 0x141C, 0x141C, 0x141C, 0x141C, 0x141C, 0x141C, 0x141C, 0x141C, 0x141C, 0x141C, 0x141C, 0x141C, 0x141C,
    0x141C, 0x1C1C, 0x141C, 0x141C, 0x141C, 0x141C, 0x141C, 0x141C, 0x141C, 0x141C, 0x141C, 0x141C, 0x141C, 0x141C, 0x141C, 0x141C,
    0x141C, 0x141C, 0x13FC, 0x141C, 0x141C, 0x13FC, 0x141C, 0x141C, 0x141C, 0x141C, 0x141C, 0x141C, 0x141C, 0x141C, 0x141C, 0x141C,
    0x141C, 0x141C, 0x141C, 0x1C1C, 0x1C1C, 0x1C1C, 0x141C, 0x141C, 0x1C1C, 0x1C1C, 0x1C1C, 0x141C, 0x1C1C, 0x1C1C, 0x141C, 0x1BFC,
    0x1BFC, 0x13FC, 0x13FC, 0x13FC, 0x13FC, 0x13FC, 0x1BFC, 0x1BFC, 0x1BFC, 0x1BFC, 0x1BFC, 0x1BFC, 0x1BFC, 0x1BFC, 0x1BFC, 0x1BFC,
    0x1BFD, 0x1BFD, 0x1BFD, 0x1BFD, 0x1C1D, 0x1BFD, 0x1C5F, 0x0210, 0x0063, 0x08E6, 0x08E5, 0x08E5, 0x08E5, 0x08E6, 0x0884, 0x08C5,
    0x1126, 0x08A4, 0x0083, 0x08A4, 0x08A4, 0x08A4, 0x08A4, 0x0062, 0x00C6, 0x1BFE, 0x1BFD, 0x1BFD, 0x1BFD, 0x1BFD, 0x1BFD, 0x1BFD,
    0x1BFD, 0x1BFD, 0x1BFD, 0x1BFD, 0x1BFD, 0x1BFD, 0x23FD, 0x23FD, 0x23FD, 0x241D, 0x241D, 0x241D, 0x241D, 0x241D, 0x2C3D, 0xDF5F,
    0xFFFF, 0xFFFF, 0xFFFF, 0xFFFF, 0xFFFF, 0xFFFF, 0xFFFF, 0xFFFF, 0xFFFF, 0xFFFF, 0xFFFF, 0x963E, 0x0BFD, 0x1C3D, 0x141D, 0x141D,
    0x141C, 0x141C, 0x141C, 0x141C, 0x141C, 0x141C, 0x141C, 0x141C, 0x141C, 0x141C, 0x141C, 0x141C, 0x141C, 0x0BDC, 0x451D, 0x453E,
    0x03DC, 0x141C, 0x141C, 0x141C, 0x141C, 0x141C, 0x141C, 0x141C, 0x141C, 0x141C, 0x141C, 0x141C, 0x141C, 0x141C, 0x141C, 0x141C,
    0x141C, 0x141C, 0x141C, 0x141C, 0x141C, 0x141C, 0x141C, 0x141C, 0x141C, 0x141C, 0x141C, 0x141C, 0x141C, 0x141C, 0x141C, 0x141C,
    0x141C, 0x141C, 0x141C, 0x141C, 0x141C, 0x141C, 0x141C, 0x141C, 0x141C, 0x141C, 0x141C, 0x141C, 0x141C, 0x141C, 0x141C, 0x141C,
    0x141C, 0x141C, 0x141C, 0x141C, 0x141C, 0x141C, 0x141C, 0x141C, 0x141C, 0x141C, 0x141C, 0x141C, 0x141C, 0x141C, 0x141C, 0x141C,
    0x141C, 0x141C, 0x141C, 0x141C, 0x141C, 0x141C, 0x141C, 0x141C, 0x141C, 0x141C, 0x141C, 0x141C, 0x141C, 0x141C, 0x141C, 0x141C,
    0x141C, 0x141C, 0x141C, 0x141C, 0x13FC, 0x0BDC, 0x0BDC, 0x141C, 0x141C, 0x0BDC, 0x0BFC, 0x141C, 0x141C, 0x141C, 0x141C, 0x13FC,
    0x0BDC, 0x0BDC, 0x13FC, 0x141C, 0x141C, 0x141C, 0x141C, 0x13FC, 0x13FC, 0x0BDC, 0x0BDC, 0x141C, 0x141C, 0x141C, 0x141C, 0x141C,
    0x141C, 0x141C, 0x141C, 0x141C, 0x13FC, 0x141C, 0x141C, 0x141C, 0x141C, 0x141C, 0x141C, 0x141C, 0x141C, 0x141C, 0x141C, 0x141C,
    0x141C, 0x141C, 0x141C, 0x0BDC, 0x03DC, 0x0BDC, 0x141C, 0x13FC, 0x0BDC, 0x0BDC, 0x13FC, 0x1C1C, 0x1C1C, 0x1C1C, 0x13FC, 0x13FC,
    0x13FC, 0x13FC, 0x13FC, 0x13FC, 0x13FC, 0x13FC, 0x13FC, 0x13FC, 0x13FC, 0x1BFC, 0x1BFC, 0x1BFC, 0x1BFC, 0x1BFC, 0x1BFC, 0x1BFC,
    0x1BFC, 0x1BFC, 0x1BFD, 0x1BFD, 0x1C1D, 0x1BFD, 0x1C5F, 0x0210, 0x0063, 0x08E6, 0x08E5, 0x08E5, 0x08E5, 0x08E5, 0x08A4, 0x10C5,
    0x1106, 0x08A4, 0x0083, 0x08A4, 0x08A4, 0x08A4, 0x08A4, 0x0062, 0x00C6, 0x1BDD, 0x1BDD, 0x1BFD, 0x1BFD, 0x1BFD, 0x1BFD, 0x1BFD,
    0x1BFD, 0x1BFD, 0x1BFD, 0x1BFD, 0x1BFD, 0x1BFD, 0x13BD, 0x13BD, 0x0BBD, 0x13BD, 0x13BD, 0x13DD, 0x13DD, 0x13DD, 0x13DD, 0xD73F,
    0xFFFF, 0xFFFF, 0xFFFF, 0xFFFF, 0xFFFF, 0xFFFF, 0xFFFF, 0xFFFF, 0xFFFF, 0xFFFF, 0xFFFF, 0x963E, 0x0BDD, 0x1C1D, 0x141D, 0x141C,
    0x141C, 0x141D, 0x141C, 0x141C, 0x141C, 0x141C, 0x141C, 0x13FC, 0x141C, 0x141C, 0x141C, 0x141C, 0x141C, 0x0BDC, 0x451D, 0x453E,
    0x0BDC, 0x141C, 0x141C, 0x141C, 0x141C, 0x141C, 0x141C, 0x141C, 0x141C, 0x141C, 0x03DC, 0x0BFC, 0x141C, 0x0BFC, 0x03DC, 0x0BFC,
    0x141C, 0x141C, 0x141C, 0x141C, 0x141C, 0x141C, 0x141C, 0x141C, 0x141C, 0x141C, 0x141C, 0x141C, 0x141C, 0x141C, 0x141C, 0x141C,
    0x141C, 0x141C, 0x141C, 0x141C, 0x141C, 0x141C, 0x141C, 0x141C, 0x141C, 0x141C, 0x141C, 0x141C, 0x141C, 0x141C, 0x141C, 0x141C,
    0x141C, 0x141C, 0x141C, 0x141C, 0x141C, 0x141C, 0x141C, 0x141C, 0x0BDC, 0x0BFC, 0x0BDC, 0x0BFC, 0x141C, 0x141C, 0x141C, 0x141C,
    0x141C, 0x0BDC, 0x0BDC, 0x0BDC, 0x0BFC, 0x141C, 0x141C, 0x141C, 0x141C, 0x141C, 0x141C, 0x141C, 0x141C, 0x141C, 0x141C, 0x141C,
    0x141C, 0x141C, 0x141C, 0x13FC, 0x245C, 0x551D, 0x3CDC, 0x141C, 0x141D, 0x553D, 0x44DD, 0x0BFC, 0x141C, 0x141C, 0x13FC, 0x243C,
    0x44DC, 0x44FD, 0x245C, 0x13FC, 0x141C, 0x141C, 0x141C, 0x13DB, 0x2C5C, 0x44DD, 0x3CBD, 0x1C1C, 0x13FC, 0x141C, 0x13FC, 0x141C,
    0x141C, 0x13FC, 0x13FC, 0x141C, 0x13FC, 0x141C, 0x13FC, 0x13FC, 0x13FC, 0x13FC, 0x141C, 0x141C, 0x141C, 0x141C, 0x141C, 0x141C,
    0x141C, 0x1C1C, 0x0BFC, 0x4CFD, 0x961E, 0x6D9D, 0x13FC, 0x243C, 0x9E5E, 0xA65E, 0x245D, 0x141C, 0x1C1C, 0x13FC, 0x13FC, 0x13FC,
    0x13FC, 0x13FC, 0x13FC, 0x13FC, 0x13FC, 0x13FC, 0x13FC, 0x13FC, 0x13FC, 0x13FC, 0x13FC, 0x13FC, 0x13FC, 0x1BFC, 0x13FC, 0x13FC,
    0x1BFC, 0x1BFC, 0x1BFC, 0x1BFD, 0x1BFD, 0x1BFD, 0x1C3F, 0x0210, 0x0063, 0x08E6, 0x08E5, 0x08E5, 0x08E5, 0x08E5, 0x0884, 0x08E5,
    0x1106, 0x08A4, 0x0063, 0x08A4, 0x0884, 0x08A4, 0x08A4, 0x0042, 0x00C6, 0x13DD, 0x1BDD, 0x1BFD, 0x1BFD, 0x1BFD, 0x1BFD, 0x1BFD,
    0x1BFD, 0x1BFD, 0x1BFD, 0x1BFD, 0x1BFD, 0x1BFD, 0x5D1E, 0x653E, 0x653D, 0x653E, 0x653E, 0x653E, 0x655E, 0x655E, 0x653E, 0xE77F,
    0xFFFF, 0xFFFF, 0xFFFF, 0xFFFF, 0xFFFF, 0xFFFF, 0xFFFF, 0xFFFF, 0xFFFF, 0xFFFF, 0xFFFF, 0x961E, 0x0BDD, 0x1C3D, 0x141C, 0x141C,
    0x141D, 0x141D, 0x141C, 0x141C, 0x0BFC, 0x141C, 0x141C, 0x141C, 0x141C, 0x141C, 0x141C, 0x141C, 0x141C, 0x0BDC, 0x451D, 0x453D,
    0x0BDC, 0x141C, 0x141C, 0x141C, 0x141C, 0x141C, 0x141C, 0x141C, 0x141C, 0x0BFC, 0x657D, 0xBEFF, 0xD75F, 0xCF1E, 0x963E, 0x2C7D,
    0x0BFC, 0x141C, 0x141C, 0x141C, 0x141C, 0x141C, 0x141C, 0x141C, 0x141C, 0x141C, 0x141C, 0x141C, 0x141C, 0x141C, 0x141C, 0x141C,
    0x141C, 0x141C, 0x141C, 0x141C, 0x141C, 0x141C, 0x141C, 0x141C, 0x141C, 0x141C, 0x141C, 0x141C, 0x141C, 0x141C, 0x0BFC, 0x0BFC,
    0x0BFC, 0x141C, 0x141C, 0x141C, 0x141C, 0x141C, 0x141C, 0x0C1C, 0xA67E, 0xC6FE, 0xC6FF, 0x4CFD, 0x0BFC, 0x141C, 0x141C, 0x141C,
    0x0BFC, 0x963E, 0xC6FF, 0xC6FE, 0x5D3D, 0x0BDC, 0x141C, 0x141C, 0x141C, 0x141C, 0x141C, 0x141C, 0x141C, 0x141C, 0x141C, 0x141C,
    0x141C, 0x141C, 0x1C3C, 0x03BC, 0x759D, 0xFFFF, 0xDF5F, 0x0BFC, 0x6D9D, 0xFFFF, 0xF7DF, 0x3CBD, 0x0BFC, 0x1C1C, 0x0BDC, 0x4D1D,
    0xFFFF, 0xFFFF, 0x961E, 0x03DC, 0x1C1C, 0x141C, 0x141C, 0x13DB, 0xC71E, 0xFFFF, 0xDF5F, 0x141C, 0x13FC, 0x141C, 0x141C, 0x141C,
    0x13FC, 0x141C, 0x13FC, 0x13FC, 0x141C, 0x141C, 0x13FC, 0x13FC, 0x13FC, 0x13FC, 0x13FC, 0x141C, 0x141C, 0x141C, 0x141C, 0x141C,
    0x141C, 0x1C3C, 0x03BC, 0x9E3E, 0xFFFF, 0xDF5F, 0x03DC, 0x75BD, 0xFFFF, 0xFFFF, 0x7DDE, 0x03DC, 0x1C1C, 0x13FC, 0x13FC, 0x13FC,
    0x13FC, 0x13FC, 0x13FC, 0x13FC, 0x13FC, 0x13FC, 0x13FC, 0x13FC, 0x13FC, 0x13FC, 0x13FC, 0x13FC, 0x13FC, 0x13FC, 0x13FC, 0x13FC,
    0x13FC, 0x1BFC, 0x1BFC, 0x1C1D, 0x1BFD, 0x1BFD, 0x1C3E, 0x0210, 0x0063, 0x08E6, 0x08E5, 0x08E5, 0x08E5, 0x08E5, 0x0884, 0x08E5,
    0x1106, 0x08A4, 0x0063, 0x08A4, 0x0884, 0x08A4, 0x08A4, 0x0042, 0x00C6, 0x13FD, 0x1BDD, 0x1BFD, 0x1BFD, 0x1BFD, 0x1BFD, 0x1BFD,
    0x1BFD, 0x1BFD, 0x1BFD, 0x1BFD, 0x0BBD, 0x85DE, 0xFFFF, 0xFFFF, 0xFFFF, 0xFFFF, 0xFFFF, 0xFFFF, 0xFFFF, 0xFFFF, 0xFFFF, 0xFFFF,
    0xFFFF, 0xFFFF, 0xFFFF, 0xFFFF, 0xFFFF, 0xFFFF, 0xFFFF, 0xFFFF, 0xFFFF, 0xFFFF, 0xFFFF, 0x961E, 0x03DD, 0x1C3D, 0x141D, 0x141D,
    0x141D, 0x1C1C, 0x0BFC, 0x03DC, 0x245D, 0x141C, 0x141C, 0x141C, 0x141C, 0x141C, 0x141C, 0x141C, 0x141C, 0x0BDC, 0x451D, 0x453D,
    0x03DC, 0x141C, 0x141C, 0x141C, 0x141C, 0x141C, 0x141C, 0x141C, 0x03DC, 0x85FE, 0xFFFF, 0xFFFF, 0xFFFF, 0xFFFF, 0xFFFF, 0xEF9F,
    0x2C9D, 0x0BFC, 0x141C, 0x141C, 0x141C, 0x143C, 0x143C, 0x141C, 0x141C, 0x141C, 0x141C, 0x141C, 0x141C, 0x141C, 0x141C, 0x141C,
    0x141C, 0x143C, 0x143C, 0x143C, 0x143C, 0x141C, 0x141C, 0x141C, 0x141C, 0x141C, 0x141C, 0x141C, 0x141C, 0x0BFC, 0x44FD, 0xCF1F,
    0xA67E, 0x143D, 0x143D, 0x141C, 0x141C, 0x141C, 0x141C, 0x141C, 0xE79F, 0xFFFF, 0xFFFF, 0xB6DE, 0x03FC, 0x141C, 0x141C, 0x0BFC,
    0x3CDD, 0xFFFF, 0xFFFF, 0xFFFF, 0x85DE, 0x03DC, 0x1C3C, 0x141C, 0x141C, 0x141C, 0x141C, 0x141C, 0x141C, 0x141C, 0x141C, 0x141C,
    0x141C, 0x1C3C, 0x1C3C, 0x0BBB, 0x759D, 0xFFFF, 0xD75F, 0x0BFD, 0x7DDD, 0xFFFF, 0xFFFF, 0x44BC, 0x0BDC, 0x141C, 0x141C, 0x1C3C,
    0xD75F, 0xFFFF, 0xD75F, 0x13FC, 0x13FC, 0x141C, 0x0BDC, 0x3CBD, 0xFFDF, 0xFFFF, 0x8DFE, 0x03BC, 0x1C1C, 0x141D, 0x141C, 0x141C,
    0x1C1C, 0x141C, 0x141C, 0x141C, 0x1C1C, 0x1C1C, 0x141C, 0x1C1C, 0x13FC, 0x141C, 0x1C1C, 0x141C, 0x141C, 0x141C, 0x141C, 0x1C1C,
    0x141C, 0x1C1C, 0x0BDC, 0x963E, 0xFFFF, 0xCF1F, 0x0BDC, 0x551D, 0xFFFF, 0xFFDF, 0x4D1D, 0x0BDC, 0x1C1C, 0x1BFC, 0x1BFC, 0x1C1C,
    0x13FC, 0x141C, 0x1C1C, 0x13FC, 0x13FC, 0x13FC, 0x13FC, 0x1BFC, 0x13FC, 0x13FC, 0x1BFC, 0x1BFC, 0x1C1C, 0x1C1C, 0x1BFC, 0x13FC,
    0x13FC, 0x1BFC, 0x1C1C, 0x1C1D, 0x1BFD, 0x1BFC, 0x143E, 0x0210, 0x0063, 0x08E6, 0x08E5, 0x08E5, 0x08E5, 0x08E5, 0x0884, 0x08C5,
    0x1106, 0x0884, 0x0063, 0x08A4, 0x0884, 0x08A4, 0x08A4, 0x0042, 0x00A6, 0x13DD, 0x1BDD, 0x1BDD, 0x1BFD, 0x1BFD, 0x1BFD, 0x1BDD,
    0x1BFD, 0x1BFD, 0x1BFD, 0x1C1D, 0x0BDD, 0xAE9F, 0xFFFF, 0xFFDF, 0xFFFF, 0xFFFF, 0xFFFF, 0xFFFF, 0xFFFF, 0xFFFF, 0xFFFF, 0xFFFF,
    0xFFFF, 0xFFFF, 0xFFFF, 0xFFFF, 0xFFFF, 0xFFFF, 0xFFFF, 0xFFFF, 0xFFFF, 0xFFFF, 0xFFFF, 0x7DBD, 0x03BC, 0x1C3D, 0x1C1C, 0x1C3D,
    0x0BFD, 0x03BC, 0x1C3C, 0x8E3E, 0xBEFF, 0x0C1D, 0x141C, 0x141C, 0x141C, 0x141C, 0x141C, 0x141C, 0x141C, 0x0BDC, 0x451D, 0x453D,
    0x03DC, 0x141C, 0x141C, 0x141C, 0x141C, 0x141C, 0x141C, 0x0BFC, 0x2C7D, 0xF7DF, 0xFFFF, 0xBEFF, 0x5D1D, 0x85DD, 0xF7DF, 0xCF3F,
    0x245D, 0x0BFC, 0x03DC, 0x0C1D, 0x0C1D, 0x03DC, 0x03BC, 0x0BFC, 0x141C, 0x03BB, 0x03DC, 0x03DC, 0x0BFC, 0x141C, 0x141C, 0x141C,
    0x0BFC, 0x03DC, 0x03DC, 0x03DC, 0x0C1C, 0x143C, 0x141C, 0x0BFC, 0x03BC, 0x0BDC, 0x0BFC, 0x03BB, 0x0BFC, 0x039B, 0x5D5D, 0xFFFF,
    0xD73F, 0x03FD, 0x03FC, 0x141C, 0x141C, 0x141C, 0x141C, 0x141C, 0xD75F, 0xFFFF, 0xFFDF, 0xF7DF, 0x349D, 0x0BDB, 0x1C1C, 0x03DC,
    0x9E7E, 0xFFFF, 0xF7DF, 0xFFFF, 0x7DBE, 0x03DC, 0x1C3C, 0x141C, 0x03DC, 0x03BB, 0x03BB, 0x0BFC, 0x1C3C, 0x143C, 0x141C, 0x1C1C,
    0x0BFC, 0x03DC, 0x03DB, 0x037B, 0x759D, 0xFFFF, 0xD73F, 0x1C5D, 0x1C3D, 0x657D, 0x4CFC, 0x0BBB, 0x13FC, 0x141C, 0x1C3C, 0x03FD,
    0x8E3E, 0xFFFF, 0xFFFF, 0x44BC, 0x0BDB, 0x1C1C, 0x03BC, 0x85FE, 0xFFFF, 0xFFFF, 0x3CBD, 0x0BDC, 0x0BFC, 0x0BFD, 0x13FC, 0x0BDB,
    0x03DC, 0x141C, 0x141C, 0x13FC, 0x03BC, 0x03DC, 0x0BFC, 0x0BDC, 0x13FC, 0x0BDC, 0x0BDC, 0x1C1C, 0x141C, 0x1C1C, 0x13FC, 0x03BC,
    0x13FC, 0x13FB, 0x037C, 0x963E, 0xFFFF, 0xC6FE, 0x13DC, 0x13FC, 0x3CBD, 0x3CBD, 0x0BFD, 0x13FC, 0x039B, 0x039B, 0x0BDC, 0x0BDC,
    0x1BFC, 0x13FC, 0x0BBC, 0x13FC, 0x13FC, 0x1BFC, 0x13DC, 0x039B, 0x13DC, 0x13BB, 0x039B, 0x0BDC, 0x0BDC, 0x0BDC, 0x13FC, 0x13FC,
    0x13FC, 0x1BFC, 0x1C1C, 0x1C1C, 0x141D, 0x13FC, 0x143E, 0x0210, 0x0063, 0x08E6, 0x08E5, 0x08E5, 0x08E5, 0x08E5, 0x0884, 0x08C5,
    0x10E6, 0x0884, 0x0063, 0x08A4, 0x0884, 0x08A4, 0x08A4, 0x0042, 0x00A6, 0x13DD, 0x1BDD, 0x1BDD, 0x1BDD, 0x1BDD, 0x1BDD, 0x1BDD,
    0x1BFD, 0x1BFD, 0x1BFD, 0x1C1D, 0x0BBD, 0xA67F, 0xFFFF, 0xFFFF, 0xFFFF, 0xFFFF, 0xFFFF, 0xFFFF, 0xFFFF, 0xFFFF, 0xFFFF, 0xFFFF,
    0xFFFF, 0xFFFF, 0xFFFF, 0xFFFF, 0xFFFF, 0xFFFF, 0xFFFF, 0xFFFF, 0xFFFF, 0xFFFF, 0x963E, 0x13FC, 0x13FC, 0x1C1C, 0x0BDC, 0x0BFC,
    0x3CBD, 0x963E, 0xE79F, 0xFFFF, 0xD75F, 0x141D, 0x141C, 0x141C, 0x141C, 0x141C, 0x141C, 0x141C, 0x141C, 0x0BDC, 0x451D, 0x453E,
    0x03DC, 0x141C, 0x141C, 0x141C, 0x141C, 0x141C, 0x143C, 0x03FC, 0x553D, 0xFFFF, 0xFFFF, 0x3C9C, 0x037C, 0x0BFD, 0x4D1D, 0x2C7C,
    0x03DC, 0x2C7C, 0x6D9D, 0x4D3D, 0x34BD, 0x861E, 0x85FD, 0x2C7C, 0x039B, 0x4CFC, 0x963E, 0x8E1E, 0x2C9D, 0x041C, 0x143C, 0x03DC,
    0x34BD, 0x85FE, 0x963E, 0x85FE, 0x34BD, 0x0C1D, 0x0C1C, 0x349C, 0x759D, 0x3CBC, 0x2C7C, 0x85DD, 0x44DD, 0x2C7C, 0x9E5E, 0xFFFF,
    0xDF7F, 0x6D9E, 0x553D, 0x0BFC, 0x141C, 0x141C, 0x141C, 0x143C, 0xDF7F, 0xFFFF, 0xFFDF, 0xFFFF, 0x85FD, 0x03BB, 0x141C, 0x245C,
    0xEFBF, 0xFFFF, 0xFFFF, 0xFFFF, 0x7DBD, 0x03DC, 0x141C, 0x143D, 0x6D9D, 0x963E, 0x8E1E, 0x4D1D, 0x0BFC, 0x1C3C, 0x1C3C, 0x0BFC,
    0x349C, 0x8E1E, 0x9E5E, 0x5D1D, 0x7DBE, 0xFFFF, 0xD75F, 0x141D, 0x349D, 0x759D, 0x655D, 0x1BFB, 0x13FC, 0x141C, 0x141C, 0x0BFC,
    0x3CDD, 0xF7DF, 0xFFFF, 0x8E1E, 0x03DC, 0x1C3C, 0x0C1D, 0xC71F, 0xFFFF, 0xC6FE, 0x13DB, 0x0BDC, 0x5D5D, 0xBEDF, 0xCF3F, 0xBEDF,
    0x759E, 0x141C, 0x13FC, 0x1C1C, 0x9E5E, 0xAE9E, 0x4D1D, 0x9E3E, 0xD73F, 0xCF1F, 0x759D, 0x141C, 0x1C1C, 0x13FC, 0x1C1C, 0x85FE,
    0xCF3F, 0xD73E, 0x7DBD, 0x9E5E, 0xFFFF, 0xCF1E, 0x0BBB, 0x3C9C, 0xB6BE, 0xB6BE, 0x3C9C, 0x13DC, 0x9E3E, 0xAE9E, 0x44DD, 0x8E1E,
    0xD73F, 0xCF1F, 0x759D, 0x0BFC, 0x1C1C, 0x13FC, 0x1BFC, 0x85FE, 0xCF1F, 0xCF1E, 0x7DBD, 0x5D3D, 0xB6BE, 0x9E3E, 0x1C1C, 0x13FC,
    0x141C, 0x141C, 0x141C, 0x141C, 0x141D, 0x13FD, 0x143E, 0x0210, 0x0063, 0x08E6, 0x08E6, 0x08E5, 0x08E5, 0x08E5, 0x0884, 0x08C5,
    0x10E6, 0x0884, 0x0063, 0x08A4, 0x08A4, 0x08A4, 0x08A4, 0x0042, 0x00A6, 0x13DD, 0x1BDD, 0x1BDD, 0x1BDD, 0x1BDD, 0x1BDD, 0x1BDD,
    0x1BFD, 0x1BFD, 0x1BFD, 0x1BFD, 0x0BBD, 0xA67E, 0xFFFF, 0xFFFF, 0xFFFF, 0xFFFF, 0xFFFF, 0xFFFF, 0xFFFF, 0xFFFF, 0xFFFF, 0xFFFF,
    0xFFFF, 0xFFFF, 0xFFFF, 0xFFFF, 0xFFFF, 0xFFFF, 0xFFFF, 0xFFFF, 0xFFFF, 0x6D7E, 0x03BC, 0x1BFC, 0x13FC, 0x03BC, 0x3CBD, 0xAE9E,
    0xF7DF, 0xFFFF, 0xFFFF, 0xFFFF, 0xD75F, 0x141D, 0x141D, 0x141C, 0x141C, 0x141C, 0x141C, 0x141C, 0x141C, 0x0BDC, 0x451D, 0x453E,
    0x03DC, 0x141C, 0x141C, 0x141C, 0x141C, 0x141C, 0x141C, 0x0BFC, 0x3CFD, 0xFFFF, 0xFFFF, 0xAE9E, 0x3CBC, 0x1C5D, 0x0BFC, 0x1C3C,
    0x0BDC, 0x655D, 0xFFFF, 0xEFBF, 0xEFBF, 0xFFFF, 0xFFFF, 0xE77F, 0x8E1E, 0xFFFF, 0xFFFF, 0xFFFF, 0xE79F, 0x2CBD, 0x03FD, 0x6D9D,
    0xFFFF, 0xFFFF, 0xFFFF, 0xFFFF, 0xF7DF, 0x4D3D, 0x03DC, 0x861E, 0xFFFF, 0xD75F, 0xDF7F, 0xFFFF, 0x85FE, 0xA67E, 0xFFFF, 0xFFFF,
    0xFFFF, 0xFFFF, 0xEFBF, 0x141C, 0x141C, 0x141C, 0x141C, 0x143C, 0xDF7F, 0xFFFF, 0xDF5F, 0xFFFF, 0xE77F, 0x1C5C, 0x03DC, 0x75BD,
    0xFFFF, 0xE77F, 0xE79F, 0xFFFF, 0x7DBD, 0x039B, 0x247D, 0xCF1F, 0xFFFF, 0xFFFF, 0xFFFF, 0xFFFF, 0x85FD, 0x0BFC, 0x141C, 0x553D,
    0xF7BF, 0xFFFF, 0xFFFF, 0xFFFF, 0xE79F, 0xFFFF, 0xDF7F, 0x0BFC, 0x655D, 0xFFFF, 0xFFDF, 0x2C5C, 0x0BFC, 0x141C, 0x141C, 0x141C,
    0x0BFC, 0xC71E, 0xFFFF, 0xD75F, 0x1C5D, 0x0C1C, 0x3CBD, 0xF7DF, 0xFFFF, 0x7DBD, 0x035B, 0x85FE, 0xFFFF, 0xFFFF, 0xFFFF, 0xFFFF,
    0xFFFF, 0x9E5E, 0x03BB, 0x2C5B, 0xFFDF, 0xFFFF, 0xF7DF, 0xFFFF, 0xFFFF, 0xFFFF, 0xFFFF, 0x7DBD, 0x0BFC, 0x141C, 0xB6BE, 0xFFFF,
    0xFFFF, 0xFFFF, 0xFFFF, 0xF7DF, 0xFFFF, 0xCF1F, 0x03BC, 0x5D3D, 0xFFFF, 0xFFFF, 0x44BC, 0x13DC, 0xF7BF, 0xFFFF, 0xEF9F, 0xFFFF,
    0xFFFF, 0xFFFF, 0xFFFF, 0x75BD, 0x0BDC, 0x1C1C, 0xBEDE, 0xFFFF, 0xFFFF, 0xFFFF, 0xFFFF, 0xF7DF, 0xFFFF, 0xF7BF, 0x241C, 0x13FC,
    0x141C, 0x13FC, 0x141C, 0x141C, 0x141D, 0x13FD, 0x143E, 0x0210, 0x0063, 0x08E6, 0x08E6, 0x08E5, 0x08E5, 0x08C5, 0x0884, 0x08C5,
    0x10E6, 0x08A4, 0x0083, 0x08A4, 0x0884, 0x08A4, 0x08A4, 0x0042, 0x00A6, 0x13DD, 0x1BDD, 0x1BDD, 0x1BDD, 0x1BDD, 0x1BDD, 0x1BDC,
    0x1BDD, 0x1BFD, 0x1BFD, 0x1BFD, 0x0BBD, 0xA67E, 0xFFFF, 0xFFFF, 0xFFFF, 0xFFFF, 0xFFFF, 0xFFFF, 0xFFFF, 0xFFFF, 0xFFFF, 0xFFFF,
    0xFFFF, 0xFFFF, 0xFFFF, 0xFFFF, 0xFFFF, 0xFFFF, 0xFFFF, 0xFFFF, 0x757D, 0x039C, 0x243C, 0x13DC, 0x13FC, 0x8E1E, 0xFFDF, 0xFFFF,
    0xFFFF, 0xFFFF, 0xFFFF, 0xFFFF, 0xD75F, 0x141D, 0x141D, 0x141C, 0x141C, 0x141C, 0x141C, 0x141C, 0x141C, 0x03DC, 0x451D, 0x453E,
    0x03DC, 0x141C, 0x141C, 0x141C, 0x141C, 0x141C, 0x141C, 0x141C, 0x0BFC, 0xB6DE, 0xFFFF, 0xFFFF, 0xF7DF, 0xCF1F, 0x75BE, 0x141C,
    0x03BB, 0x657D, 0xFFFF, 0xFFFF, 0xCF1F, 0x965E, 0xEFBF, 0xFFFF, 0xFFFF, 0xBEFE, 0xA69E, 0xF7DF, 0xFFFF, 0x861E, 0x03DD, 0x9E7E,
    0xFFFF, 0x963D, 0x6D5D, 0xCF1E, 0xFFFF, 0xCF3E, 0x041D, 0x861E, 0xFFFF, 0xFFFF, 0xEF9F, 0xB6BE, 0x555D, 0x555D, 0xCF1E, 0xFFFF,
    0xEF9F, 0xA65E, 0x85FD, 0x0C1C, 0x141C, 0x141C, 0x141C, 0x141C, 0xD75F, 0xFFFF, 0x9E3E, 0xDF7F, 0xFFFF, 0x657D, 0x03DC, 0xCF3F,
    0xFFFF, 0x8DFE, 0xCF1E, 0xFFFF, 0x7DBD, 0x039C, 0xAEBE, 0xFFFF, 0xDF5F, 0x657D, 0x85FE, 0xF7DF, 0xFFFF, 0x4D1D, 0x143D, 0xE79F,
    0xFFFF, 0xE77F, 0x85DD, 0xAE9E, 0xFFFF, 0xFFFF, 0xDF7F, 0x0BFC, 0x5D3D, 0xFFFF, 0xEF9F, 0x2C7C, 0x0C1C, 0x141C, 0x141C, 0x1C1C,
    0x03BC, 0x7DBD, 0xFFFF, 0xFFFF, 0x4D3D, 0x03BC, 0x7DDD, 0xFFFF, 0xF7DF, 0x2C3C, 0x347C, 0xFFFF, 0xFFFF, 0x9E3E, 0x3CDD, 0x85FE,
    0xF7DF, 0xFFFF, 0x3CBC, 0x1C1B, 0xEF9F, 0xFFFF, 0xF7DF, 0x85FE, 0x85DE, 0xEF9F, 0xFFFF, 0xD75F, 0x0BFC, 0x657D, 0xFFFF, 0xFFFF,
    0xC71F, 0x655D, 0xA67E, 0xFFFF, 0xFFFF, 0xCF3F, 0x0BFD, 0x553D, 0xFFFF, 0xFFFF, 0x3C9C, 0x1BFC, 0xE77F, 0xFFFF, 0xF7DF, 0x85FE,
    0x7DDD, 0xEF9F, 0xFFFF, 0xD75F, 0x03BC, 0x657D, 0xFFFF, 0xFFFF, 0xC6DE, 0x653D, 0x9E5E, 0xFFFF, 0xFFFF, 0xDF7F, 0x1C1C, 0x13FC,
    0x141C, 0x141C, 0x141C, 0x141C, 0x141D, 0x13FC, 0x145F, 0x01F0, 0x0063, 0x08E6, 0x08E6, 0x08E5, 0x08E5, 0x08E5, 0x0883, 0x08C5,
    0x1106, 0x08A4, 0x0063, 0x08A4, 0x08A4, 0x08A4, 0x08A4, 0x0062, 0x00A6, 0x13DD, 0x13FD, 0x1BFD, 0x1BFD, 0x13FC, 0x13FC, 0x13FC,
    0x1BFD, 0x13FD, 0x1BFD, 0x1BFD, 0x0BBD, 0xA67E, 0xFFFF, 0xFFFF, 0xFFFF, 0xFFFF, 0xFFFF, 0xFFFF, 0xFFFF, 0xFFFF, 0xFFFF, 0xDF5F,
    0xFFFF, 0xFFFF, 0xFFFF, 0xFFFF, 0xFFFF, 0xFFFF, 0xFFFF, 0x9E5E, 0x039C, 0x1C1C, 0x0BDC, 0x347D, 0xCF3F, 0xFFFF, 0xFFFF, 0xFFFF,
    0xFFFF, 0xFFFF, 0xFFFF, 0xFFFF, 0xD73F, 0x0C1D, 0x141D, 0x141D, 0x141C, 0x141C, 0x141C, 0x141C, 0x141C, 0x0BDC, 0x451D, 0x453D,
    0x03DC, 0x141C, 0x141C, 0x141C, 0x141C, 0x141C, 0x141C, 0x141C, 0x0BFC, 0x1C5C, 0x9E5E, 0xE79F, 0xFFFF, 0xFFFF, 0xFFFF, 0xB6BE,
    0x03DC, 0x6D9D, 0xFFFF, 0xE77F, 0x1C3C, 0x039C, 0x9E5E, 0xFFFF, 0xCF3E, 0x0C3D, 0x041D, 0xBEFF, 0xFFFF, 0x965E, 0x03FC, 0x143D,
    0x3CDD, 0x245C, 0x0BFB, 0x5D5D, 0xFFFF, 0xEF9F, 0x0C3C, 0x861E, 0xFFFF, 0xEFBF, 0x349C, 0x03BC, 0x143D, 0x03FD, 0x657D, 0xFFFF,
    0xC71F, 0x03BB, 0x03DB, 0x141C, 0x141C, 0x141C, 0x141C, 0x141C, 0xD75F, 0xFFFF, 0x85DE, 0x963E, 0xFFFF, 0xAEBE, 0x44FD, 0xFFFF,
    0xEFBF, 0x3CBD, 0xDF5F, 0xFFFF, 0x7DBD, 0x1C5D, 0xF7DF, 0xFFFF, 0x657D, 0x141C, 0x1C3C, 0xAEBE, 0xFFFF, 0x8E1D, 0x44FD, 0xFFFF,
    0xFFFF, 0x4CFD, 0x039B, 0x03DC, 0xB6BE, 0xFFFF, 0xD75F, 0x0BBC, 0x653D, 0xFFFF, 0xEFBF, 0x2C9D, 0x0C1C, 0x141C, 0x141C, 0x141C,
    0x0BFC, 0x2C9D, 0xF7DF, 0xFFFF, 0x963E, 0x039B, 0xBEFE, 0xFFFF, 0xBEFE, 0x039C, 0x85FE, 0xFFFF, 0xDF5F, 0x347C, 0x34BD, 0x34BD,
    0xCF3E, 0xFFFF, 0x8E1E, 0x1C3C, 0xEFBF, 0xFFFF, 0x85DD, 0x039C, 0x03BC, 0x8E1E, 0xFFFF, 0xE79F, 0x13FC, 0x9E5E, 0xFFFF, 0xE77F,
    0x1C5D, 0x03DC, 0x03BB, 0xB6BE, 0xFFFF, 0xCF3F, 0x0BFD, 0x5D3D, 0xFFFF, 0xFFFF, 0x3C9B, 0x1C1C, 0xEF9F, 0xFFFF, 0x8E1E, 0x03DD,
    0x03DD, 0x8E1E, 0xFFFF, 0xE79F, 0x13FC, 0xA65E, 0xFFFF, 0xDF7F, 0x1C3C, 0x0BFC, 0x03DC, 0x9E7E, 0xFFFF, 0xDF5F, 0x1C1C, 0x13FC,
    0x141C, 0x141C, 0x141C, 0x141C, 0x141D, 0x13FC, 0x145E, 0x01EF, 0x0063, 0x0906, 0x08E6, 0x08E5, 0x08E6, 0x08E6, 0x0883, 0x08C5,
    0x10E6, 0x08A4, 0x0083, 0x08A4, 0x08A4, 0x08A4, 0x08A4, 0x0062, 0x00C6, 0x13FD, 0x13FD, 0x13FD, 0x13FD, 0x13FD, 0x13FD, 0x1BFD,
    0x1BFD, 0x1BFD, 0x13FD, 0x1BFD, 0x0BBD, 0xA67E, 0xFFFF, 0xFFFF, 0xFFFF, 0xFFFF, 0xFFFF, 0xFFFF, 0xFFFF, 0xFFFF, 0xFFFF, 0x54FE,
    0x655E, 0xF7DF, 0xFFFF, 0xFFFF, 0xFFFF, 0xFFFF, 0xE77F, 0x1C1D, 0x13FC, 0x0BDC, 0x34BD, 0xE79F, 0xFFFF, 0xFFDF, 0xFFFF, 0xFFFF,
    0xFFFF, 0xFFFF, 0xFFFF, 0xFFFF, 0xC6FF, 0x03FC, 0x141D, 0x141C, 0x141C, 0x141C, 0x141C, 0x141C, 0x141C, 0x03DC, 0x451D, 0x453D,
    0x03DC, 0x141C, 0x141C, 0x141C, 0x141C, 0x141C, 0x141C, 0x141C, 0x141C, 0x0C1D, 0x03DD, 0x245C, 0x6D9D, 0xCF3F, 0xFFFF, 0xFFFF,
    0x555E, 0x5D7E, 0xFFFF, 0xCF1E, 0x141B, 0x03FD, 0x85FE, 0xFFFF, 0xBEDE, 0x0C3D, 0x0C1D, 0xAEBE, 0xFFFF, 0x963D, 0x039B, 0x44DD,
    0xBEFF, 0xFFFF, 0xFFFF, 0xF7DF, 0xFFFF, 0xEF9F, 0x0C1B, 0x7DDD, 0xFFFF, 0xBEFE, 0x03DC, 0x141C, 0x143C, 0x03FC, 0x6D9E, 0xFFFF,
    0xCF1F, 0x141C, 0x143C, 0x143C, 0x141C, 0x141C, 0x141C, 0x141C, 0xD75F, 0xFFFF, 0x85FE, 0x3CDD, 0xFFFF, 0xEFBF, 0xC71E, 0xFFFF,
    0xAE9E, 0x1C3C, 0xE79F, 0xFFFF, 0x75BD, 0x3CDD, 0xFFFF, 0xFFDF, 0xFFFF, 0xFFFF, 0xFFFF, 0xFFFF, 0xFFFF, 0xAE9E, 0x5D5D, 0xFFFF,
    0xDF7F, 0x1C3C, 0x1C3C, 0x0C1D, 0x657E, 0xFFFF, 0xD73F, 0x03BB, 0x655D, 0xFFFF, 0xF7BF, 0x2C9D, 0x0BFC, 0x141C, 0x141C, 0x141C,
    0x143C, 0x0BFC, 0xBEDE, 0xFFFF, 0xC6FE, 0x2C7C, 0xF7BF, 0xFFFF, 0x7DDE, 0x03BC, 0xAE9E, 0xFFFF, 0xF7BF, 0xFFFF, 0xFFFF, 0xFFFF,
    0xFFFF, 0xFFFF, 0xB6BE, 0x1C7D, 0xEFBF, 0xFFFF, 0x651C, 0x0BBB, 0x0BDC, 0x75BE, 0xFFFF, 0xE79F, 0x13FB, 0xAE9E, 0xFFFF, 0xAEBE,
    0x0BFD, 0x245C, 0x03DC, 0x7DBE, 0xFFFF, 0xCF3F, 0x0BFD, 0x553D, 0xFFFF, 0xFFFF, 0x44BC, 0x243C, 0xEFBF, 0xFFFF, 0x6D7E, 0x0BFC,
    0x0BFC, 0x75BE, 0xFFFF, 0xEF9F, 0x1C1C, 0xAE9E, 0xFFFF, 0xAE9E, 0x0BDC, 0x2C7C, 0x141C, 0x6D7D, 0xFFFF, 0xDF7F, 0x1C1C, 0x13FC,
    0x141C, 0x141C, 0x13FC, 0x141C, 0x141D, 0x13FC, 0x0C5E, 0x01EF, 0x0063, 0x08E6, 0x08E6, 0x08E6, 0x08E6, 0x08E6, 0x0883, 0x08C5,
    0x10E6, 0x08A4, 0x0083, 0x08A4, 0x08A4, 0x08A4, 0x08A4, 0x0062, 0x00C6, 0x13FD, 0x1BFD, 0x13FD, 0x13FD, 0x13FD, 0x1BFD, 0x1BFD,
    0x1BFD, 0x1BFD, 0x13FD, 0x1BFD, 0x0BBD, 0xA67E, 0xFFFF, 0xFFFF, 0xFFFF, 0xFFFF, 0xFFFF, 0xFFFF, 0xFFFF, 0xFFFF, 0xFFFF, 0x5D3E,
    0x039D, 0x44BD, 0xEFBF, 0xFFFF, 0xFFFF, 0xFFFF, 0x657E, 0x03DC, 0x13FC, 0x243D, 0xE77F, 0xFFFF, 0xFFDF, 0xFFFF, 0xFFFF, 0xFFFF,
    0xFFFF, 0xFFFF, 0xFFFF, 0xFFFF, 0xAE9E, 0x03DC, 0x141C, 0x141C, 0x141C, 0x141C, 0x141C, 0x141C, 0x141C, 0x03DC, 0x451D, 0x453E,
    0x03DC, 0x141C, 0x141C, 0x141C, 0x141C, 0x141C, 0x141C, 0x141C, 0x03BC, 0x2C9C, 0x2C9D, 0x03BC, 0x03DD, 0x0BFC, 0xCF1E, 0xFFFF,
    0x8E1E, 0x5D7E, 0xFFFF, 0xD71E, 0x141B, 0x03DC, 0x8E1E, 0xFFFF, 0xC6FF, 0x0C1D, 0x03DC, 0xAE9E, 0xFFFF, 0x963D, 0x0BBB, 0xDF7F,
    0xFFFF, 0xC71E, 0x8E1E, 0xB6DE, 0xFFFF, 0xE79E, 0x0BFB, 0x7DDD, 0xFFFF, 0xBEFE, 0x041D, 0x141C, 0x141C, 0x03DC, 0x657D, 0xFFFF,
    0xC71F, 0x0C1C, 0x143D, 0x143C, 0x143C, 0x141C, 0x0BFC, 0x141C, 0xD75F, 0xFFFF, 0x8E1E, 0x03BD, 0xBEDE, 0xFFFF, 0xF7DF, 0xFFFF,
    0x4D3D, 0x1C5D, 0xE79F, 0xFFFF, 0x75BD, 0x349C, 0xFFFF, 0xFFDF, 0xA67D, 0xA67E, 0xAEBE, 0x9E5E, 0x963D, 0x553D, 0x5D5D, 0xFFFF,
    0xE79F, 0x1C5D, 0x1C3D, 0x0BFD, 0x6D9E, 0xFFFF, 0xD73F, 0x03BB, 0x655D, 0xFFFF, 0xF7BF, 0x2C9D, 0x0BFC, 0x141C, 0x141C, 0x141C,
    0x1C3C, 0x03DC, 0x6D7D, 0xFFFF, 0xE79F, 0x963E, 0xFFFF, 0xF7DF, 0x34BD, 0x03DD, 0xA67E, 0xFFFF, 0xDF5E, 0x7DBD, 0x8E1D, 0x961D,
    0x7DDD, 0x85FD, 0x555D, 0x249D, 0xEFBF, 0xFFFF, 0x6D5D, 0x0BBB, 0x03BC, 0x75BE, 0xFFFF, 0xE79F, 0x0BDB, 0xAE9E, 0xFFFF, 0xBEDE,
    0x03DC, 0x1C3D, 0x03DD, 0x8E1E, 0xFFFF, 0xCF1F, 0x03DC, 0x551D, 0xFFFF, 0xFFFF, 0x44DC, 0x243C, 0xEF9F, 0xFFFF, 0x6D7D, 0x0BDC,
    0x0BBB, 0x75BD, 0xFFFF, 0xEF9F, 0x13FC, 0xA67E, 0xFFFF, 0xCF1E, 0x0BDC, 0x141C, 0x03BC, 0x8DFE, 0xFFFF, 0xE77F, 0x1C3C, 0x0BFC,
    0x141C, 0x13FC, 0x141C, 0x141C, 0x141D, 0x13FC, 0x0C5E, 0x01EF, 0x0063, 0x0906, 0x08E6, 0x08E6, 0x08E6, 0x08E6, 0x0883, 0x08C5,
    0x10E5, 0x08A4, 0x0083, 0x08A4, 0x08A4, 0x08A4, 0x08A4, 0x0062, 0x00A6, 0x13FD, 0x13FD, 0x13FD, 0x13FD, 0x13FD, 0x1BFD, 0x1BFD,
    0x1BFD, 0x13FD, 0x13FD, 0x1BFD, 0x03BC, 0xA67E, 0xFFFF, 0xFFFF, 0xFFFF, 0xFFFF, 0xFFFF, 0xFFFF, 0xFFFF, 0xFFFF, 0xFFFF, 0x655E,
    0x13DD, 0x037C, 0x5D1D, 0xFFFF, 0xFFFF, 0xD73F, 0x13FD, 0x1C1C, 0x0BDC, 0xBEDE, 0xFFFF, 0xFFFF, 0xFFFF, 0xFFFF, 0xFFFF, 0xFFFF,
    0xFFFF, 0xFFFF, 0xFFFF, 0xFFFF, 0x85FE, 0x03DC, 0x141C, 0x141C, 0x141C, 0x141C, 0x141C, 0x141C, 0x141C, 0x03DC, 0x451D, 0x4D5E,
    0x03DC, 0x141C, 0x141C, 0x141C, 0x141C, 0x141C, 0x141C, 0x0BFC, 0x34BD, 0xE77F, 0xD75F, 0x3CDD, 0x141C, 0x349C, 0xDF5E, 0xFFFF,
    0x75DE, 0x553D, 0xFFFF, 0xCF3E, 0x141B, 0x03DC, 0x8E1E, 0xFFFF, 0xC6FE, 0x0BFC, 0x03BB, 0xA69E, 0xFFFF, 0x8E1E, 0x2C9C, 0xFFFF,
    0xF7BF, 0x1C7D, 0x039D, 0x555D, 0xFFFF, 0xE79F, 0x0C1C, 0x7DFE, 0xFFFF, 0xBEDE, 0x03FC, 0x143C, 0x143C, 0x03DC, 0x657D, 0xFFFF,
    0xD75F, 0x1C3C, 0x141C, 0x143C, 0x143D, 0x141C, 0x0BFC, 0x141C, 0xD75F, 0xFFFF, 0x8DFE, 0x039C, 0x551C, 0xFFFF, 0xFFFF, 0xCF1F,
    0x0BFC, 0x245C, 0xE77F, 0xFFFF, 0x7DBD, 0x0BFB, 0xEF9F, 0xFFFF, 0x75BD, 0x03BB, 0x03FD, 0x553D, 0x4CFC, 0x039B, 0x44FC, 0xFFFF,
    0xFFFF, 0x7DDE, 0x03FD, 0x247D, 0xCF1F, 0xFFFF, 0xD75F, 0x03BB, 0x655D, 0xFFFF, 0xF7BF, 0x2C9D, 0x0BFC, 0x141C, 0x141C, 0x141C,
    0x141C, 0x0BFC, 0x245C, 0xEFBF, 0xFFFF, 0xF7DF, 0xFFFF, 0xBEDE, 0x0BFC, 0x03DC, 0x659E, 0xFFFF, 0xEF9F, 0x3C9C, 0x037B, 0x03BC,
    0x5D5D, 0x3CDD, 0x041D, 0x34BD, 0xEF9F, 0xFFFF, 0x6D5D, 0x0BBB, 0x03BB, 0x759D, 0xFFFF, 0xE79F, 0x0BFC, 0x8E1E, 0xFFFF, 0xF7DF,
    0x553D, 0x0BFD, 0x3CDD, 0xE79F, 0xFFFF, 0xCF1F, 0x039C, 0x4CFD, 0xFFFF, 0xFFFF, 0x44DD, 0x243C, 0xEF9F, 0xFFFF, 0x6D7D, 0x0BBB,
    0x0BBB, 0x759D, 0xFFFF, 0xEF9F, 0x143D, 0x75BE, 0xFFFF, 0xFFFF, 0x9E5E, 0x3CBD, 0x657D, 0xF7BF, 0xFFFF, 0xE79F, 0x1C3C, 0x0BFC,
    0x13FC, 0x0BFC, 0x141C, 0x141C, 0x141D, 0x13FC, 0x0C5E, 0x01EF, 0x0063, 0x0906, 0x08E6, 0x08E6, 0x08E6, 0x08E6, 0x0884, 0x08C5,
    0x10E5, 0x08A4, 0x0883, 0x08A4, 0x08A4, 0x08A4, 0x08A5, 0x0062, 0x00A6, 0x13FD, 0x1BFD, 0x13FC, 0x13FD, 0x13FC, 0x13FC, 0x13FC,
    0x13FD, 0x13FD, 0x13FD, 0x1BFD, 0x03BC, 0xA67E, 0xFFFF, 0xFFFF, 0xFFFF, 0xFFFF, 0xFFFF, 0xFFFF, 0xFFFF, 0xFFFF, 0xFFFF, 0x7DBE,
    0x03BC, 0x1C1C, 0x03BC, 0x9E5E, 0xFFFF, 0x6D7D, 0x0BBC, 0x0BDC, 0x6D7E, 0xFFFF, 0xFFFF, 0xFFFF, 0xFFFF, 0xFFFF, 0xE79F, 0xFFFF,
    0xFFFF, 0xFFFF, 0xFFFF, 0xFFFF, 0x4CFD, 0x03DD, 0x141C, 0x141C, 0x141C, 0x141C, 0x141C, 0x141C, 0x141C, 0x03DC, 0x451D, 0x4D5E,
    0x03DC, 0x141C, 0x141C, 0x141C, 0x141C, 0x141C, 0x143C, 0x03FC, 0x5D5D, 0xFFFF, 0xFFFF, 0xFFDF, 0xD73E, 0xEFBF, 0xFFFF, 0xFFFF,
    0x2C7C, 0x553D, 0xFFFF, 0xD73E, 0x141C, 0x03DC, 0x85FE, 0xFFFF, 0xBEDE, 0x0BFC, 0x03DC, 0xA69E, 0xFFFF, 0x963E, 0x1C5C, 0xFFFF,
    0xFFFF, 0xA67E, 0x8E1E, 0xFFDF, 0xFFFF, 0xEFBF, 0x0C3C, 0x7E1E, 0xFFFF, 0xB6DE, 0x03DC, 0x143C, 0x143C, 0x03DC, 0x553D, 0xFFFF,
    0xFFFF, 0xDF5F, 0xB6BE, 0x141C, 0x141C, 0x141C, 0x13FC, 0x141C, 0xD75F, 0xFFFF, 0x85DE, 0x03BB, 0x143C, 0x75DE, 0x8E3E, 0x3CFD,
    0x03FC, 0x1C5C, 0xE77F, 0xFFFF, 0x7DDD, 0x039C, 0x963E, 0xFFFF, 0xFFFF, 0xC6FE, 0xBEDE, 0xFFFF, 0xFFFF, 0x4CFD, 0x0BFC, 0xCF1F,
    0xFFFF, 0xFFDF, 0xC6FF, 0xE79F, 0xFFFF, 0xFFFF, 0xDF5F, 0x03DC, 0x655D, 0xFFFF, 0xEFBF, 0x245C, 0x0BFC, 0x141C, 0x141C, 0x141C,
    0x141C, 0x141C, 0x03FC, 0xB6BE, 0xFFFF, 0xF7DF, 0xFFFF, 0x655D, 0x03BC, 0x13FC, 0x143C, 0xDF7F, 0xFFFF, 0xF7DF, 0xC6FE, 0xD73F,
    0xFFFF, 0xFFFF, 0x34BD, 0x247D, 0xEF9F, 0xFFFF, 0x6D5D, 0x03BB, 0x03BC, 0x759D, 0xFFFF, 0xE79F, 0x141C, 0x2C7D, 0xF7DF, 0xFFFF,
    0xF7DF, 0xCF1F, 0xFFDF, 0xFFFF, 0xFFFF, 0xCF1E, 0x039C, 0x4CFD, 0xFFFF, 0xFFFF, 0x44DC, 0x1C1C, 0xE79F, 0xFFFF, 0x6D7D, 0x0BDC,
    0x03DC, 0x75BD, 0xFFFF, 0xE79F, 0x247D, 0x145D, 0xD75F, 0xFFFF, 0xFFFF, 0xFFFF, 0xFFFF, 0xFFFF, 0xFFFF, 0xE79F, 0x1C3C, 0x0BFC,
    0x13FC, 0x0BFC, 0x141C, 0x141C, 0x0C1D, 0x0BFC, 0x0C5E, 0x01EF, 0x0063, 0x08E6, 0x08E6, 0x08E6, 0x08E6, 0x08E6, 0x0884, 0x08C5,
    0x10E6, 0x08A4, 0x0883, 0x08A4, 0x08A4, 0x08A4, 0x08A5, 0x0062, 0x00C6, 0x13FD, 0x13FD, 0x13FD, 0x13FD, 0x13FC, 0x13FD, 0x13FC,
    0x13FC, 0x13FC, 0x13FC, 0x1BFD, 0x0BBC, 0xA67E, 0xFFFF, 0xFFDF, 0xFFFF, 0xFFFF, 0xFFFF, 0xFFFF, 0xFFFF, 0xFFDF, 0xFFFF, 0xAE9E,
    0x0BBC, 0x1C1C, 0x141D, 0x349D, 0xE79F, 0x345D, 0x0BDC, 0x1C3D, 0xE77F, 0xFFFF, 0xFFFF, 0xFFFF, 0xFFDF, 0x9E1E, 0xE77F, 0xFFFF,
    0xFFFF, 0xFFFF, 0xFFFF, 0xE77F, 0x1C1D, 0x0BFC, 0x141C, 0x141C, 0x141C, 0x141C, 0x141C, 0x141C, 0x141C, 0x03DC, 0x3D1D, 0x453E,
    0x03DC, 0x141C, 0x141C, 0x141C, 0x141C, 0x141C, 0x141C, 0x141C, 0x03DC, 0x5D7D, 0xDF7F, 0xFFFF, 0xFFFF, 0xFFFF, 0xE79F, 0x5D5D,
    0x039B, 0x5D5D, 0xFFFF, 0xD73F, 0x143C, 0x03FC, 0x85FE, 0xFFFF, 0xB6DE, 0x03FC, 0x03DC, 0xA69E, 0xFFFF, 0x963E, 0x03BC, 0x8E1E,
    0xFFFF, 0xFFFF, 0xFFFF, 0xBF1F, 0xF7FF, 0xF7BF, 0x0C3D, 0x7E1E, 0xFFFF, 0xB6BE, 0x03DC, 0x0C1C, 0x0C1C, 0x0C3D, 0x143D, 0xB6DE,
    0xFFFF, 0xFFFF, 0xE79F, 0x143C, 0x0C1C, 0x141C, 0x141C, 0x141C, 0xD75F, 0xFFFF, 0x7DDD, 0x03BC, 0x143C, 0x03FD, 0x03FC, 0x0C1C,
    0x143C, 0x1C5C, 0xE79F, 0xFFFF, 0x75BD, 0x03FC, 0x145D, 0x965E, 0xFFDF, 0xFFFF, 0xFFFF, 0xF7DF, 0x963E, 0x1C7D, 0x0C3D, 0x349D,
    0xCF3F, 0xFFFF, 0xFFFF, 0xF7DF, 0xB6BF, 0xFFFF, 0xDF7F, 0x03FC, 0x5D3D, 0xFFFF, 0xEFBF, 0x245C, 0x0BFC, 0x141C, 0x141C, 0x141C,
    0x141C, 0x141C, 0x03DC, 0x5D5D, 0xFFFF, 0xFFFF, 0xEF9F, 0x243C, 0x0BFC, 0x141C, 0x03FC, 0x2C9D, 0xC71F, 0xFFFF, 0xFFFF, 0xFFFF,
    0xEFBF, 0x75DD, 0x0BFC, 0x243C, 0xE79F, 0xFFFF, 0x655D, 0x03DC, 0x03DC, 0x6D9D, 0xFFFF, 0xDF5F, 0x1C1C, 0x03BC, 0x553D, 0xEFBF,
    0xFFFF, 0xFFFF, 0xDF5F, 0xAE9E, 0xFFFF, 0xC6FE, 0x03BC, 0x4D1D, 0xFFFF, 0xFFFF, 0x44DD, 0x13FC, 0xDF7F, 0xFFFF, 0x657E, 0x03DC,
    0x03DC, 0x75BE, 0xFFFF, 0xE77F, 0x247D, 0x03FD, 0x245C, 0xAE9E, 0xEFBF, 0xEFBF, 0x9E3D, 0x85DD, 0xFFFF, 0xE77F, 0x1C1C, 0x0BFC,
    0x141C, 0x0C1C, 0x141C, 0x141C, 0x0C1C, 0x0BFC, 0x0C5E, 0x01EF, 0x0063, 0x0906, 0x08E6, 0x08E6, 0x08E6, 0x08E6, 0x0884, 0x08C5,
    0x10E6, 0x08A4, 0x0083, 0x08A4, 0x08A4, 0x08A4, 0x08A5, 0x0062, 0x00C6, 0x13FD, 0x13FD, 0x13FD, 0x13FD, 0x13FC, 0x13FC, 0x13FC,
    0x13FC, 0x13FC, 0x13FC, 0x1BFD, 0x03BD, 0xA67E, 0xFFFF, 0xFFFF, 0xFFFF, 0xFFFF, 0xFFFF, 0xFFFF, 0xFFFF, 0xFFFF, 0xFFFF, 0xEF9F,
    0x241C, 0x13FC, 0x1C3D, 0x143D, 0x5D5D, 0x243C, 0x03BC, 0x655D, 0xFFFF, 0xFFFF, 0xFFFF, 0xFFFF, 0x6D3D, 0xBEBE, 0xFFFF, 0xFFFF,
    0xFFFF, 0xFFFF, 0xFFFF, 0x961E, 0x03BC, 0x141C, 0x13FC, 0x141C, 0x141C, 0x141C, 0x141C, 0x141C, 0x141C, 0x03DC, 0x3D1D, 0x453D,
    0x03DC, 0x141C, 0x141C, 0x141C, 0x141C, 0x141C, 0x141C, 0x141C, 0x141C, 0x03FC, 0x143C, 0x44FD, 0x5D5D, 0x553D, 0x1C7D, 0x03FC,
    0x0C1C, 0x143C, 0x3CDD, 0x2CBD, 0x0C3D, 0x0C3D, 0x1C7D, 0x3CDD, 0x247D, 0x0BFC, 0x03FC, 0x247D, 0x3CDD, 0x1C5C, 0x0C1D, 0x03FD,
    0x34BC, 0x5D5D, 0x44FC, 0x041C, 0x34DD, 0x34DD, 0x043D, 0x1C9D, 0x3CDD, 0x247C, 0x0C1C, 0x0C1C, 0x0C1C, 0x0C3C, 0x0C1C, 0x0C1C,
    0x553D, 0x657D, 0x34BD, 0x0C1C, 0x0C1C, 0x0C1C, 0x141C, 0x0C1C, 0x2CBD, 0x3CDD, 0x1C5D, 0x0C1C, 0x141C, 0x143C, 0x143C, 0x143C,
    0x143D, 0x143D, 0x3CDD, 0x3CFD, 0x1C5C, 0x0C3C, 0x143C, 0x03DC, 0x34DD, 0x657D, 0x5D7D, 0x2C9C, 0x03FC, 0x0C3D, 0x145C, 0x0BFC,
    0x0C1C, 0x4D1D, 0x657D, 0x2C9C, 0x0BFC, 0x3CDD, 0x34BD, 0x0C1D, 0x1C5D, 0x3CDD, 0x34BD, 0x0C1C, 0x141C, 0x141C, 0x141C, 0x141C,
    0x141C, 0x141C, 0x0C1C, 0x141C, 0x34BC, 0x3CBD, 0x2C7C, 0x0BFC, 0x0C1C, 0x0C1C, 0x141C, 0x03FC, 0x0BFC, 0x44FD, 0x657D, 0x5D5D,
    0x247C, 0x03DC, 0x0BFC, 0x0BFB, 0x2C7C, 0x3CBC, 0x143D, 0x0C1C, 0x0BFC, 0x1C3C, 0x349C, 0x2C7C, 0x0BFC, 0x0C1C, 0x03DC, 0x247D,
    0x5D5D, 0x553C, 0x1C1C, 0x0BFC, 0x3CDC, 0x2C7D, 0x0BFD, 0x143D, 0x3CDD, 0x3CDD, 0x143D, 0x0BFC, 0x2C7C, 0x34BD, 0x143C, 0x0C1C,
    0x0C1C, 0x1C5D, 0x3CDD, 0x34BD, 0x141D, 0x0BDC, 0x039B, 0x0BDC, 0x141C, 0x1C3B, 0x031B, 0x75BD, 0xFFFF, 0xDF5F, 0x141C, 0x0BFC,
    0x0C1C, 0x0C1C, 0x141C, 0x141C, 0x0C1D, 0x0BFC, 0x0C5E, 0x01EE, 0x0063, 0x0906, 0x08E6, 0x08E6, 0x08E6, 0x08E6, 0x0884, 0x08C5,
    0x10E5, 0x08A4, 0x0083, 0x08A4, 0x08A4, 0x08A4, 0x08A4, 0x0042, 0x00C6, 0x13FD, 0x13FD, 0x13FC, 0x13FD, 0x13FC, 0x13FC, 0x13FC,
    0x13DC, 0x13FC, 0x13FC, 0x13FD, 0x0BDC, 0x3C9D, 0xB6BF, 0xBEFF, 0xBEDF, 0xBEDF, 0xBEDF, 0xBEFF, 0xBEFF, 0xBEFF, 0xBEFF, 0xFFFF,
    0x6D9D, 0x0BDD, 0x1C5D, 0x1C3D, 0x141C, 0x1C3D, 0x0BDC, 0xAEBE, 0xFFFF, 0xFFDF, 0xFFFF, 0x5CFD, 0x7D9E, 0xFFFF, 0xFFFF, 0xFFFF,
    0xFFFF, 0xFFFF, 0xF7DF, 0x2C7D, 0x0BDC, 0x13FC, 0x13FC, 0x13FC, 0x141C, 0x141C, 0x141C, 0x141C, 0x141C, 0x03DC, 0x3D1D, 0x453D,
    0x03DC, 0x141C, 0x141C, 0x141C, 0x141C, 0x0C1C, 0x0C1C, 0x0C1C, 0x0C1C, 0x143C, 0x0C1C, 0x03FC, 0x03FC, 0x03FC, 0x0C1C, 0x143C,
    0x0C3C, 0x0C1C, 0x03FC, 0x03FC, 0x0C3C, 0x0C3C, 0x0C1C, 0x03FC, 0x03FC, 0x0C1C, 0x0C1C, 0x03FC, 0x03FC, 0x03FC, 0x0C1C, 0x0C1C,
    0x03DC, 0x03DC, 0x03FC, 0x0C1C, 0x03FC, 0x03FC, 0x0C3C, 0x043D, 0x03FC, 0x03FC, 0x0C1C, 0x0C1C, 0x0C1C, 0x0C1C, 0x0C3C, 0x0C1C,
    0x03FC, 0x03FC, 0x03FC, 0x0C1C, 0x0C1C, 0x0C1C, 0x143C, 0x143C, 0x03FC, 0x03FC, 0x0C1C, 0x143C, 0x141C, 0x0C1C, 0x0C1C, 0x0C1C,
    0x141C, 0x143D, 0x041C, 0x03FC, 0x0C1C, 0x141C, 0x141C, 0x143C, 0x0BFC, 0x03FC, 0x03FC, 0x0C1C, 0x143C, 0x143C, 0x141C, 0x141C,
    0x0BFC, 0x03DC, 0x03FC, 0x03FC, 0x0C1C, 0x03DC, 0x03FC, 0x0C3C, 0x0C1C, 0x03FC, 0x03FC, 0x141C, 0x141C, 0x141C, 0x0C1C, 0x0C1C,
    0x0C1C, 0x0C1C, 0x0C1C, 0x0BFC, 0x03DC, 0x03DC, 0x03FC, 0x0BFC, 0x0BFC, 0x0C1C, 0x0C1C, 0x0C1C, 0x0C1C, 0x03DC, 0x03DC, 0x03DC,
    0x03FC, 0x0C1C, 0x0BFC, 0x0BFC, 0x03DC, 0x03DC, 0x0BFC, 0x0C1C, 0x0C1C, 0x0BFC, 0x03DC, 0x03DC, 0x0BFC, 0x0BFC, 0x0C1C, 0x03FC,
    0x03BC, 0x03BB, 0x0BFC, 0x0C1C, 0x03DC, 0x03FC, 0x0C1C, 0x0C1C, 0x03FC, 0x03FC, 0x0C1C, 0x0C1C, 0x03DC, 0x03DC, 0x0BFC, 0x0C1C,
    0x0C1C, 0x0BFC, 0x03DC, 0x03FD, 0x0C1C, 0x0BDB, 0xA65D, 0xDF5F, 0x551D, 0x2C3C, 0x653D, 0xEF9F, 0xFFFF, 0xA67E, 0x03BC, 0x141C,
    0x0BFC, 0x0C1C, 0x0C1C, 0x0BFC, 0x0C1D, 0x0BFC, 0x0C5E, 0x01EF, 0x0063, 0x08E6, 0x08E6, 0x08E6, 0x08E6, 0x08E6, 0x0884, 0x08C5,
    0x10E6, 0x08A4, 0x0083, 0x08A4, 0x08A4, 0x08A4, 0x08A4, 0x0062, 0x00C6, 0x13FD, 0x13FD, 0x13DC, 0x13DC, 0x13DC, 0x13DC, 0x13FC,
    0x13FC, 0x13FC, 0x13FC, 0x13FC, 0x13FC, 0x0BDC, 0x03BC, 0x0BDD, 0x03DC, 0x03DC, 0x03DC, 0x0BDD, 0x0BFD, 0x03FD, 0x0BDD, 0xDF7F,
    0xDF7F, 0x1C3D, 0x1C3D, 0x141C, 0x141C, 0x141D, 0x1C5D, 0xE79F, 0xFFFF, 0xFFFF, 0x85DE, 0x44BD, 0xFFFF, 0xFFFF, 0xFFFF, 0xFFFF,
    0xFFDF, 0xFFFF, 0x8E1E, 0x03BC, 0x141C, 0x13FC, 0x141C, 0x13FC, 0x141C, 0x0C1C, 0x141C, 0x141C, 0x141C, 0x03DC, 0x3D1D, 0x453D,
    0x03DC, 0x141C, 0x141C, 0x0C1C, 0x0C1C, 0x0C1C, 0x0C1C, 0x0C1C, 0x0C1C, 0x0C1C, 0x0C1C, 0x141C, 0x143C, 0x143C, 0x0C1C, 0x0C1C,
    0x0C1C, 0x0C1C, 0x0C1C, 0x0C1C, 0x0C1C, 0x0C1C, 0x0C1C, 0x0C3C, 0x0C1C, 0x0C1C, 0x0C1C, 0x0C1C, 0x0C1C, 0x0C1C, 0x0C1C, 0x0BFC,
    0x0C1C, 0x0C1C, 0x0C1C, 0x0C1C, 0x0C1C, 0x0C1C, 0x0C1C, 0x0C1C, 0x0C1C, 0x0C1C, 0x0C1C, 0x0C1C, 0x0C1C, 0x0C1C, 0x0C1C, 0x0C1C,
    0x143C, 0x143C, 0x0C1C, 0x0C1C, 0x0C1C, 0x0C1C, 0x0C1C, 0x0C1C, 0x141C, 0x141C, 0x0C1C, 0x0C1C, 0x0C1C, 0x0C1C, 0x0C1C, 0x0C1C,
    0x0C1C, 0x0C1C, 0x143C, 0x143C, 0x0C3C, 0x0C1C, 0x0C1C, 0x0C1C, 0x143C, 0x143C, 0x143C, 0x143C, 0x0C1C, 0x0C1C, 0x141C, 0x0C1C,
    0x0C1C, 0x143C, 0x143C, 0x141C, 0x0C1C, 0x0C1C, 0x0C1C, 0x0C1C, 0x0C1C, 0x141C, 0x141C, 0x0C1C, 0x0C1C, 0x0C1C, 0x0C1C, 0x0C1C,
    0x0C1C, 0x0C1C, 0x0C1C, 0x0BFC, 0x0C1C, 0x0C1C, 0x0C1C, 0x0BFC, 0x0BFC, 0x0BFC, 0x0BFC, 0x0C1C, 0x0C1C, 0x0C1C, 0x141C, 0x0C1C,
    0x0C1C, 0x0BFC, 0x0BFC, 0x0BFC, 0x0C1C, 0x0C1C, 0x0C1C, 0x0BFC, 0x0BFC, 0x0C1C, 0x0C1C, 0x0BFC, 0x0BFC, 0x0BFC, 0x0BFC, 0x0BFC,
    0x0C1C, 0x0C1C, 0x0C1C, 0x0C1C, 0x0C1C, 0x0C1C, 0x0C1C, 0x0C1C, 0x0C1C, 0x0C1C, 0x0C1C, 0x0C1C, 0x0C1C, 0x0C1C, 0x0C1C, 0x0C1C,
    0x0C1C, 0x0C1C, 0x141C, 0x143C, 0x03DC, 0x349C, 0xFFFF, 0xFFFF, 0xFFFF, 0xF7DF, 0xFFFF, 0xFFFF, 0xF7BF, 0x347D, 0x03FC, 0x141C,
    0x0C1C, 0x0C1C, 0x0C1C, 0x0BFC, 0x0C1D, 0x0BFC, 0x0C5E, 0x01EF, 0x0063, 0x08E6, 0x08E6, 0x08E6, 0x08E5, 0x08E6, 0x08A4, 0x08C5,
    0x10E6, 0x08A4, 0x0083, 0x08A4, 0x08A4, 0x08A4, 0x08A5, 0x0062, 0x00C6, 0x13FD, 0x13DC, 0x13DC, 0x13DC, 0x13DC, 0x13FC, 0x13FC,
    0x13FC, 0x13FD, 0x13FC, 0x13FC, 0x13FD, 0x13FC, 0x13FC, 0x13FC, 0x13FC, 0x13FC, 0x13FC, 0x13FC, 0x141D, 0x13FC, 0x13DB, 0xD73F,
    0xFFFF, 0x963E, 0x03DD, 0x1C1C, 0x141C, 0x0BFD, 0x3CDD, 0xFFFF, 0xFFFF, 0xA67E, 0x1C1D, 0xE79F, 0xFFFF, 0xFFFF, 0xFFFF, 0xFFDF,
    0xFFFF, 0xD73F, 0x141C, 0x0C1C, 0x141C, 0x13FC, 0x141C, 0x0C1C, 0x0C1C, 0x0C1C, 0x141C, 0x0C1C, 0x141C, 0x03DC, 0x3D1D, 0x453E,
    0x03DC, 0x141C, 0x0C1C, 0x0C1C, 0x0C1C, 0x0C1C, 0x0C1C, 0x0C1C, 0x0C1C, 0x0C1C, 0x0C1C, 0x0C1C, 0x0C1C, 0x0C1C, 0x0C1C, 0x0C1C,
    0x0C1C, 0x0C1C, 0x0C1C, 0x0C1C, 0x0C1C, 0x0C1C, 0x0C1C, 0x0C1C, 0x0C1C, 0x0C1C, 0x0C1C, 0x0C1C, 0x0C1C, 0x0C1C, 0x0C1C, 0x0C1C,
    0x0C1C, 0x0C1C, 0x0C1C, 0x0C1C, 0x0C1C, 0x0C1C, 0x0C1C, 0x0C1C, 0x0C1C, 0x0C1C, 0x0C1C, 0x0C1C, 0x0C1C, 0x0C1C, 0x0C1C, 0x0C1C,
    0x0C1C, 0x0C1C, 0x0C1C, 0x0C1C, 0x0C1C, 0x0C1C, 0x0C1C, 0x0C1C, 0x0C1C, 0x0C1C, 0x0C1C, 0x0C1C, 0x0C1C, 0x0C1C, 0x0C1C, 0x0C1C,
    0x0C1C, 0x0C1C, 0x0C1C, 0x0C1C, 0x0C1C, 0x0C1C, 0x0C1C, 0x0C1C, 0x0C1C, 0x0C1C, 0x0C1C, 0x0C1C, 0x0C1C, 0x0C1C, 0x0C1C, 0x0C1C,
    0x0C1C, 0x0C1C, 0x0C1C, 0x0C1C, 0x0C1C, 0x0C1C, 0x0C1C, 0x0C1C, 0x0C1C, 0x0C1C, 0x0C1C, 0x0C1C, 0x0C1C, 0x0C1C, 0x0C1C, 0x0C1C,
    0x0C1C, 0x0C1C, 0x0BFC, 0x0C1C, 0x0C1C, 0x0C1C, 0x0C1C, 0x0BFC, 0x0BFC, 0x0BFC, 0x0BFC, 0x0C1C, 0x0BFC, 0x0BFC, 0x0BFC, 0x0BFC,
    0x0BFC, 0x0BFC, 0x0BFC, 0x0BFC, 0x0C1C, 0x0C1C, 0x0C1C, 0x0C1C, 0x0C1C, 0x0BFC, 0x0BFC, 0x0BFC, 0x0BFC, 0x0BFC, 0x0BFC, 0x0BFC,
    0x0C1C, 0x0C1C, 0x0BFC, 0x0BFC, 0x0BFC, 0x0BFC, 0x0BFC, 0x0C1C, 0x0C1C, 0x0BFC, 0x0BFC, 0x0BFC, 0x0BFC, 0x0BFC, 0x0BFC, 0x0BFC,
    0x0BFC, 0x0C1C, 0x0C1C, 0x0C1C, 0x0C1C, 0x03FC, 0x451D, 0xC6FE, 0xEFBF, 0xFFFF, 0xF7DF, 0xBEDE, 0x34BD, 0x03DC, 0x141C, 0x0C1C,
    0x0C1C, 0x0BFC, 0x0BFC, 0x0BFC, 0x0C1D, 0x0BFC, 0x0C5E, 0x01EF, 0x0063, 0x08E6, 0x08E5, 0x08E5, 0x08E5, 0x08E5, 0x0884, 0x08C5,
    0x10E6, 0x08A4, 0x0083, 0x08A4, 0x08A4, 0x08A4, 0x08A5, 0x0062, 0x00C6, 0x13DD, 0x13DD, 0x13DC, 0x13DC, 0x13DC, 0x13DC, 0x13FC,
    0x13FC, 0x13FC, 0x13FC, 0x13FC, 0x13FC, 0x13FC, 0x13FC, 0x13FC, 0x13FC, 0x13FC, 0x13FC, 0x13FC, 0x13FC, 0x0BFC, 0x13DC, 0xD75F,
    0xFFFF, 0xFFFF, 0x553D, 0x03BB, 0x1C1C, 0x03FD, 0x4D1D, 0xFFFF, 0xD75F, 0x039C, 0x9E5E, 0xFFFF, 0xFFFF, 0xFFFF, 0xFFDF, 0xFFFF,
    0xEF9F, 0x2C7D, 0x0BDC, 0x141C, 0x141C, 0x141C, 0x0C1C, 0x0C1C, 0x0C1C, 0x0C1C, 0x0C1C, 0x0C1C, 0x141C, 0x03DC, 0x3D1D, 0x453E,
    0x03DC, 0x141C, 0x0C1C, 0x0C1C, 0x0C1C, 0x0C1C, 0x0C1C, 0x0C1C, 0x0C1C, 0x0C1C, 0x0C1C, 0x0C1C, 0x0C1C, 0x0C1C, 0x0C1C, 0x0C1C,
    0x0C1C, 0x0C1C, 0x0C1C, 0x0C1C, 0x0C1C, 0x0C1C, 0x0C1C, 0x0C1C, 0x0C1C, 0x0C1C, 0x0C1C, 0x0C1C, 0x0C1C, 0x0C1C, 0x0C1C, 0x0C1C,
    0x0C1C, 0x0C1C, 0x0C1C, 0x0C1C, 0x0C1C, 0x0C1C, 0x0C1C, 0x0C1C, 0x0C1C, 0x0C1C, 0x0C1C, 0x0C1C, 0x0C1C, 0x0C1C, 0x0C1C, 0x0C1C,
    0x0C1C, 0x0C1C, 0x0C1C, 0x0C1C, 0x0C1C, 0x0C1C, 0x0C1C, 0x0C1C, 0x0C1C, 0x0C1C, 0x0C1C, 0x0C1C, 0x0C1C, 0x0C1C, 0x0C1C, 0x0C1C,
    0x0C1C, 0x0C1C, 0x0C1C, 0x0C1C, 0x0C1C, 0x0C1C, 0x0C1C, 0x0C1C, 0x0C1C, 0x0C1C, 0x0C1C, 0x0C1C, 0x0C1C, 0x0C1C, 0x0C1C, 0x0C1C,
    0x0C1C, 0x0C1C, 0x0C1C, 0x0C1C, 0x0C1C, 0x0C1C, 0x0C1C, 0x0C1C, 0x0C1C, 0x0C1C, 0x0C1C, 0x0C1C, 0x0C1C, 0x0C1C, 0x0C1C, 0x0C1C,
    0x0C1C, 0x0C1C, 0x0BFC, 0x0C1C, 0x0BFC, 0x0C1C, 0x0C1C, 0x0BFC, 0x0BFC, 0x0BFC, 0x0BFC, 0x0BFC, 0x0BFC, 0x0BFC, 0x0BFC, 0x0BFC,
    0x0BFC, 0x0BFC, 0x0BFC, 0x0BFC, 0x0BFC, 0x0BFC, 0x0BFC, 0x0C1C, 0x03FC, 0x0C1C, 0x0BFC, 0x0BFC, 0x0BFC, 0x0BFC, 0x0BFC, 0x0BFC,
    0x0BFC, 0x0BFC, 0x0BFC, 0x03FC, 0x0BFC, 0x03FC, 0x03FC, 0x0BFC, 0x0BFC, 0x0BFC, 0x0BFC, 0x0BFC, 0x0BFC, 0x0BFC, 0x0BFC, 0x0BFC,
    0x0BFC, 0x0BFC, 0x0BFC, 0x0BFC, 0x0BFC, 0x0C1C, 0x03DC, 0x03DC, 0x247C, 0x3CDD, 0x247C, 0x03DC, 0x03DC, 0x0C1C, 0x0C1C, 0x0BFC,
    0x0BFC, 0x0BFC, 0x0BFC, 0x0BFC, 0x0C1D, 0x0BFC, 0x0C5E, 0x01EF, 0x0063, 0x08E6, 0x08E5, 0x08E5, 0x08C5, 0x08E5, 0x0884, 0x08C5,
    0x10E6, 0x08A4, 0x0083, 0x08A4, 0x08A4, 0x08A4, 0x08C5, 0x0063, 0x00C6, 0x13DD, 0x13DD, 0x13DC, 0x13DD, 0x13DC, 0x13FC, 0x13FC,
    0x13FC, 0x13FC, 0x13FC, 0x13FC, 0x13FC, 0x13FC, 0x13FC, 0x0BFC, 0x0BFC, 0x0BFC, 0x0BFC, 0x0BFC, 0x0BFC, 0x0BFC, 0x141C, 0xDF5F,
    0xFFFF, 0xFFFF, 0xEFBF, 0x3C9D, 0x0BFC, 0x03DC, 0x551D, 0xFFFF, 0x347D, 0x3C9D, 0xFFFF, 0xFFFF, 0xFFFF, 0xFFFF, 0xFFFF, 0xDF7F,
    0x349D, 0x03DC, 0x141C, 0x13FC, 0x141C, 0x141C, 0x0C1C, 0x0C1C, 0x0C1C, 0x0C1C, 0x0C1C, 0x0C1C, 0x141C, 0x03DC, 0x3D3D, 0x455E,
    0x03DC, 0x141C, 0x0C1C, 0x0C1C, 0x0C1C, 0x0C1C, 0x0C1C, 0x0C1C, 0x0C1C, 0x0C1C, 0x0C1C, 0x0C1C, 0x0C1C, 0x0C1C, 0x0C1C, 0x0C1C,
    0x0C1C, 0x0C1C, 0x0C1C, 0x0C1C, 0x0C1C, 0x0C1C, 0x0C1C, 0x0C1C, 0x0C1C, 0x0C1C, 0x0C1C, 0x0C1C, 0x0C1C, 0x0C1C, 0x0C1C, 0x0C1C,
    0x0C1C, 0x0C1C, 0x0C1C, 0x0C1C, 0x0C1C, 0x0C1C, 0x0C1C, 0x0C1C, 0x0C1C, 0x0C1C, 0x0C1C, 0x0C1C, 0x0C1C, 0x0C1C, 0x0C1C, 0x0C1C,
    0x0C1C, 0x0C1C, 0x0C1C, 0x0C1C, 0x0C1C, 0x0C1C, 0x0C1C, 0x0C1C, 0x0C1C, 0x0C1C, 0x0C1C, 0x0C1C, 0x0C1C, 0x0C1C, 0x0C1C, 0x0C1C,
    0x0C1C, 0x0C1C, 0x0C1C, 0x0C1C, 0x0C1C, 0x0C1C, 0x0C1C, 0x0C1C, 0x0C1C, 0x0C1C, 0x0C1C, 0x0C1C, 0x0C1C, 0x0C1C, 0x0C1C, 0x0C1C,
    0x0C1C, 0x0C1C, 0x0C1C, 0x0C1C, 0x0C1C, 0x0C1C, 0x0C1C, 0x0C1C, 0x0C1C, 0x0C1C, 0x0C1C, 0x0C1C, 0x0C1C, 0x0C1C, 0x0BFC, 0x0C1C,
    0x0C1C, 0x0C1C, 0x0C1C, 0x0BFC, 0x0C1C, 0x0C1C, 0x0C1C, 0x0C1C, 0x0C1C, 0x0C1C, 0x0BFC, 0x0BFC, 0x0C1C, 0x0BFC, 0x0BFC, 0x0BFC,
    0x0BFC, 0x03FC, 0x0BFC, 0x0BFC, 0x0BFC, 0x03FC, 0x041C, 0x041C, 0x041C, 0x041C, 0x03FC, 0x03FC, 0x03FC, 0x03FC, 0x03FC, 0x03FC,
    0x03FC, 0x03FC, 0x03FC, 0x03FC, 0x03FC, 0x03FC, 0x03FC, 0x03FC, 0x03FC, 0x03FC, 0x03FC, 0x03FC, 0x03FC, 0x03FC, 0x0BFC, 0x0BFC,
    0x0BFC, 0x0C1C, 0x0BFC, 0x03FC, 0x0BFC, 0x0BFC, 0x0C1C, 0x0BFC, 0x03FC, 0x03DC, 0x03FC, 0x0C1C, 0x0C1C, 0x0C1C, 0x0C1C, 0x0BFC,
    0x0BFC, 0x0BFC, 0x0BFC, 0x0C1C, 0x0C1D, 0x0BFC, 0x045E, 0x01EF, 0x0063, 0x08E6, 0x08C5, 0x08C5, 0x08C5, 0x08E5, 0x08A4, 0x08C5,
    0x10E6, 0x08A4, 0x0083, 0x08A4, 0x08A4, 0x08A4, 0x08A5, 0x0062, 0x00C6, 0x0BDD, 0x13DC, 0x13DC, 0x13DC, 0x13DC, 0x13DC, 0x13FC,
    0x13FC, 0x13FC, 0x13FC, 0x13FC, 0x13FC, 0x13FC, 0x0BFC, 0x0BFC, 0x0BFC, 0x0BFC, 0x0BFC, 0x0BFC, 0x0BFC, 0x0BFC, 0x143D, 0xDF7F,
    0xFFFF, 0xF7DF, 0xFFFF, 0xBEDE, 0x0BFD, 0x03BC, 0x5D3C, 0x8E1E, 0x039D, 0xCF3F, 0xFFFF, 0xFFFF, 0xFFFF, 0xFFFF, 0xAE9E, 0x1C3C,
    0x03DC, 0x141C, 0x0BFC, 0x0BFC, 0x0C1C, 0x0C1C, 0x0C1C, 0x0C1C, 0x0C1C, 0x0C1C, 0x0C1C, 0x0C1C, 0x0C1C, 0x03DC, 0x3D1D, 0x453E,
    0x03DC, 0x0C1C, 0x0C1C, 0x0C1C, 0x0C1C, 0x0C1C, 0x0C1C, 0x0C1C, 0x0C1C, 0x0C1C, 0x0C1C, 0x0C1C, 0x0C1C, 0x0C1C, 0x0C1C, 0x0C1C,
    0x0C1C, 0x0C1C, 0x0C1C, 0x0C1C, 0x0C1C, 0x0C1C, 0x0C1C, 0x0C1C, 0x0C1C, 0x0C1C, 0x0C1C, 0x0C1C, 0x0C1C, 0x0C1C, 0x0C1C, 0x0C1C,
    0x0C1C, 0x0C1C, 0x0C1C, 0x0C1C, 0x0C1C, 0x0C1C, 0x0C1C, 0x0C1C, 0x0C1C, 0x0C1C, 0x0C1C, 0x0C1C, 0x0C1C, 0x0C1C, 0x0C1C, 0x0C1C,
    0x0C1C, 0x0C1C, 0x0C1C, 0x0C1C, 0x0C1C, 0x0C1C, 0x0C1C, 0x0C1C, 0x0C1C, 0x0C1C, 0x0C1C, 0x0C1C, 0x0C1C, 0x0C1C, 0x0C1C, 0x0C1C,
    0x0C1C, 0x0C1C, 0x0C1C, 0x0C1C, 0x0C1C, 0x0C1C, 0x0C1C, 0x0C1C, 0x0C1C, 0x0C1C, 0x0C1C, 0x0C1C, 0x0C1C, 0x0C1C, 0x0C1C, 0x0C1C,
    0x0C1C, 0x0C1C, 0x0C1C, 0x0C1C, 0x0C1C, 0x0C1C, 0x0C1C, 0x0C1C, 0x0C1C, 0x0C1C, 0x0C1C, 0x0C1C, 0x0C1C, 0x0C1C, 0x0C1C, 0x0C1C,
    0x0C1C, 0x0C1C, 0x0C1C, 0x0C1C, 0x0C1C, 0x0BFC, 0x0C1C, 0x0C1C, 0x0C1C, 0x0C1C, 0x0C1C, 0x0C1C, 0x0BFC, 0x0BFC, 0x0BFC, 0x0BFC,
    0x0BFC, 0x03FC, 0x0BFC, 0x041C, 0x041C, 0x03FC, 0x041C, 0x041C, 0x041C, 0x041C, 0x03FC, 0x03FC, 0x03FC, 0x03FC, 0x03FC, 0x03FC,
    0x03FC, 0x03FC, 0x03FC, 0x03FC, 0x03FC, 0x03FC, 0x03FC, 0x03FC, 0x03FC, 0x03FC, 0x03FC, 0x03FC, 0x03FC, 0x03FC, 0x03FC, 0x03FC,
    0x03FC, 0x03FC, 0x041C, 0x03FC, 0x03FC, 0x03FC, 0x03FC, 0x03FC, 0x0C1C, 0x0C1C, 0x0C1C, 0x0BFC, 0x0BFC, 0x0BFC, 0x0BFC, 0x0BFC,
    0x0BFC, 0x0BFC, 0x03FC, 0x0BFC, 0x0C1D, 0x03FC, 0x045E, 0x01EE, 0x0063, 0x08E6, 0x08C5, 0x08C5, 0x08C5, 0x08E5, 0x08A4, 0x08C5,
    0x10E5, 0x08A4, 0x0083, 0x08A4, 0x08A4, 0x08A4, 0x08C5, 0x0063, 0x00C6, 0x0BDD, 0x0BDC, 0x0BFC, 0x0BFC, 0x13FC, 0x13FC, 0x13FC,
    0x13FC, 0x13FC, 0x13FC, 0x13FC, 0x13FC, 0x13FC, 0x0BFC, 0x0BFC, 0x0BFC, 0x0BFC, 0x0BFC, 0x0BFC, 0x0BFC, 0x0BFC, 0x143D, 0xDF7F,
    0xFFFF, 0xF7DF, 0xFFFF, 0xD73F, 0x141D, 0x0BDC, 0x245C, 0x0BDC, 0x6D7E, 0xFFFF, 0xFFFF, 0xF7DF, 0xB6BE, 0x4CFD, 0x03BC, 0x0BDC,
    0x141C, 0x0BFC, 0x0BFC, 0x0C1C, 0x0C1C, 0x0C1C, 0x0C1C, 0x0C1C, 0x0C1C, 0x0C1C, 0x0C1C, 0x0C1C, 0x0C1C, 0x03DC, 0x3D1D, 0x453E,
    0x03DC, 0x0C1C, 0x0C1C, 0x0C1C, 0x0C1C, 0x0C1C, 0x0C1C, 0x0C1C, 0x0C1C, 0x0C1C, 0x0C1C, 0x0C1C, 0x0C1C, 0x0C1C, 0x0C1C, 0x0C1C,
    0x0C1C, 0x0C1C, 0x0C1C, 0x0C1C, 0x0C1C, 0x0C1C, 0x0C1C, 0x0C1C, 0x0C1C, 0x0C1C, 0x0C1C, 0x0C1C, 0x0C1C, 0x0C1C, 0x0C1C, 0x0C1C,
    0x0C1C, 0x0C1C, 0x0C1C, 0x0C1C, 0x0C1C, 0x0C1C, 0x0C1C, 0x0C1C, 0x0C1C, 0x0C1C, 0x0C1C, 0x0C1C, 0x0C1C, 0x0C1C, 0x0C1C, 0x0C1C,
    0x0C1C, 0x0C1C, 0x0C1C, 0x0C1C, 0x0C1C, 0x0C1C, 0x0C1C, 0x0C1C, 0x0C1C, 0x0C1C, 0x0C1C, 0x0C1C, 0x0C1C, 0x0C1C, 0x0C1C, 0x0C1C,
    0x0C1C, 0x0C1C, 0x0C1C, 0x0C1C, 0x0C1C, 0x0C1C, 0x0C1C, 0x0C1C, 0x0C1C, 0x0C1C, 0x0C1C, 0x0C1C, 0x0C1C, 0x0C1C, 0x0C1C, 0x0C1C,
    0x0BFC, 0x0C1C, 0x0C1C, 0x0C1C, 0x0C1C, 0x0C1C, 0x0C1C, 0x0C1C, 0x0C1C, 0x0C1C, 0x0C1C, 0x0C1C, 0x0C1C, 0x0C1C, 0x0C1C, 0x0C1C,
    0x0C1C, 0x0C1C, 0x0C1C, 0x0C1C, 0x0C1C, 0x0C1C, 0x0C1C, 0x03FC, 0x041C, 0x03FC, 0x041C, 0x03FC, 0x03FC, 0x03FC, 0x03FC, 0x03FC,
    0x03FC, 0x041C, 0x041C, 0x041C, 0x041C, 0x041C, 0x041C, 0x041C, 0x041C, 0x041C, 0x041C, 0x03FC, 0x03FC, 0x03FC, 0x03FC, 0x03FC,
    0x03FC, 0x03FC, 0x03FC, 0x03FC, 0x03FC, 0x03FC, 0x03FC, 0x03FC, 0x03FC, 0x03FC, 0x03FC, 0x03FC, 0x041C, 0x041C, 0x041C, 0x041C,
    0x041C, 0x03FC, 0x03FC, 0x03FC, 0x03FC, 0x03FC, 0x03FC, 0x03FC, 0x03FC, 0x03FC, 0x03FC, 0x03FC, 0x03FC, 0x03FC, 0x03FC, 0x03FC,
    0x03FC, 0x03FC, 0x03FC, 0x03FC, 0x03FC, 0x03FC, 0x043E, 0x01CE, 0x0063, 0x08E6, 0x08C5, 0x08C5, 0x08E5, 0x08E5, 0x08A4, 0x08C5,
    0x10E5, 0x0884, 0x0083, 0x08A4, 0x08A4, 0x08A4, 0x08C5, 0x0063, 0x00C6, 0x0BDD, 0x0BFC, 0x0BFC, 0x0BFC, 0x0BFC, 0x0BFC, 0x0BFC,
    0x0BFC, 0x0BFC, 0x0BFC, 0x0BFC, 0x0BFC, 0x0BFC, 0x0BFC, 0x0BFC, 0x0BFC, 0x0BFC, 0x0BFC, 0x0BFC, 0x0BFC, 0x0BFC, 0x0C3D, 0xE79F,
    0xFFFF, 0xFFFF, 0xFFFF, 0xF7DF, 0x1C5D, 0x0BFD, 0x0BFC, 0x0BDC, 0x8E1E, 0x9E7E, 0x6D9D, 0x347C, 0x03DC, 0x03DC, 0x0BFC, 0x0BFC,
    0x0BFC, 0x0BFC, 0x0BFC, 0x0BFC, 0x0C1C, 0x0C1C, 0x0C1C, 0x0C1C, 0x0C1C, 0x0C1C, 0x0C1C, 0x0C1C, 0x0C1C, 0x03FC, 0x1C9D, 0x249D,
    0x03FC, 0x0C1C, 0x0C1C, 0x0C1C, 0x0C1C, 0x0C1C, 0x0C1C, 0x0C1C, 0x0C1C, 0x0C1C, 0x0C1C, 0x0C1C, 0x0C1C, 0x0C1C, 0x0C1C, 0x0C1C,
    0x0C1C, 0x0C1C, 0x0C1C, 0x0C1C, 0x0C1C, 0x0C1C, 0x0C1C, 0x0C1C, 0x0C1C, 0x0C1C, 0x0C1C, 0x0C1C, 0x0C1C, 0x0C1C, 0x0C1C, 0x0C1C,
    0x0C1C, 0x0C1C, 0x0C1C, 0x0C1C, 0x0C1C, 0x0C1C, 0x0C1C, 0x0C1C, 0x0C1C, 0x0C1C, 0x0C1C, 0x0C1C, 0x0C1C, 0x0C1C, 0x0C1C, 0x0C1C,
    0x0C1C, 0x0C1C, 0x0C1C, 0x0C1C, 0x0C1C, 0x0C1C, 0x0C1C, 0x0C1C, 0x0C1C, 0x0C1C, 0x0C1C, 0x0C1C, 0x0C1C, 0x0C1C, 0x0C1C, 0x0C1C,
    0x0C1C, 0x0C1C, 0x0C1C, 0x0C1C, 0x0C1C, 0x0C1C, 0x0C1C, 0x0C1C, 0x0C1C, 0x0C1C, 0x0C1C, 0x0C1C, 0x0C1C, 0x0C1C, 0x0C1C, 0x0C1C,
    0x0C1C, 0x0C1C, 0x0C1C, 0x0C1C, 0x0C1C, 0x0C1C, 0x0C1C, 0x0C1C, 0x0C1C, 0x0C1C, 0x041C, 0x041C, 0x041C, 0x041C, 0x041C, 0x041C,
    0x041C, 0x0C1C, 0x041C, 0x041C, 0x041C, 0x041C, 0x041C, 0x03FC, 0x041C, 0x041C, 0x041C, 0x041C, 0x041C, 0x041C, 0x041C, 0x041C,
    0x041C, 0x041C, 0x041C, 0x041C, 0x041C, 0x041C, 0x041C, 0x041C, 0x041C, 0x041C, 0x041C, 0x041C, 0x03FC, 0x03FC, 0x03FC, 0x03FC,
    0x03FC, 0x03FC, 0x03FC, 0x03FC, 0x03FC, 0x03FC, 0x03FC, 0x03FC, 0x03FC, 0x03FC, 0x03FC, 0x041C, 0x041C, 0x041C, 0x041C, 0x041C,
    0x041C, 0x041C, 0x041C, 0x03FC, 0x03FC, 0x03FC, 0x03FC, 0x03FC, 0x03FC, 0x03FC, 0x03FC, 0x03FC, 0x03FC, 0x03FC, 0x03FC, 0x03FC,
    0x03FC, 0x03FC, 0x03FC, 0x03FC, 0x03FC, 0x03FC, 0x045E, 0x01EE, 0x0063, 0x08E6, 0x08C5, 0x08C5, 0x08E5, 0x10E5, 0x08A4, 0x08C5,
    0x10E5, 0x0883, 0x0883, 0x08A4, 0x08A4, 0x08A4, 0x08C5, 0x0862, 0x00C6, 0x0BFD, 0x0BFC, 0x0BFC, 0x0BFC, 0x0BFC, 0x0BFC, 0x0BFC,
    0x0BFC, 0x0BFC, 0x0BFC, 0x0BFC, 0x0BFC, 0x0BFC, 0x0BFC, 0x0BFC, 0x0BFC, 0x0BFC, 0x0BFC, 0x0BFC, 0x0BFC, 0x0C1C, 0x03DC, 0x75BD,
    0xC71F, 0xC71E, 0xCF1E, 0xBEFE, 0x245D, 0x03FD, 0x0C1D, 0x0C1C, 0x03DC, 0x03DC, 0x03DC, 0x03DC, 0x0C1C, 0x0C1C, 0x0BFC, 0x0BFC,
    0x0BFC, 0x0BFC, 0x0BFC, 0x0BFC, 0x0C1C, 0x0C1C, 0x0C1C, 0x0C1C, 0x0C1C, 0x0C1C, 0x0C1C, 0x0C1C, 0x0C1C, 0x0C1C, 0x041C, 0x041C,
    0x0C1C, 0x0C1C, 0x0C1C, 0x0C1C, 0x0C1C, 0x0C1C, 0x0C1C, 0x0C1C, 0x0C1C, 0x0C1C, 0x0C1C, 0x0C1C, 0x0C1C, 0x0C1C, 0x0C1C, 0x0C1C,
    0x0C1C, 0x0C1C, 0x0C1C, 0x0C1C, 0x0C1C, 0x0C1C, 0x0C1C, 0x0C1C, 0x0C1C, 0x0C1C, 0x0C1C, 0x0C1C, 0x0C1C, 0x0C1C, 0x0C1C, 0x0C1C,
    0x0C1C, 0x0C1C, 0x0C1C, 0x0C1C, 0x0C1C, 0x0C1C, 0x0C1C, 0x0C1C, 0x0C1C, 0x0C1C, 0x0C1C, 0x0C1C, 0x0C1C, 0x0C1C, 0x0C1C, 0x0C1C,
    0x0C1C, 0x0C1C, 0x0C1C, 0x0C1C, 0x0C1C, 0x0C1C, 0x0C1C, 0x0C1C, 0x0C1C, 0x0C1C, 0x0C1C, 0x0C1C, 0x0C1C, 0x0C1C, 0x0C1C, 0x0C1C,
    0x0C1C, 0x0C1C, 0x0C1C, 0x0C1C, 0x0C1C, 0x0C1C, 0x0C1C, 0x0C1C, 0x0C1C, 0x0C1C, 0x0C1C, 0x0C1C, 0x0C1C, 0x0C1C, 0x0C1C, 0x0C1C,
    0x0C1C, 0x0C1C, 0x0C1C, 0x0C1C, 0x0C1C, 0x0C1C, 0x0C1C, 0x041C, 0x041C, 0x041C, 0x041C, 0x041C, 0x041C, 0x041C, 0x041C, 0x041C,
    0x041C, 0x041C, 0x041C, 0x041C, 0x041C, 0x041C, 0x041C, 0x041C, 0x041C, 0x041C, 0x041C, 0x041C, 0x041C, 0x041C, 0x041C, 0x041C,
    0x041C, 0x041C, 0x041C, 0x041C, 0x041C, 0x041C, 0x041C, 0x041C, 0x041C, 0x041C, 0x041C, 0x041C, 0x041C, 0x041C, 0x041C, 0x041C,
    0x041C, 0x03FC, 0x03FC, 0x03FC, 0x041C, 0x03FC, 0x03FC, 0x041C, 0x03FC, 0x041C, 0x041C, 0x041C, 0x041C, 0x041C, 0x041C, 0x041C,
    0x041C, 0x041C, 0x041C, 0x03FC, 0x03FC, 0x03FC, 0x03FC, 0x03FC, 0x03FC, 0x03FC, 0x03FC, 0x03FC, 0x03FC, 0x03FC, 0x03FC, 0x03FC,
    0x03FC, 0x03FC, 0x03FC, 0x03FC, 0x03FC, 0x03FC, 0x045E, 0x01EF, 0x0063, 0x08E6, 0x08C5, 0x08E5, 0x08E5, 0x08E5, 0x0884, 0x08C5,
    0x10C5, 0x0883, 0x0883, 0x08A4, 0x08A4, 0x08A4, 0x08C5, 0x0862, 0x00C6, 0x0BFD, 0x0BFC, 0x0BFC, 0x0BFC, 0x0BFC, 0x0BFC, 0x0BFC,
    0x0BFC, 0x0BFC, 0x0BFC, 0x0BFC, 0x0BFC, 0x0BFC, 0x0BFC, 0x0BFC, 0x0BFC, 0x0BFC, 0x0BFC, 0x0BFC, 0x0BFC, 0x0BFC, 0x0BFC, 0x03BB,
    0x03DC, 0x041D, 0x03FC, 0x03DB, 0x03FC, 0x0C1D, 0x0C1D, 0x0C1C, 0x0BFC, 0x0C1C, 0x0C1C, 0x0C1C, 0x0BFC, 0x0BFC, 0x0BFC, 0x0BFC,
    0x0BFC, 0x0C1C, 0x0C1C, 0x0C1C, 0x0C1C, 0x0C1C, 0x0C1C, 0x0C1C, 0x0C1C, 0x0C1C, 0x0C1C, 0x0C1C, 0x0C1C, 0x0C1C, 0x0C1C, 0x0C1C,
    0x0C1C, 0x0C1C, 0x0C1C, 0x0C1C, 0x0C1C, 0x0C1C, 0x0C1C, 0x0C1C, 0x0C1C, 0x0C1C, 0x0C1C, 0x0C1C, 0x0C1C, 0x0C1C, 0x0C1C, 0x0C1C,
    0x0C1C, 0x0C1C, 0x0C1C, 0x0C1C, 0x0C1C, 0x0C1C, 0x0C1C, 0x0C1C, 0x0C1C, 0x0C1C, 0x0C1C, 0x0C1C, 0x0C1C, 0x0C1C, 0x0C1C, 0x0C1C,
    0x0C1C, 0x0C1C, 0x0C1C, 0x0C1C, 0x0C1C, 0x0C1C, 0x0C1C, 0x0C1C, 0x0C1C, 0x0C1C, 0x0C1C, 0x0C1C, 0x0C1C, 0x041C, 0x041C, 0x0C1C,
    0x0C1C, 0x0C1C, 0x0C1C, 0x0C1C, 0x0C1C, 0x0C1C, 0x0C1C, 0x0C1C, 0x0C1C, 0x0C1C, 0x0C1C, 0x0C1C, 0x0C1C, 0x0C1C, 0x0C1C, 0x0C1C,
    0x0C1C, 0x0C1C, 0x0C1C, 0x0C1C, 0x0C1C, 0x0C1C, 0x0C1C, 0x0C1C, 0x0C1C, 0x0C1C, 0x041C, 0x041C, 0x0C1C, 0x0C1C, 0x0C1C, 0x0C1C,
    0x0C1C, 0x041C, 0x041C, 0x0C1C, 0x0C1C, 0x041C, 0x041C, 0x041C, 0x041C, 0x041C, 0x041C, 0x041C, 0x041C, 0x041C, 0x041C, 0x041C,
    0x041C, 0x041C, 0x041C, 0x041C, 0x041C, 0x041C, 0x041C, 0x041C, 0x041C, 0x041C, 0x041C, 0x041C, 0x041C, 0x041C, 0x041C, 0x041C,
    0x03FC, 0x041C, 0x041C, 0x041C, 0x041C, 0x041C, 0x041C, 0x041C, 0x041C, 0x041C, 0x041C, 0x041C, 0x041C, 0x041C, 0x041C, 0x03FC,
    0x03FC, 0x041C, 0x041C, 0x03FC, 0x041C, 0x041C, 0x03FC, 0x03FC, 0x041C, 0x041C, 0x041C, 0x041C, 0x041C, 0x041C, 0x041C, 0x041C,
    0x041C, 0x041C, 0x041C, 0x03FC, 0x041C, 0x03FC, 0x03FC, 0x03FC, 0x03FC, 0x03FC, 0x03FC, 0x03FC, 0x03FC, 0x03FC, 0x03FC, 0x03FC,
    0x03FC, 0x03FC, 0x03FC, 0x03FC, 0x03FC, 0x03FC, 0x043E, 0x01EE, 0x0063, 0x08E6, 0x08E5, 0x08C5, 0x08C5, 0x08E5, 0x0884, 0x08C5,
    0x10E5, 0x0883, 0x0883, 0x08A4, 0x08A4, 0x08A4, 0x08A4, 0x0062, 0x00C6, 0x03FD, 0x0BFC, 0x0BFC, 0x0BFC, 0x0BFC, 0x0BFC, 0x0BFC,
    0x0BFC, 0x0BFC, 0x0BFC, 0x0BFC, 0x0BFC, 0x0BFC, 0x0BFC, 0x0BFC, 0x0BFC, 0x0BFC, 0x0BFC, 0x0BFC, 0x0BFC, 0x0BFC, 0x0BFC, 0x0C1C,
    0x041C, 0x041D, 0x041C, 0x03FC, 0x041C, 0x041C, 0x0C1C, 0x041C, 0x041C, 0x041C, 0x0C1C, 0x0C1C, 0x0BFC, 0x0BFC, 0x0BFC, 0x0C1C,
    0x0BFC, 0x0C1C, 0x0C1C, 0x0C1C, 0x0C1C, 0x0C1C, 0x0C1C, 0x0C1C, 0x0C1C, 0x0C1C, 0x0C1C, 0x0C1C, 0x0C1C, 0x0C1C, 0x041C, 0x041C,
    0x041C, 0x041C, 0x041C, 0x041C, 0x041C, 0x041C, 0x041C, 0x0C1C, 0x041C, 0x0C1C, 0x041C, 0x041C, 0x0C1C, 0x041C, 0x041C, 0x041C,
    0x041C, 0x041C, 0x041C, 0x0C1C, 0x0C1C, 0x041C, 0x041C, 0x041C, 0x041C, 0x041C, 0x041C, 0x041C, 0x041C, 0x041C, 0x041C, 0x041C,
    0x041C, 0x041C, 0x041C, 0x041C, 0x041C, 0x041C, 0x041C, 0x041C, 0x041C, 0x041C, 0x041C, 0x041C, 0x041C, 0x041C, 0x041C, 0x041C,
    0x041C, 0x041C, 0x041C, 0x041C, 0x041C, 0x041C, 0x041C, 0x041C, 0x041C, 0x041C, 0x041C, 0x041C, 0x041C, 0x041C, 0x041C, 0x041C,
    0x041C, 0x041C, 0x041C, 0x041C, 0x041C, 0x041C, 0x041C, 0x041C, 0x041C, 0x041C, 0x041C, 0x041C, 0x041C, 0x041C, 0x041C, 0x041C,
    0x041C, 0x041C, 0x041C, 0x041C, 0x041C, 0x041C, 0x041C, 0x041C, 0x041C, 0x041C, 0x041C, 0x041C, 0x041C, 0x041C, 0x041C, 0x041C,
    0x041C, 0x041C, 0x041C, 0x041C, 0x041C, 0x041C, 0x041C, 0x041C, 0x03FC, 0x03FC, 0x041C, 0x041C, 0x041C, 0x041C, 0x041C, 0x041C,
    0x041C, 0x041C, 0x041C, 0x041C, 0x041C, 0x041C, 0x041C, 0x041C, 0x041C, 0x041C, 0x041C, 0x041C, 0x041C, 0x041C, 0x041C, 0x041C,
    0x041C, 0x03FC, 0x041C, 0x041C, 0x041C, 0x041C, 0x041C, 0x041C, 0x041C, 0x041C, 0x041C, 0x041C, 0x041C, 0x041C, 0x041C, 0x041C,
    0x041C, 0x041C, 0x041C, 0x041C, 0x041C, 0x03FC, 0x03FC, 0x03FC, 0x03FC, 0x03FC, 0x03FC, 0x03FC, 0x03FC, 0x03FC, 0x03FC, 0x03FC,
    0x03FC, 0x03FC, 0x03FC, 0x03FC, 0x03FC, 0x03FC, 0x043E, 0x01CE, 0x0063, 0x08E6, 0x08E5, 0x08C5, 0x08C5, 0x08E5, 0x0883, 0x08C4,
    0x10E5, 0x0883, 0x0883, 0x08A4, 0x08A4, 0x08A4, 0x08A4, 0x0862, 0x00C6, 0x03FC, 0x0BFC, 0x03FC, 0x03FC, 0x03FC, 0x03FC, 0x0BFC,
    0x0BFC, 0x0BFC, 0x0BFC, 0x0BFC, 0x0C1C, 0x0C1C, 0x0BFC, 0x0BFC, 0x0BFC, 0x0C1C, 0x0BFC, 0x0BFC, 0x0C1C, 0x0BFC, 0x0BFC, 0x03FC,
    0x041C, 0x041C, 0x041C, 0x041C, 0x041C, 0x041C, 0x041C, 0x041C, 0x041C, 0x041C, 0x041C, 0x0C1C, 0x041C, 0x0BFC, 0x041C, 0x03FC,
    0x0C1C, 0x0C1C, 0x0C1C, 0x0C1C, 0x0C1C, 0x0C1C, 0x041C, 0x0C1C, 0x041C, 0x041C, 0x041C, 0x041C, 0x041C, 0x041C, 0x041C, 0x041C,
    0x041C, 0x041C, 0x041C, 0x041C, 0x041C, 0x041C, 0x041C, 0x041C, 0x041C, 0x041C, 0x041C, 0x041C, 0x041C, 0x041C, 0x041C, 0x041C,
    0x041C, 0x041C, 0x041C, 0x041C, 0x041C, 0x041C, 0x041C, 0x041C, 0x041C, 0x041C, 0x041C, 0x041C, 0x041C, 0x041C, 0x041C, 0x041C,
    0x041C, 0x041C, 0x041C, 0x041C, 0x041C, 0x041C, 0x041C, 0x041C, 0x041C, 0x041C, 0x041C, 0x041C, 0x041C, 0x041C, 0x041C, 0x041C,
    0x041C, 0x041C, 0x041C, 0x041C, 0x041C, 0x041C, 0x041C, 0x041C, 0x041C, 0x041C, 0x041C, 0x041C, 0x041C, 0x041C, 0x041C, 0x041C,
    0x043C, 0x041C, 0x041C, 0x041C, 0x041C, 0x041C, 0x041C, 0x041C, 0x041C, 0x041C, 0x041C, 0x041C, 0x041C, 0x041C, 0x041C, 0x041C,
    0x041C, 0x041C, 0x041C, 0x041C, 0x041C, 0x041C, 0x041C, 0x041C, 0x041C, 0x041C, 0x041C, 0x041C, 0x041C, 0x041C, 0x041C, 0x041C,
    0x041C, 0x041C, 0x041C, 0x041C, 0x041C, 0x041C, 0x041C, 0x041C, 0x041C, 0x041C, 0x041C, 0x041C, 0x041C, 0x041C, 0x041C, 0x041C,
    0x041C, 0x041C, 0x041C, 0x041C, 0x041C, 0x041C, 0x041C, 0x041C, 0x041C, 0x041C, 0x041C, 0x041C, 0x041C, 0x041C, 0x041C, 0x041C,
    0x041C, 0x041C, 0x041C, 0x041C, 0x041C, 0x041C, 0x041C, 0x041C, 0x041C, 0x041C, 0x041C, 0x041C, 0x041C, 0x041C, 0x041C, 0x041C,
    0x041C, 0x041C, 0x041C, 0x041C, 0x041C, 0x03FC, 0x03FC, 0x03FC, 0x03FC, 0x03FC, 0x03FC, 0x03FC, 0x03FC, 0x03FC, 0x03FC, 0x03FC,
    0x03FC, 0x03FC, 0x03FC, 0x03FC, 0x03FC, 0x03FC, 0x045E, 0x01EE, 0x0863, 0x08E6, 0x08C5, 0x08C5, 0x08C5, 0x08E5, 0x0883, 0x08C4,
    0x10C5, 0x0883, 0x0883, 0x08A4, 0x08A4, 0x08A4, 0x08C4, 0x0042, 0x0906, 0x03FC, 0x03FC, 0x041C, 0x03FC, 0x03FC, 0x03FC, 0x03FC,
    0x03FC, 0x03FC, 0x0BFC, 0x0BFC, 0x0BFC, 0x0C1C, 0x0C1C, 0x0BFC, 0x0BFC, 0x0C1C, 0x0C1C, 0x0C1C, 0x0C1C, 0x0C1C, 0x0C1C, 0x041C,
    0x041C, 0x03FC, 0x041C, 0x041C, 0x041C, 0x041C, 0x041C, 0x041C, 0x041C, 0x041C, 0x041C, 0x041C, 0x041C, 0x041C, 0x041C, 0x041C,
    0x041C, 0x041C, 0x0C1C, 0x0C1C, 0x0C1C, 0x041C, 0x041C, 0x041C, 0x041C, 0x041C, 0x041C, 0x041C, 0x041C, 0x041C, 0x041C, 0x041C,
    0x043C, 0x041C, 0x041C, 0x041C, 0x041C, 0x041C, 0x041C, 0x041C, 0x041C, 0x041C, 0x041C, 0x041C, 0x041C, 0x041C, 0x041C, 0x041C,
    0x041C, 0x041C, 0x041C, 0x041C, 0x041C, 0x043C, 0x041C, 0x041C, 0x041C, 0x041C, 0x041C, 0x041C, 0x041C, 0x041C, 0x041C, 0x041C,
    0x041C, 0x041C, 0x041C, 0x041C, 0x041C, 0x041C, 0x041C, 0x041C, 0x041C, 0x041C, 0x041C, 0x041C, 0x041C, 0x041C, 0x041C, 0x041C,
    0x041C, 0x041C, 0x041C, 0x041C, 0x041C, 0x041C, 0x041C, 0x041C, 0x041C, 0x041C, 0x041C, 0x041C, 0x041C, 0x041C, 0x041C, 0x041C,
    0x041C, 0x041C, 0x041C, 0x041C, 0x041C, 0x041C, 0x041C, 0x041C, 0x041C, 0x041C, 0x041C, 0x041C, 0x041C, 0x041C, 0x041C, 0x041C,
    0x041C, 0x041C, 0x041C, 0x041C, 0x041C, 0x041C, 0x041C, 0x041C, 0x041C, 0x041C, 0x041C, 0x041C, 0x041C, 0x041C, 0x041C, 0x041C,
    0x041C, 0x041C, 0x041C, 0x041C, 0x041C, 0x041C, 0x041C, 0x041C, 0x041C, 0x041C, 0x041C, 0x041C, 0x041C, 0x041C, 0x041C, 0x041C,
    0x041C, 0x041C, 0x041C, 0x041C, 0x041C, 0x041C, 0x041C, 0x041C, 0x041C, 0x041C, 0x041C, 0x041C, 0x041C, 0x041C, 0x041C, 0x041C,
    0x041C, 0x041C, 0x041C, 0x041C, 0x041C, 0x041C, 0x041C, 0x041C, 0x041C, 0x041C, 0x041C, 0x041C, 0x041C, 0x041C, 0x041C, 0x041C,
    0x041C, 0x041C, 0x041C, 0x041C, 0x041C, 0x03FC, 0x03FC, 0x03FC, 0x03FC, 0x03FC, 0x041C, 0x03FC, 0x03FC, 0x03FC, 0x03FC, 0x03FC,
    0x03FC, 0x03FC, 0x03FC, 0x03FC, 0x03FC, 0x03FB, 0x041D, 0x01EF, 0x0883, 0x08E6, 0x08C5, 0x08E5, 0x08C5, 0x08E5, 0x0883, 0x08C4,
    0x10C5, 0x0883, 0x0884, 0x08A4, 0x08A4, 0x08A4, 0x08C5, 0x0022, 0x39A6, 0x8E1E, 0x03DC, 0x041C, 0x0C1C, 0x03FC, 0x03FC, 0x041C,
    0x041C, 0x041C, 0x041C, 0x041C, 0x041C, 0x041C, 0x041C, 0x041C, 0x041C, 0x041C, 0x041C, 0x0C1C, 0x0C1C, 0x0C1C, 0x041C, 0x041C,
    0x041C, 0x041C, 0x041C, 0x041C, 0x041C, 0x041C, 0x041C, 0x041C, 0x041C, 0x041C, 0x041C, 0x041C, 0x041C, 0x041C, 0x041C, 0x041C,
    0x041C, 0x041C, 0x041C, 0x041C, 0x041C, 0x041C, 0x041C, 0x041C, 0x041C, 0x041C, 0x041C, 0x041C, 0x041C, 0x041C, 0x041C, 0x041C,
    0x041C, 0x041C, 0x041C, 0x041C, 0x041C, 0x041C, 0x041C, 0x041C, 0x043C, 0x041C, 0x043C, 0x043C, 0x041C, 0x043C, 0x043C, 0x041C,
    0x041C, 0x041C, 0x043C, 0x043C, 0x043C, 0x043C, 0x041C, 0x041C, 0x041C, 0x041C, 0x041C, 0x041C, 0x041C, 0x041C, 0x041C, 0x041C,
    0x041C, 0x041C, 0x041C, 0x041C, 0x041C, 0x041C, 0x041C, 0x041C, 0x041C, 0x041C, 0x041C, 0x041C, 0x041C, 0x043C, 0x041C, 0x041C,
    0x041C, 0x041C, 0x041C, 0x041C, 0x041C, 0x043C, 0x041C, 0x043C, 0x043C, 0x041C, 0x041C, 0x041C, 0x043C, 0x043C, 0x043C, 0x043C,
    0x043C, 0x043C, 0x041C, 0x041C, 0x043C, 0x043C, 0x043C, 0x043C, 0x043C, 0x043C, 0x043C, 0x041C, 0x041C, 0x041C, 0x041C, 0x041C,
    0x041C, 0x041C, 0x041C, 0x043C, 0x043C, 0x041C, 0x041C, 0x041C, 0x043C, 0x041C, 0x041C, 0x041C, 0x041C, 0x041C, 0x041C, 0x041C,
    0x041C, 0x041C, 0x041C, 0x041C, 0x041C, 0x041C, 0x041C, 0x041C, 0x041C, 0x041C, 0x041C, 0x041C, 0x041C, 0x041C, 0x041C, 0x041C,
    0x041C, 0x041C, 0x041C, 0x041C, 0x041C, 0x041C, 0x041C, 0x041C, 0x041C, 0x041C, 0x041C, 0x041C, 0x041C, 0x041C, 0x041C, 0x041C,
    0x041C, 0x041C, 0x041C, 0x041C, 0x041C, 0x041C, 0x041C, 0x041C, 0x041C, 0x041C, 0x041C, 0x041C, 0x041C, 0x041C, 0x041C, 0x041C,
    0x041C, 0x041C, 0x041C, 0x041C, 0x03FC, 0x03FC, 0x03FC, 0x03FC, 0x03FC, 0x03FC, 0x03FC, 0x03FC, 0x03FC, 0x03FC, 0x041C, 0x041C,
    0x03FC, 0x041C, 0x03FC, 0x03FC, 0x041C, 0x037B, 0x34FE, 0x42EF, 0x0043, 0x10E6, 0x08C5, 0x08C5, 0x08E5, 0x10E5, 0x0883, 0x08C4,
    0x10C5, 0x0883, 0x0884, 0x08A4, 0x08A4, 0x08A4, 0x08C5, 0x0042, 0x2966, 0xFFFF, 0x9E7E, 0x0BFC, 0x03BC, 0x041C, 0x041C, 0x041C,
    0x041C, 0x041C, 0x041C, 0x041C, 0x041C, 0x041C, 0x041C, 0x041C, 0x041C, 0x043C, 0x043C, 0x0C3C, 0x0C3C, 0x043C, 0x043C, 0x043C,
    0x041C, 0x041C, 0x041C, 0x041C, 0x041C, 0x041C, 0x043C, 0x043C, 0x043C, 0x043C, 0x043C, 0x043C, 0x043C, 0x043C, 0x043C, 0x043C,
    0x043C, 0x043C, 0x0C3C, 0x043C, 0x043C, 0x043C, 0x043C, 0x043C, 0x043C, 0x043C, 0x043C, 0x043C, 0x043C, 0x043C, 0x043C, 0x043C,
    0x043C, 0x043C, 0x043C, 0x043C, 0x043C, 0x043C, 0x043C, 0x043C, 0x043C, 0x043C, 0x043C, 0x043C, 0x043C, 0x043C, 0x043C, 0x043C,
    0x043C, 0x043C, 0x043C, 0x043C, 0x043C, 0x043C, 0x043C, 0x043C, 0x043C, 0x043C, 0x043C, 0x043C, 0x043C, 0x043C, 0x043C, 0x043C,
    0x043C, 0x043C, 0x043C, 0x043C, 0x043C, 0x043C, 0x043C, 0x043C, 0x043C, 0x043C, 0x043C, 0x043C, 0x043C, 0x043C, 0x043C, 0x043C,
    0x043C, 0x043C, 0x043C, 0x043C, 0x043C, 0x043C, 0x043C, 0x043C, 0x043C, 0x043C, 0x043C, 0x043C, 0x043C, 0x043C, 0x043C, 0x043C,
    0x043C, 0x043C, 0x043C, 0x043C, 0x043C, 0x043C, 0x043C, 0x043C, 0x043C, 0x043C, 0x043C, 0x043C, 0x043C, 0x043C, 0x043C, 0x043C,
    0x043C, 0x043C, 0x043C, 0x043C, 0x043D, 0x043C, 0x043C, 0x043D, 0x043C, 0x043D, 0x043C, 0x043C, 0x043C, 0x043C, 0x043C, 0x043C,
    0x043C, 0x043C, 0x043C, 0x043C, 0x043C, 0x041C, 0x043C, 0x043C, 0x043C, 0x043C, 0x043C, 0x043C, 0x043C, 0x043C, 0x043C, 0x043C,
    0x043C, 0x043C, 0x043C, 0x043C, 0x043C, 0x043C, 0x043C, 0x043C, 0x043C, 0x043C, 0x043C, 0x043C, 0x043C, 0x043C, 0x043C, 0x043C,
    0x043C, 0x043C, 0x043C, 0x043C, 0x043C, 0x043C, 0x043C, 0x041C, 0x041C, 0x043C, 0x043C, 0x043C, 0x043C, 0x043C, 0x043C, 0x043C,
    0x043C, 0x041C, 0x041C, 0x041C, 0x041C, 0x041C, 0x041C, 0x041C, 0x041C, 0x041C, 0x041C, 0x041C, 0x041C, 0x041C, 0x041C, 0x041C,
    0x041C, 0x041C, 0x041C, 0x03DB, 0x039B, 0x44DC, 0xEFBF, 0x5B2E, 0x0023, 0x10E6, 0x08C5, 0x08E5, 0x08E5, 0x08E5, 0x08A4, 0x08C4,
    0x08C5, 0x0883, 0x0884, 0x08A4, 0x08A4, 0x08A4, 0x08C5, 0x0042, 0x2967, 0xF7DF, 0xFFFF, 0xCF3F, 0x551D, 0x0C1C, 0x03DC, 0x03DC,
    0x03FC, 0x03FC, 0x03FC, 0x03FC, 0x03FC, 0x03FC, 0x03FC, 0x03FC, 0x03FC, 0x03FC, 0x03FC, 0x041C, 0x041C, 0x03FC, 0x03FC, 0x03FC,
    0x03FC, 0x03FC, 0x03FC, 0x03FC, 0x03FC, 0x03FC, 0x03FC, 0x03FC, 0x03FC, 0x03FC, 0x03FC, 0x03FC, 0x03FC, 0x03FC, 0x03FC, 0x03FC,
    0x03FC, 0x041C, 0x041C, 0x041C, 0x041C, 0x041C, 0x041C, 0x041C, 0x041C, 0x041C, 0x041C, 0x041C, 0x041C, 0x041C, 0x041C, 0x041C,
    0x041C, 0x041C, 0x041C, 0x041C, 0x041C, 0x041C, 0x041C, 0x041C, 0x041C, 0x041C, 0x041C, 0x041C, 0x041C, 0x041C, 0x041C, 0x041C,
    0x041C, 0x041C, 0x041C, 0x041C, 0x041C, 0x041C, 0x041C, 0x041C, 0x041C, 0x041C, 0x041C, 0x041C, 0x041C, 0x041C, 0x041C, 0x041C,
    0x041C, 0x041C, 0x041C, 0x041C, 0x041C, 0x041C, 0x041C, 0x041C, 0x03FC, 0x03FC, 0x03FC, 0x041C, 0x041C, 0x041C, 0x041C, 0x041C,
    0x041C, 0x041C, 0x041C, 0x041C, 0x041C, 0x041C, 0x041C, 0x041C, 0x041C, 0x041C, 0x041C, 0x041C, 0x041C, 0x041C, 0x041C, 0x041C,
    0x041C, 0x041C, 0x041C, 0x041C, 0x041C, 0x041C, 0x041C, 0x041C, 0x041C, 0x041C, 0x041C, 0x041C, 0x041C, 0x041C, 0x041C, 0x041C,
    0x041C, 0x041C, 0x041C, 0x041C, 0x041C, 0x041C, 0x041C, 0x041C, 0x041C, 0x041C, 0x041C, 0x041C, 0x041C, 0x041C, 0x041C, 0x041C,
    0x041C, 0x03FC, 0x03FC, 0x03FC, 0x03FC, 0x03FC, 0x03FC, 0x03FC, 0x03FC, 0x03FC, 0x03FC, 0x03FC, 0x03FC, 0x03FC, 0x03FC, 0x03FC,
    0x03FC, 0x03FC, 0x041C, 0x03FC, 0x03FC, 0x041C, 0x03FC, 0x03FC, 0x03FC, 0x03FC, 0x03FC, 0x03FC, 0x03FC, 0x03FC, 0x03FC, 0x03FC,
    0x03FC, 0x03FC, 0x03FC, 0x03FC, 0x03FC, 0x03FC, 0x03FC, 0x03FC, 0x03FC, 0x03FC, 0x03FC, 0x03FC, 0x03FC, 0x03FC, 0x03FC, 0x03FC,
    0x03FC, 0x03FC, 0x03FC, 0x03FC, 0x03FC, 0x03FC, 0x03FC, 0x03DC, 0x03DC, 0x03FC, 0x03FC, 0x03FC, 0x03FC, 0x03FC, 0x03FC, 0x03FC,
    0x03DC, 0x03DB, 0x03DB, 0x2C7C, 0x963D, 0xFFFF, 0xFFFF, 0x4AEE, 0x0043, 0x10E6, 0x08E5, 0x08E5, 0x08E5, 0x08E5, 0x0883, 0x08C4,
    0x08C5, 0x0883, 0x0883, 0x08A4, 0x08A4, 0x08A4, 0x08C5, 0x0042, 0x2987, 0xF7DF, 0xF7DF, 0xF7FF, 0xFFFF, 0xCF3F, 0x8E1E, 0x553D,
    0x34DD, 0x2CBD, 0x34BD, 0x34BD, 0x34BD, 0x34DD, 0x34DD, 0x34BD, 0x34DD, 0x34DD, 0x34DD, 0x34DD, 0x34DD, 0x34DD, 0x34DD, 0x34DD,
    0x34DD, 0x34DD, 0x34DD, 0x34DD, 0x34DD, 0x34DD, 0x34DD, 0x34DD, 0x34DD, 0x34DD, 0x34DD, 0x34DD, 0x34DD, 0x34BD, 0x34BD, 0x34DD,
    0x34DD, 0x34DD, 0x34DD, 0x34DD, 0x34DD, 0x34DD, 0x34DD, 0x34DD, 0x34DD, 0x34DD, 0x34DD, 0x34DD, 0x34DD, 0x34DD, 0x34DD, 0x34DD,
    0x34DD, 0x34DD, 0x34DD, 0x34DD, 0x34DD, 0x34DD, 0x34DD, 0x34DD, 0x34DD, 0x34DD, 0x34DD, 0x34DD, 0x34DD, 0x34DD, 0x34DD, 0x34DD,
    0x34DD, 0x34FD, 0x34DD, 0x34DD, 0x34DD, 0x34DD, 0x34DD, 0x34DD, 0x34FD, 0x34FD, 0x34DD, 0x34DD, 0x34DD, 0x34DD, 0x34DD, 0x34DD,
    0x34DD, 0x34DD, 0x34DD, 0x34DD, 0x34DD, 0x34DD, 0x34DD, 0x34DD, 0x34DD, 0x34DD, 0x34DD, 0x34DD, 0x34DD, 0x34DD, 0x34DD, 0x34DD,
    0x34FD, 0x34DD, 0x34DD, 0x34DD, 0x34DD, 0x34DD, 0x34DD, 0x34DD, 0x34DD, 0x34DD, 0x34DD, 0x34DD, 0x34DD, 0x34DD, 0x34DD, 0x34DD,
    0x34DD, 0x34DD, 0x34DD, 0x34DD, 0x34DD, 0x34DD, 0x34DD, 0x34DD, 0x34DD, 0x34DD, 0x34DD, 0x34DD, 0x34DD, 0x34DD, 0x34DD, 0x34DD,
    0x34DD, 0x34DD, 0x34DD, 0x34DD, 0x34DD, 0x34DD, 0x34DD, 0x34FD, 0x34FD, 0x34DD, 0x34DD, 0x34DD, 0x34FD, 0x34DD, 0x34DD, 0x34DD,
    0x34DD, 0x34DD, 0x34DD, 0x34DD, 0x34DD, 0x34DD, 0x34DD, 0x34DD, 0x34DD, 0x34DD, 0x34DD, 0x34DD, 0x34DD, 0x34DD, 0x34DD, 0x34DD,
    0x34DD, 0x34DD, 0x34DD, 0x34DD, 0x34DD, 0x34DD, 0x34DD, 0x34DD, 0x34DD, 0x34DD, 0x34DD, 0x34DD, 0x34DD, 0x34DD, 0x34DD, 0x34DD,
    0x34DD, 0x34DD, 0x34DD, 0x34DD, 0x34DD, 0x34DD, 0x34DD, 0x34DD, 0x34DD, 0x34DD, 0x34DD, 0x34DD, 0x34DD, 0x34DD, 0x34DD, 0x34DD,
    0x34DD, 0x34DD, 0x34BD, 0x34BD, 0x34BD, 0x34BD, 0x34BD, 0x34BD, 0x34BD, 0x34BD, 0x34BD, 0x34BD, 0x34BD, 0x34BD, 0x34BC, 0x34BD,
    0x451D, 0x75BD, 0xB6DE, 0xEFDF, 0xFFFF, 0xF7DF, 0xFFFF, 0x530E, 0x0043, 0x10E6, 0x08E5, 0x08E5, 0x08E5, 0x10E5, 0x0883, 0x08A4,
    0x10C5, 0x0883, 0x0883, 0x08A4, 0x08A4, 0x08A4, 0x08C5, 0x0022, 0x2987, 0xF7DF, 0xF7DF, 0xEFDF, 0xF7DF, 0xFFFF, 0xFFFF, 0xFFFF,
    0xF7DF, 0xF7DF, 0xF7DF, 0xF7DF, 0xF7DF, 0xF7DF, 0xF7DF, 0xF7DF, 0xF7DF, 0xF7DF, 0xF7DF, 0xF7DF, 0xF7DF, 0xF7DF, 0xF7DF, 0xF7DF,
    0xF7DF, 0xF7DF, 0xF7DF, 0xF7DF, 0xF7DF, 0xF7DF, 0xF7DF, 0xF7DF, 0xF7DF, 0xF7DF, 0xF7DF, 0xF7DF, 0xF7DF, 0xF7DF, 0xF7DF, 0xF7DF,
    0xF7DF, 0xF7DF, 0xF7DF, 0xF7DF, 0xF7DF, 0xF7DF, 0xF7DF, 0xF7DF, 0xF7DF, 0xF7DF, 0xF7DF, 0xF7DF, 0xF7DF, 0xF7DF, 0xF7DF, 0xF7DF,
    0xF7DF, 0xF7DF, 0xF7DF, 0xF7DF, 0xF7DF, 0xF7DF, 0xF7DF, 0xF7DF, 0xF7DF, 0xF7DF, 0xF7DF, 0xF7DF, 0xF7DF, 0xF7DF, 0xF7DF, 0xF7DF,
    0xF7DF, 0xF7DF, 0xF7DF, 0xF7DF, 0xF7DF, 0xF7DF, 0xF7DF, 0xF7DF, 0xF7DF, 0xF7DF, 0xF7DF, 0xF7DF, 0xF7DF, 0xF7DF, 0xF7DF, 0xF7DF,
    0xF7DF, 0xF7DF, 0xF7DF, 0xF7DF, 0xF7DF, 0xF7DF, 0xF7DF, 0xF7DF, 0xF7DF, 0xF7DF, 0xF7DF, 0xF7DF, 0xF7DF, 0xF7DF, 0xF7DF, 0xF7DF,
    0xF7DF, 0xF7DF, 0xF7DF, 0xF7DF, 0xF7DF, 0xF7DF, 0xF7DF, 0xF7DF, 0xF7DF, 0xF7DF, 0xF7DF, 0xF7DF, 0xF7DF, 0xF7DF, 0xF7DF, 0xF7DF,
    0xF7DF, 0xF7DF, 0xF7DF, 0xF7DF, 0xF7DF, 0xF7DF, 0xF7DF, 0xF7DF, 0xF7DF, 0xF7DF, 0xF7DF, 0xF7DF, 0xF7DF, 0xF7DF, 0xF7DF, 0xF7DF,
    0xF7DF, 0xF7DF, 0xF7DF, 0xF7DF, 0xF7DF, 0xF7DF, 0xF7DF, 0xF7DF, 0xF7DF, 0xF7DF, 0xF7DF, 0xF7DF, 0xF7DF, 0xF7DF, 0xF7DF, 0xF7DF,
    0xF7DF, 0xF7DF, 0xF7DF, 0xF7DF, 0xF7DF, 0xF7DF, 0xF7DF, 0xF7DF, 0xF7DF, 0xF7DF, 0xF7DF, 0xF7DF, 0xF7DF, 0xF7DF, 0xF7DF, 0xF7DF,
    0xF7DF, 0xF7DF, 0xF7DF, 0xF7DF, 0xF7DF, 0xF7DF, 0xF7DF, 0xF7DF, 0xF7DF, 0xF7DF, 0xF7DF, 0xF7DF, 0xF7DF, 0xF7DF, 0xF7DF, 0xF7DF,
    0xF7DF, 0xF7DF, 0xF7DF, 0xF7DF, 0xF7DF, 0xF7DF, 0xF7DF, 0xF7DF, 0xF7DF, 0xF7DF, 0xF7DF, 0xF7DF, 0xF7DF, 0xF7DF, 0xF7DF, 0xF7DF,
    0xF7DF, 0xF7DF, 0xF7DF, 0xF7DF, 0xF7DF, 0xF7DF, 0xF7DF, 0xF7DF, 0xF7DF, 0xF7DF, 0xF7DF, 0xF7DF, 0xF7DF, 0xF7DF, 0xF7DF, 0xF7DF,
    0xFFFF, 0xFFFF, 0xFFFF, 0xF7DF, 0xEFDF, 0xEFBF, 0xFFFF, 0x530F, 0x0044, 0x1106, 0x08E5, 0x08E5, 0x08E5, 0x10E5, 0x0883, 0x08A4,
    0x08C5, 0x0883, 0x0883, 0x08A4, 0x08A4, 0x08A4, 0x08C4, 0x0022, 0x2967, 0xF7DF, 0xF7DF, 0xF7DF, 0xF7DF, 0xEFDF, 0xEFBF, 0xEFBF,
    0xF7DF, 0xF7DF, 0xF7DF, 0xF7DF, 0xF7DF, 0xF7DF, 0xF7DF, 0xF7DF, 0xF7DF, 0xF7DF, 0xF7DF, 0xF7DF, 0xF7DF, 0xF7DF, 0xF7DF, 0xF7DF,
    0xF7DF, 0xF7DF, 0xF7DF, 0xF7DF, 0xF7DF, 0xF7DF, 0xF7DF, 0xF7DF, 0xF7DF, 0xF7DF, 0xF7DF, 0xF7DF, 0xF7DF, 0xF7DF, 0xF7DF, 0xF7DF,
    0xF7DF, 0xF7DF, 0xF7DF, 0xF7DF, 0xF7DF, 0xF7DF, 0xEFDF, 0xF7DF, 0xF7DF, 0xF7DF, 0xF7DF, 0xF7DF, 0xF7DF, 0xF7DF, 0xF7DF, 0xF7DF,
    0xF7DF, 0xEFDF, 0xF7DF, 0xF7DF, 0xF7DF, 0xF7DF, 0xF7DF, 0xF7DF, 0xF7DF, 0xF7DF, 0xF7DF, 0xF7DF, 0xF7DF, 0xF7DF, 0xF7DF, 0xF7DF,
    0xF7DF, 0xF7DF, 0xEFDF, 0xF7DF, 0xF7DF, 0xF7DF, 0xF7DF, 0xF7DF, 0xF7DF, 0xEFDF, 0xEFDF, 0xEFDF, 0xF7DF, 0xEFDF, 0xF7DF, 0xF7DF,
    0xF7DF, 0xF7DF, 0xF7DF, 0xF7DF, 0xF7DF, 0xF7DF, 0xF7DF, 0xF7DF, 0xF7DF, 0xF7DF, 0xF7DF, 0xEFDF, 0xF7DF, 0xF7DF, 0xF7DF, 0xEFDF,
    0xEFDF, 0xF7DF, 0xF7DF, 0xF7DF, 0xF7DF, 0xF7DF, 0xF7DF, 0xF7DF, 0xF7DF, 0xF7DF, 0xF7DF, 0xF7DF, 0xF7DF, 0xF7DF, 0xF7DF, 0xEFDF,
    0xEFDF, 0xF7DF, 0xEFDF, 0xEFDF, 0xEFDF, 0xEFDF, 0xF7DF, 0xF7DF, 0xF7DF, 0xF7DF, 0xF7DF, 0xF7DF, 0xF7DF, 0xF7DF, 0xEFDF, 0xF7DF,
    0xF7DF, 0xF7DF, 0xF7DF, 0xF7DF, 0xF7DF, 0xF7DF, 0xEFDF, 0xF7DF, 0xF7DF, 0xEFDF, 0xF7DF, 0xF7DF, 0xEFDF, 0xEFDF, 0xEFDF, 0xEFDF,
    0xEFDF, 0xEFDF, 0xEFDF, 0xEFDF, 0xEFDF, 0xEFDF, 0xEFDF, 0xEFDF, 0xEFDF, 0xF7DF, 0xEFDF, 0xF7DF, 0xF7DF, 0xF7DF, 0xF7DF, 0xF7DF,
    0xF7DF, 0xF7DF, 0xF7DF, 0xF7DF, 0xF7DF, 0xEFDF, 0xF7DF, 0xF7DF, 0xF7DF, 0xF7DF, 0xF7DF, 0xF7DF, 0xF7DF, 0xF7DF, 0xF7DF, 0xF7DF,
    0xF7DF, 0xF7DF, 0xF7DF, 0xF7DF, 0xF7DF, 0xF7DF, 0xF7DF, 0xF7DF, 0xF7DF, 0xF7DF, 0xF7DF, 0xF7DF, 0xF7DF, 0xF7DF, 0xF7DF, 0xF7DF,
    0xF7DF, 0xF7DF, 0xF7DF, 0xF7DF, 0xF7DF, 0xF7DF, 0xF7DF, 0xF7DF, 0xF7DF, 0xF7DF, 0xF7DF, 0xF7DF, 0xF7DF, 0xF7DF, 0xF7DF, 0xF7DF,
    0xEFDF, 0xEFBF, 0xEFBF, 0xF7DF, 0xF7DF, 0xEFBF, 0xFFFF, 0x532F, 0x0064, 0x1106, 0x08E5, 0x08E5, 0x08E5, 0x08E5, 0x0883, 0x08A4,
    0x08C5, 0x0883, 0x0883, 0x08A4, 0x08A4, 0x08A4, 0x08C4, 0x0022, 0x2987, 0xF7DF, 0xF7DF, 0xF7DF, 0xF7DF, 0xF7DF, 0xF7DF, 0xF7DF,
    0xF7DF, 0xF7DF, 0xF7DF, 0xF7DF, 0xF7DF, 0xF7DF, 0xF7DF, 0xF7DF, 0xF7DF, 0xF7DF, 0xF7DF, 0xF7DF, 0xF7DF, 0xF7DF, 0xF7DF, 0xF7DF,
    0xF7DF, 0xF7DF, 0xF7DF, 0xF7DF, 0xF7DF, 0xF7DF, 0xF7DF, 0xF7DF, 0xF7DF, 0xF7DF, 0xF7DF, 0xF7DF, 0xF7DF, 0xF7DF, 0xF7DF, 0xF7DF,
    0xF7DF, 0xF7DF, 0xF7DF, 0xF7DF, 0xF7DF, 0xF7DF, 0xF7DF, 0xF7DF, 0xF7DF, 0xF7DF, 0xF7DF, 0xF7DF, 0xF7DF, 0xF7DF, 0xF7DF, 0xF7DF,
    0xF7DF, 0xF7DF, 0xF7DF, 0xF7DF, 0xF7DF, 0xF7DF, 0xF7DF, 0xF7DF, 0xF7DF, 0xF7DF, 0xF7DF, 0xF7DF, 0xF7DF, 0xF7DF, 0xF7DF, 0xF7DF,
    0xF7DF, 0xF7DF, 0xF7DF, 0xF7DF, 0xF7DF, 0xF7DF, 0xF7DF, 0xF7DF, 0xF7DF, 0xF7DF, 0xF7DF, 0xF7DF, 0xF7DF, 0xF7DF, 0xF7DF, 0xF7DF,
    0xF7DF, 0xF7DF, 0xF7DF, 0xF7DF, 0xF7DF, 0xF7DF, 0xF7DF, 0xF7DF, 0xF7DF, 0xF7DF, 0xF7DF, 0xF7DF, 0xF7DF, 0xF7DF, 0xF7DF, 0xF7DF,
    0xF7DF, 0xF7DF, 0xF7DF, 0xF7DF, 0xF7DF, 0xF7DF, 0xF7DF, 0xF7DF, 0xF7DF, 0xF7DF, 0xF7DF, 0xF7DF, 0xF7DF, 0xF7DF, 0xF7DF, 0xF7DF,
    0xF7DF, 0xF7DF, 0xF7DF, 0xF7DF, 0xF7DF, 0xF7DF, 0xF7DF, 0xF7DF, 0xF7DF, 0xF7DF, 0xF7DF, 0xF7DF, 0xF7DF, 0xF7DF, 0xF7DF, 0xF7DF,
    0xF7DF, 0xF7DF, 0xF7DF, 0xF7DF, 0xF7DF, 0xF7DF, 0xF7DF, 0xF7DF, 0xF7DF, 0xF7DF, 0xF7DF, 0xF7DF, 0xF7DF, 0xEFDF, 0xEFDF, 0xF7DF,
    0xEFDF, 0xEFDF, 0xEFDF, 0xEFDF, 0xF7DF, 0xF7DF, 0xF7DF, 0xF7DF, 0xF7DF, 0xF7DF, 0xF7DF, 0xF7DF, 0xF7DF, 0xF7DF, 0xF7DF, 0xF7DF,
    0xF7DF, 0xF7DF, 0xF7DF, 0xF7DF, 0xF7DF, 0xF7DF, 0xF7DF, 0xF7DF, 0xF7DF, 0xF7DF, 0xF7DF, 0xF7DF, 0xF7DF, 0xF7DF, 0xF7DF, 0xF7DF,
    0xF7DF, 0xF7DF, 0xF7DF, 0xF7DF, 0xF7DF, 0xF7DF, 0xF7DF, 0xF7DF, 0xF7DF, 0xF7DF, 0xF7DF, 0xF7DF, 0xF7DF, 0xF7DF, 0xF7DF, 0xF7DF,
    0xF7DF, 0xF7DF, 0xF7DF, 0xF7DF, 0xF7DF, 0xF7DF, 0xF7DF, 0xF7DF, 0xF7DF, 0xF7DF, 0xF7DF, 0xF7DF, 0xF7DF, 0xF7DF, 0xF7DF, 0xF7DF,
    0xF7DF, 0xF7DF, 0xF7DF, 0xF7DF, 0xF7DF, 0xEFBF, 0xFFFF, 0x532F, 0x0064, 0x1106, 0x08E5, 0x08E5, 0x08E5, 0x08E5, 0x0883, 0x08A4,
    0x10E5, 0x0883, 0x0883, 0x08A4, 0x08A4, 0x08A4, 0x08C4, 0x0042, 0x2987, 0xF7DF, 0xF7DF, 0xF7DF, 0xF7DF, 0xF7DF, 0xF7DF, 0xF7DF,
    0xF7DF, 0xF7DF, 0xF7DF, 0xF7DF, 0xF7DF, 0xF7DF, 0xF7DF, 0xF7DF, 0xF7DF, 0xF7DF, 0xF7DF, 0xF7DF, 0xF7DF, 0xF7DF, 0xF7DF, 0xF7DF,
    0xF7DF, 0xF7DF, 0xF7DF, 0xF7DF, 0xF7DF, 0xF7DF, 0xF7DF, 0xF7DF, 0xF7DF, 0xF7DF, 0xF7DF, 0xF7DF, 0xF7DF, 0xF7DF, 0xF7DF, 0xF7DF,
    0xF7DF, 0xF7DF, 0xF7DF, 0xF7DF, 0xF7DF, 0xF7DF, 0xF7DF, 0xF7DF, 0xF7DF, 0xF7DF, 0xF7DF, 0xF7DF, 0xF7DF, 0xF7DF, 0xF7DF, 0xF7DF,
    0xF7DF, 0xF7DF, 0xF7DF, 0xF7DF, 0xF7DF, 0xF7DF, 0xF7DF, 0xF7DF, 0xF7DF, 0xF7DF, 0xF7DF, 0xF7DF, 0xF7DF, 0xF7DF, 0xF7DF, 0xF7DF,
    0xF7DF, 0xF7DF, 0xF7DF, 0xF7DF, 0xF7DF, 0xF7DF, 0xF7DF, 0xF7DF, 0xF7DF, 0xF7DF, 0xF7DF, 0xF7DF, 0xF7DF, 0xF7DF, 0xF7DF, 0xF7DF,
    0xF7DF, 0xF7DF, 0xF7DF, 0xF7DF, 0xF7DF, 0xF7DF, 0xF7DF, 0xF7DF, 0xF7DF, 0xF7DF, 0xF7DF, 0xF7DF, 0xF7DF, 0xF7DF, 0xF7DF, 0xF7DF,
    0xF7DF, 0xF7DF, 0xF7DF, 0xF7DF, 0xF7DF, 0xF7DF, 0xF7DF, 0xF7DF, 0xF7DF, 0xF7DF, 0xF7DF, 0xF7DF, 0xF7DF, 0xF7DF, 0xF7DF, 0xF7DF,
    0xF7DF, 0xF7DF, 0xF7DF, 0xF7DF, 0xF7DF, 0xF7DF, 0xF7DF, 0xF7DF, 0xF7DF, 0xF7DF, 0xF7DF, 0xF7DF, 0xF7DF, 0xF7DF, 0xF7DF, 0xF7DF,
    0xF7DF, 0xF7DF, 0xF7DF, 0xF7DF, 0xF7DF, 0xF7DF, 0xF7DF, 0xF7DF, 0xF7DF, 0xF7DF, 0xF7DF, 0xF7DF, 0xF7DF, 0xF7DF, 0xF7DF, 0xF7DF,
    0xF7DF, 0xF7DF, 0xF7DF, 0xF7DF, 0xF7DF, 0xF7DF, 0xF7DF, 0xF7DF, 0xF7DF, 0xF7DF, 0xF7DF, 0xF7DF, 0xF7DF, 0xF7DF, 0xF7DF, 0xF7DF,
    0xF7DF, 0xF7DF, 0xF7DF, 0xF7DF, 0xF7DF, 0xF7DF, 0xF7DF, 0xF7DF, 0xF7DF, 0xF7DF, 0xF7DF, 0xF7DF, 0xF7DF, 0xF7DF, 0xF7DF, 0xF7DF,
    0xF7DF, 0xF7DF, 0xF7DF, 0xF7DF, 0xF7DF, 0xF7DF, 0xF7DF, 0xF7DF, 0xF7DF, 0xF7DF, 0xF7DF, 0xF7DF, 0xF7DF, 0xF7DF, 0xF7DF, 0xF7DF,
    0xF7DF, 0xF7DF, 0xF7DF, 0xF7DF, 0xF7DF, 0xF7DF, 0xF7DF, 0xF7DF, 0xF7DF, 0xF7DF, 0xF7DF, 0xF7DF, 0xF7DF, 0xF7DF, 0xF7DF, 0xF7DF,
    0xF7DF, 0xF7DF, 0xF7DF, 0xF7DF, 0xF7DF, 0xEFBF, 0xFFFF, 0x532F, 0x0064, 0x1106, 0x08E5, 0x08E5, 0x08E5, 0x08E5, 0x0883, 0x08A4,
    0x10C5, 0x0883, 0x0883, 0x08A4, 0x08A4, 0x08A4, 0x08C4, 0x0042, 0x2987, 0xF7DF, 0xF7DF, 0xF7DF, 0xF7DF, 0xF7DF, 0xF7DF, 0xF7DF,
    0xF7DF, 0xF7DF, 0xF7DF, 0xF7DF, 0xF7DF, 0xF7DF, 0xF7DF, 0xF7DF, 0xF7DF, 0xF7DF, 0xF7DF, 0xF7DF, 0xF7DF, 0xF7DF, 0xF7DF, 0xF7DF,
    0xF7DF, 0xF7DF, 0xF7DF, 0xF7DF, 0xF7DF, 0xF7DF, 0xF7DF, 0xF7DF, 0xF7DF, 0xF7DF, 0xF7DF, 0xF7DF, 0xF7DF, 0xF7DF, 0xF7DF, 0xF7DF,
    0xF7DF, 0xF7DF, 0xF7DF, 0xF7DF, 0xF7DF, 0xF7DF, 0xF7DF, 0xF7DF, 0xF7DF, 0xF7DF, 0xF7DF, 0xF7DF, 0xF7DF, 0xF7DF, 0xF7DF, 0xF7DF,
    0xF7DF, 0xF7DF, 0xF7DF, 0xF7DF, 0xF7DF, 0xF7DF, 0xF7DF, 0xF7DF, 0xF7DF, 0xF7DF, 0xF7DF, 0xF7DF, 0xF7DF, 0xF7DF, 0xF7DF, 0xF7DF,
    0xF7DF, 0xF7DF, 0xF7DF, 0xF7DF, 0xF7DF, 0xF7DF, 0xF7DF, 0xF7DF, 0xF7DF, 0xF7DF, 0xF7DF, 0xF7DF, 0xF7DF, 0xF7DF, 0xF7DF, 0xF7DF,
    0xF7DF, 0xF7DF, 0xF7DF, 0xF7DF, 0xF7DF, 0xF7DF, 0xF7DF, 0xF7DF, 0xF7DF, 0xF7DF, 0xF7DF, 0xF7DF, 0xF7DF, 0xF7DF, 0xF7DF, 0xF7DF,
    0xF7DF, 0xF7DF, 0xF7DF, 0xF7DF, 0xF7DF, 0xF7DF, 0xF7DF, 0xF7DF, 0xF7DF, 0xF7DF, 0xF7DF, 0xF7DF, 0xF7DF, 0xF7DF, 0xF7DF, 0xF7DF,
    0xF7DF, 0xF7DF, 0xF7DF, 0xF7DF, 0xF7DF, 0xF7DF, 0xF7DF, 0xF7DF, 0xF7DF, 0xF7DF, 0xF7DF, 0xF7DF, 0xF7DF, 0xF7DF, 0xF7DF, 0xF7DF,
    0xF7DF, 0xF7DF, 0xF7DF, 0xF7DF, 0xF7DF, 0xF7DF, 0xF7DF, 0xF7DF, 0xF7DF, 0xF7DF, 0xF7DF, 0xF7DF, 0xF7DF, 0xF7DF, 0xF7DF, 0xF7DF,
    0xF7DF, 0xF7DF, 0xF7DF, 0xF7DF, 0xF7DF, 0xF7DF, 0xF7DF, 0xF7DF, 0xF7DF, 0xF7DF, 0xF7DF, 0xF7DF, 0xF7DF, 0xF7DF, 0xF7DF, 0xF7DF,
    0xF7DF, 0xF7DF, 0xF7DF, 0xF7DF, 0xF7DF, 0xF7DF, 0xF7DF, 0xF7DF, 0xF7DF, 0xF7DF, 0xF7DF, 0xF7DF, 0xF7DF, 0xF7DF, 0xF7DF, 0xF7DF,
    0xF7DF, 0xF7DF, 0xF7DF, 0xF7DF, 0xF7DF, 0xF7DF, 0xF7DF, 0xF7DF, 0xF7DF, 0xF7DF, 0xF7DF, 0xF7DF, 0xF7DF, 0xF7DF, 0xF7DF, 0xF7DF,
    0xF7DF, 0xF7DF, 0xF7DF, 0xF7DF, 0xF7DF, 0xF7DF, 0xF7DF, 0xF7DF, 0xF7DF, 0xF7DF, 0xF7DF, 0xF7DF, 0xF7DF, 0xF7DF, 0xF7DF, 0xF7DF,
    0xF7DF, 0xF7DF, 0xF7DF, 0xF7DF, 0xF7DF, 0xEFBF, 0xFFFF, 0x530F, 0x0064, 0x1106, 0x08E5, 0x08E5, 0x08C5, 0x08C5, 0x0883, 0x08C4,
    0x10C5, 0x0883, 0x0883, 0x08A4, 0x08A4, 0x08A4, 0x08C4, 0x0042, 0x2987, 0xF7DF, 0xF7DF, 0xF7DF, 0xF7DF, 0xF7DF, 0xF7DF, 0xF7DF,
    0xF7DF, 0xF7DF, 0xF7DF, 0xF7DF, 0xF7DF, 0xF7DF, 0xF7DF, 0xF7DF, 0xF7DF, 0xF7DF, 0xF7DF, 0xF7DF, 0xF7DF, 0xF7DF, 0xF7DF, 0xF7DF,
    0xF7DF, 0xF7DF, 0xF7DF, 0xF7DF, 0xF7DF, 0xF7DF, 0xF7DF, 0xF7DF, 0xF7DF, 0xF7DF, 0xF7DF, 0xF7DF, 0xF7DF, 0xF7DF, 0xF7DF, 0xF7DF,
    0xF7DF, 0xF7DF, 0xF7DF, 0xF7DF, 0xF7DF, 0xF7DF, 0xF7DF, 0xF7DF, 0xF7DF, 0xF7DF, 0xF7DF, 0xF7DF, 0xF7DF, 0xF7DF, 0xF7DF, 0xF7DF,
    0xF7DF, 0xF7DF, 0xF7DF, 0xF7DF, 0xF7DF, 0xF7DF, 0xF7DF, 0xF7DF, 0xF7DF, 0xF7DF, 0xF7DF, 0xF7DF, 0xF7DF, 0xF7DF, 0xF7DF, 0xF7DF,
    0xF7DF, 0xF7DF, 0xF7DF, 0xF7DF, 0xF7DF, 0xF7DF, 0xF7DF, 0xF7DF, 0xF7DF, 0xF7DF, 0xF7DF, 0xF7DF, 0xF7DF, 0xF7DF, 0xF7DF, 0xF7DF,
    0xF7DF, 0xF7DF, 0xF7DF, 0xF7DF, 0xF7DF, 0xF7DF, 0xF7DF, 0xF7DF, 0xF7DF, 0xF7DF, 0xF7DF, 0xF7DF, 0xF7DF, 0xF7DF, 0xF7DF, 0xF7DF,
    0xF7DF, 0xF7DF, 0xF7DF, 0xF7DF, 0xF7DF, 0xF7DF, 0xF7DF, 0xF7DF, 0xF7DF, 0xF7DF, 0xF7DF, 0xF7DF, 0xF7DF, 0xF7DF, 0xF7DF, 0xF7DF,
    0xF7DF, 0xF7DF, 0xF7DF, 0xF7DF, 0xF7DF, 0xF7DF, 0xF7DF, 0xF7DF, 0xF7DF, 0xF7DF, 0xF7DF, 0xF7DF, 0xF7DF, 0xF7DF, 0xF7DF, 0xF7DF,
    0xF7DF, 0xF7DF, 0xF7DF, 0xF7DF, 0xF7DF, 0xF7DF, 0xF7DF, 0xF7DF, 0xF7DF, 0xF7DF, 0xF7DF, 0xF7DF, 0xF7DF, 0xF7DF, 0xF7DF, 0xF7DF,
    0xF7DF, 0xF7DF, 0xF7DF, 0xF7DF, 0xF7DF, 0xF7DF, 0xF7DF, 0xF7DF, 0xF7DF, 0xF7DF, 0xF7DF, 0xF7DF, 0xF7DF, 0xF7DF, 0xF7DF, 0xF7DF,
    0xF7DF, 0xF7DF, 0xF7DF, 0xF7DF, 0xF7DF, 0xF7DF, 0xF7DF, 0xF7DF, 0xF7DF, 0xF7DF, 0xF7DF, 0xF7DF, 0xF7DF, 0xF7DF, 0xF7DF, 0xF7DF,
    0xF7DF, 0xF7DF, 0xF7DF, 0xF7DF, 0xF7DF, 0xF7DF, 0xF7DF, 0xF7DF, 0xF7DF, 0xF7DF, 0xF7DF, 0xF7DF, 0xF7DF, 0xF7DF, 0xF7DF, 0xF7DF,
    0xF7DF, 0xF7DF, 0xF7DF, 0xF7DF, 0xF7DF, 0xF7DF, 0xF7DF, 0xF7DF, 0xF7DF, 0xF7DF, 0xF7DF, 0xF7DF, 0xF7DF, 0xF7DF, 0xF7DF, 0xF7DF,
    0xF7DF, 0xF7DF, 0xF7DF, 0xF7DF, 0xF7DF, 0xEFBF, 0xFFFF, 0x530F, 0x0044, 0x1106, 0x08E5, 0x08E5, 0x08C5, 0x08E5, 0x0883, 0x08C4,
    0x08C5, 0x0883, 0x0883, 0x08A4, 0x08A4, 0x08A4, 0x08C4, 0x0042, 0x2988, 0xF7BF, 0xF7DF, 0xF7DF, 0xF7DF, 0xF7DF, 0xF7DF, 0xF7DF,
    0xF7DF, 0xF7DF, 0xF7DF, 0xF7DF, 0xF7DF, 0xF7DF, 0xF7DF, 0xF7DF, 0xF7DF, 0xF7DF, 0xF7DF, 0xF7DF, 0xF7DF, 0xF7DF, 0xF7DF, 0xF7DF,
    0xF7DF, 0xF7DF, 0xF7DF, 0xF7DF, 0xF7DF, 0xF7DF, 0xF7DF, 0xF7DF, 0xF7DF, 0xF7DF, 0xF7DF, 0xF7DF, 0xF7DF, 0xF7DF, 0xF7DF, 0xF7DF,
    0xF7DF, 0xF7DF, 0xF7DF, 0xF7DF, 0xF7DF, 0xF7DF, 0xF7DF, 0xF7DF, 0xF7DF, 0xF7DF, 0xF7DF, 0xF7DF, 0xF7DF, 0xF7DF, 0xF7DF, 0xF7DF,
    0xF7DF, 0xF7DF, 0xF7DF, 0xF7DF, 0xF7DF, 0xF7DF, 0xF7DF, 0xF7DF, 0xF7DF, 0xF7DF, 0xF7DF, 0xF7DF, 0xF7DF, 0xF7DF, 0xF7DF, 0xF7DF,
    0xF7DF, 0xF7DF, 0xF7DF, 0xF7DF, 0xF7DF, 0xF7DF, 0xF7DF, 0xF7DF, 0xF7DF, 0xF7DF, 0xF7DF, 0xF7DF, 0xF7DF, 0xF7DF, 0xF7DF, 0xF7DF,
    0xF7DF, 0xF7DF, 0xF7DF, 0xF7DF, 0xF7DF, 0xF7DF, 0xF7DF, 0xF7DF, 0xF7DF, 0xF7DF, 0xF7DF, 0xF7DF, 0xF7DF, 0xF7DF, 0xF7DF, 0xF7DF,
    0xF7DF, 0xF7DF, 0xF7DF, 0xF7DF, 0xF7DF, 0xF7DF, 0xF7DF, 0xF7DF, 0xF7DF, 0xF7DF, 0xF7DF, 0xF7DF, 0xF7DF, 0xF7DF, 0xF7DF, 0xF7DF,
    0xF7DF, 0xF7DF, 0xF7DF, 0xF7DF, 0xF7DF, 0xF7DF, 0xF7DF, 0xF7DF, 0xF7DF, 0xF7DF, 0xF7DF, 0xF7DF, 0xF7DF, 0xF7DF, 0xF7DF, 0xF7DF,
    0xF7DF, 0xF7DF, 0xF7DF, 0xF7DF, 0xF7DF, 0xF7DF, 0xF7DF, 0xF7DF, 0xF7DF, 0xF7DF, 0xF7DF, 0xF7DF, 0xF7DF, 0xF7DF, 0xF7DF, 0xF7DF,
    0xF7DF, 0xF7DF, 0xF7DF, 0xF7DF, 0xF7DF, 0xF7DF, 0xF7DF, 0xF7DF, 0xF7DF, 0xF7DF, 0xF7DF, 0xF7DF, 0xF7DF, 0xF7DF, 0xF7DF, 0xF7DF,
    0xF7DF, 0xF7DF, 0xF7DF, 0xF7DF, 0xF7DF, 0xF7DF, 0xF7DF, 0xF7DF, 0xF7DF, 0xF7DF, 0xF7DF, 0xF7DF, 0xF7DF, 0xF7DF, 0xF7DF, 0xF7DF,
    0xF7DF, 0xF7DF, 0xF7DF, 0xF7DF, 0xF7DF, 0xF7DF, 0xF7DF, 0xF7DF, 0xF7DF, 0xF7DF, 0xF7DF, 0xF7DF, 0xF7DF, 0xF7DF, 0xF7DF, 0xF7DF,
    0xF7DF, 0xF7DF, 0xF7DF, 0xF7DF, 0xF7DF, 0xF7DF, 0xF7DF, 0xF7DF, 0xF7DF, 0xF7DF, 0xF7DF, 0xF7DF, 0xF7DF, 0xF7DF, 0xF7DF, 0xF7DF,
    0xF7DF, 0xF7DF, 0xF7DF, 0xF7DF, 0xF7DF, 0xEFBF, 0xFFFF, 0x530F, 0x0064, 0x1106, 0x08E5, 0x08C5, 0x08C5, 0x08E5, 0x0883, 0x08C4,
    0x10C5, 0x0883, 0x0883, 0x08A4, 0x08A4, 0x08A4, 0x08C4, 0x0042, 0x2988, 0xF7DF, 0xF7DF, 0xF7DF, 0xF7DF, 0xF7DF, 0xF7DF, 0xF7DF,
    0xF7DF, 0xF7DF, 0xF7DF, 0xF7DF, 0xF7DF, 0xF7DF, 0xF7DF, 0xF7DF, 0xF7DF, 0xF7DF, 0xF7DF, 0xF7DF, 0xF7DF, 0xF7DF, 0xF7DF, 0xF7DF,
    0xF7DF, 0xF7DF, 0xF7DF, 0xF7DF, 0xF7DF, 0xF7DF, 0xF7DF, 0xF7DF, 0xF7DF, 0xF7DF, 0xF7DF, 0xF7DF, 0xF7DF, 0xF7DF, 0xF7DF, 0xF7DF,
    0xF7DF, 0xF7DF, 0xF7DF, 0xF7DF, 0xF7DF, 0xF7DF, 0xF7DF, 0xF7DF, 0xF7DF, 0xF7DF, 0xF7DF, 0xF7DF, 0xF7DF, 0xF7DF, 0xF7DF, 0xF7DF,
    0xF7DF, 0xF7DF, 0xF7DF, 0xF7DF, 0xF7DF, 0xF7DF, 0xF7DF, 0xF7DF, 0xF7DF, 0xF7DF, 0xF7DF, 0xF7DF, 0xF7DF, 0xF7DF, 0xF7DF, 0xF7DF,
    0xF7DF, 0xF7DF, 0xF7DF, 0xF7DF, 0xF7DF, 0xF7DF, 0xF7DF, 0xF7DF, 0xF7DF, 0xF7DF, 0xF7DF, 0xF7DF, 0xF7DF, 0xF7DF, 0xF7DF, 0xF7DF,
    0xF7DF, 0xF7DF, 0xF7DF, 0xF7DF, 0xF7DF, 0xF7DF, 0xF7DF, 0xF7DF, 0xF7DF, 0xF7DF, 0xF7DF, 0xF7DF, 0xF7DF, 0xF7DF, 0xF7DF, 0xF7DF,
    0xF7DF, 0xF7DF, 0xF7DF, 0xF7DF, 0xF7DF, 0xF7DF, 0xF7DF, 0xF7DF, 0xF7DF, 0xF7DF, 0xF7DF, 0xF7DF, 0xF7DF, 0xF7DF, 0xF7DF, 0xF7DF,
    0xF7DF, 0xF7DF, 0xF7DF, 0xF7DF, 0xF7DF, 0xF7DF, 0xF7DF, 0xF7DF, 0xF7DF, 0xF7DF, 0xF7DF, 0xF7DF, 0xF7DF, 0xF7DF, 0xF7DF, 0xF7DF,
    0xF7DF, 0xF7DF, 0xF7DF, 0xF7DF, 0xF7DF, 0xF7DF, 0xF7DF, 0xF7DF, 0xF7DF, 0xF7DF, 0xF7DF, 0xF7DF, 0xF7DF, 0xF7DF, 0xF7DF, 0xF7DF,
    0xF7DF, 0xF7DF, 0xF7DF, 0xF7DF, 0xF7DF, 0xF7DF, 0xF7DF, 0xF7DF, 0xF7DF, 0xF7DF, 0xF7DF, 0xF7DF, 0xF7DF, 0xF7DF, 0xF7DF, 0xF7DF,
    0xF7DF, 0xF7DF, 0xF7DF, 0xF7DF, 0xF7DF, 0xF7DF, 0xF7DF, 0xF7DF, 0xF7DF, 0xF7DF, 0xF7DF, 0xF7DF, 0xF7DF, 0xF7DF, 0xF7DF, 0xF7DF,
    0xF7DF, 0xF7DF, 0xF7DF, 0xF7DF, 0xF7DF, 0xF7DF, 0xF7DF, 0xF7DF, 0xF7DF, 0xF7DF, 0xF7DF, 0xF7DF, 0xF7DF, 0xF7DF, 0xF7DF, 0xF7DF,
    0xF7DF, 0xF7DF, 0xF7DF, 0xF7DF, 0xF7DF, 0xF7DF, 0xF7DF, 0xF7DF, 0xF7DF, 0xF7DF, 0xF7DF, 0xF7DF, 0xF7DF, 0xF7DF, 0xF7DF, 0xF7DF,
    0xF7DF, 0xF7DF, 0xF7DF, 0xF7DF, 0xF7DF, 0xEFBF, 0xFFFF, 0x532F, 0x0064, 0x10E6, 0x08E5, 0x08C5, 0x08C5, 0x08E5, 0x0883, 0x08C4,
    0x10C5, 0x0883, 0x0883, 0x08A4, 0x08A4, 0x08A4, 0x08C4, 0x0042, 0x2988, 0xF7DF, 0xF7DF, 0xF7DF, 0xF7DF, 0xF7DF, 0xF7DF, 0xF7DF,
    0xF7DF, 0xF7DF, 0xF7DF, 0xF7DF, 0xF7DF, 0xF7DF, 0xF7DF, 0xF7DF, 0xF7DF, 0xF7DF, 0xF7DF, 0xF7DF, 0xF7DF, 0xF7DF, 0xF7DF, 0xF7DF,
    0xF7DF, 0xF7DF, 0xF7DF, 0xF7DF, 0xF7DF, 0xF7DF, 0xF7DF, 0xF7DF, 0xF7DF, 0xF7DF, 0xF7DF, 0xF7DF, 0xF7DF, 0xF7DF, 0xF7DF, 0xF7DF,
    0xF7DF, 0xF7DF, 0xF7DF, 0xF7DF, 0xF7DF, 0xF7DF, 0xF7DF, 0xF7DF, 0xF7DF, 0xF7DF, 0xF7DF, 0xF7DF, 0xF7DF, 0xF7DF, 0xF7DF, 0xF7DF,
    0xF7DF, 0xF7DF, 0xF7DF, 0xF7DF, 0xF7DF, 0xF7DF, 0xF7DF, 0xF7DF, 0xF7DF, 0xF7DF, 0xF7DF, 0xF7DF, 0xF7DF, 0xF7DF, 0xF7DF, 0xF7DF,
    0xF7DF, 0xF7DF, 0xF7DF, 0xF7DF, 0xF7DF, 0xF7DF, 0xF7DF, 0xF7DF, 0xF7DF, 0xF7DF, 0xF7DF, 0xF7DF, 0xF7DF, 0xF7DF, 0xF7DF, 0xF7DF,
    0xF7DF, 0xF7DF, 0xF7DF, 0xF7DF, 0xF7DF, 0xF7DF, 0xF7DF, 0xF7DF, 0xF7DF, 0xF7DF, 0xF7DF, 0xF7DF, 0xF7DF, 0xF7DF, 0xF7DF, 0xF7DF,
    0xF7DF, 0xF7DF, 0xF7DF, 0xF7DF, 0xF7DF, 0xF7DF, 0xF7DF, 0xF7DF, 0xF7DF, 0xF7DF, 0xF7DF, 0xF7DF, 0xF7DF, 0xF7DF, 0xF7DF, 0xF7DF,
    0xF7DF, 0xF7DF, 0xF7DF, 0xF7DF, 0xF7DF, 0xF7DF, 0xF7DF, 0xF7DF, 0xF7DF, 0xF7DF, 0xF7DF, 0xF7DF, 0xF7DF, 0xF7DF, 0xF7DF, 0xF7DF,
    0xF7DF, 0xF7DF, 0xF7DF, 0xF7DF, 0xF7DF, 0xF7DF, 0xF7DF, 0xF7DF, 0xF7DF, 0xF7DF, 0xF7DF, 0xF7DF, 0xF7DF, 0xF7DF, 0xF7DF, 0xF7DF,
    0xF7DF, 0xF7DF, 0xF7DF, 0xF7DF, 0xF7DF, 0xF7DF, 0xF7DF, 0xF7DF, 0xF7DF, 0xF7DF, 0xF7DF, 0xF7DF, 0xF7DF, 0xF7DF, 0xF7DF, 0xF7DF,
    0xF7DF, 0xF7DF, 0xF7DF, 0xF7DF, 0xF7DF, 0xF7DF, 0xF7DF, 0xF7DF, 0xF7DF, 0xF7DF, 0xF7DF, 0xF7DF, 0xF7DF, 0xF7DF, 0xF7DF, 0xF7DF,
    0xF7DF, 0xF7DF, 0xF7DF, 0xF7DF, 0xF7DF, 0xF7DF, 0xF7DF, 0xF7DF, 0xF7DF, 0xF7DF, 0xF7DF, 0xF7DF, 0xF7DF, 0xF7DF, 0xF7DF, 0xF7DF,
    0xF7DF, 0xF7DF, 0xF7DF, 0xF7DF, 0xF7DF, 0xF7DF, 0xF7DF, 0xF7DF, 0xF7DF, 0xF7DF, 0xF7DF, 0xF7DF, 0xF7DF, 0xF7DF, 0xF7DF, 0xF7DF,
    0xF7DF, 0xF7DF, 0xF7DF, 0xF7DF, 0xF7DF, 0xEFBF, 0xFFFF, 0x530F, 0x0064, 0x10E6, 0x08E5, 0x08C5, 0x08C5, 0x08E5, 0x08A4, 0x08C5,
    0x10E5, 0x0883, 0x0883, 0x08A4, 0x08A4, 0x08A4, 0x08C4, 0x0042, 0x2987, 0xF7DF, 0xF7DF, 0xF7DF, 0xF7DF, 0xF7DF, 0xF7DF, 0xF7DF,
    0xF7DF, 0xF7DF, 0xF7DF, 0xF7DF, 0xF7DF, 0xF7DF, 0xF7DF, 0xF7DF, 0xF7DF, 0xF7DF, 0xF7DF, 0xF7DF, 0xF7DF, 0xF7DF, 0xF7DF, 0xF7DF,
    0xF7DF, 0xF7DF, 0xF7DF, 0xF7DF, 0xF7DF, 0xF7DF, 0xF7DF, 0xF7DF, 0xF7DF, 0xF7DF, 0xF7DF, 0xF7DF, 0xF7DF, 0xF7DF, 0xF7DF, 0xF7DF,
    0xF7DF, 0xF7DF, 0xF7DF, 0xF7DF, 0xF7DF, 0xF7DF, 0xF7DF, 0xF7DF, 0xF7DF, 0xF7DF, 0xF7DF, 0xF7DF, 0xF7DF, 0xF7DF, 0xF7DF, 0xF7DF,
    0xF7DF, 0xF7DF, 0xF7DF, 0xF7DF, 0xF7DF, 0xF7DF, 0xF7DF, 0xF7DF, 0xF7DF, 0xF7DF, 0xF7DF, 0xF7DF, 0xF7DF, 0xF7DF, 0xF7DF, 0xF7DF,
    0xF7DF, 0xF7DF, 0xF7DF, 0xF7DF, 0xF7DF, 0xF7DF, 0xF7DF, 0xF7DF, 0xF7DF, 0xF7DF, 0xF7DF, 0xF7DF, 0xF7DF, 0xF7DF, 0xF7DF, 0xF7DF,
    0xF7DF, 0xF7DF, 0xF7DF, 0xF7DF, 0xF7DF, 0xF7DF, 0xF7DF, 0xF7DF, 0xF7DF, 0xF7DF, 0xF7DF, 0xF7DF, 0xF7DF, 0xF7DF, 0xF7DF, 0xF7DF,
    0xF7DF, 0xF7DF, 0xF7DF, 0xF7DF, 0xF7DF, 0xF7DF, 0xF7DF, 0xF7DF, 0xF7DF, 0xF7DF, 0xF7DF, 0xF7DF, 0xF7DF, 0xF7DF, 0xF7DF, 0xF7DF,
    0xF7DF, 0xF7DF, 0xF7DF, 0xF7DF, 0xF7DF, 0xF7DF, 0xF7DF, 0xF7DF, 0xF7DF, 0xF7DF, 0xF7DF, 0xF7DF, 0xF7DF, 0xF7DF, 0xF7DF, 0xF7DF,
    0xF7DF, 0xF7DF, 0xF7DF, 0xF7DF, 0xF7DF, 0xF7DF, 0xF7DF, 0xF7DF, 0xF7DF, 0xF7DF, 0xF7DF, 0xF7DF, 0xF7DF, 0xF7DF, 0xF7DF, 0xF7DF,
    0xF7DF, 0xF7DF, 0xF7DF, 0xF7DF, 0xF7DF, 0xF7DF, 0xF7DF, 0xF7DF, 0xF7DF, 0xF7DF, 0xF7DF, 0xF7DF, 0xF7DF, 0xF7DF, 0xF7DF, 0xF7DF,
    0xF7DF, 0xF7DF, 0xF7DF, 0xF7DF, 0xF7DF, 0xF7DF, 0xF7DF, 0xF7DF, 0xF7DF, 0xF7DF, 0xF7DF, 0xF7DF, 0xF7DF, 0xF7DF, 0xF7DF, 0xF7DF,
    0xF7DF, 0xF7DF, 0xF7DF, 0xF7DF, 0xF7DF, 0xF7DF, 0xF7DF, 0xF7DF, 0xF7DF, 0xF7DF, 0xF7DF, 0xF7DF, 0xF7DF, 0xF7DF, 0xF7DF, 0xF7DF,
    0xF7DF, 0xF7DF, 0xF7DF, 0xF7DF, 0xF7DF, 0xF7DF, 0xF7DF, 0xF7DF, 0xF7DF, 0xF7DF, 0xF7DF, 0xF7DF, 0xF7DF, 0xF7DF, 0xF7DF, 0xF7DF,
    0xF7DF, 0xF7DF, 0xF7DF, 0xF7DF, 0xF7DF, 0xEFBF, 0xFFFF, 0x530F, 0x0064, 0x10E6, 0x08E5, 0x08E5, 0x08E5, 0x08E5, 0x08A4, 0x08C5,
    0x10E5, 0x08A3, 0x0883, 0x08A4, 0x08A4, 0x08A4, 0x08C5, 0x0042, 0x2967, 0xF7DF, 0xF7DF, 0xF7DF, 0xF7DF, 0xF7DF, 0xF7DF, 0xF7DF,
    0xF7DF, 0xF7DF, 0xF7DF, 0xF7DF, 0xF7DF, 0xF7DF, 0xF7DF, 0xF7DF, 0xF7DF, 0xF7DF, 0xF7DF, 0xF7DF, 0xF7DF, 0xF7DF, 0xF7DF, 0xF7DF,
    0xF7DF, 0xF7DF, 0xF7DF, 0xF7DF, 0xF7DF, 0xF7DF, 0xF7DF, 0xF7DF, 0xF7DF, 0xF7DF, 0xF7DF, 0xF7DF, 0xF7DF, 0xF7DF, 0xF7DF, 0xF7DF,
    0xF7DF, 0xF7DF, 0xF7DF, 0xF7DF, 0xF7DF, 0xF7DF, 0xF7DF, 0xF7DF, 0xF7DF, 0xF7DF, 0xF7DF, 0xF7DF, 0xF7DF, 0xF7DF, 0xF7DF, 0xF7DF,
    0xF7DF, 0xF7DF, 0xF7DF, 0xF7DF, 0xF7DF, 0xF7DF, 0xF7DF, 0xF7DF, 0xF7DF, 0xF7DF, 0xF7DF, 0xF7DF, 0xF7DF, 0xF7DF, 0xF7DF, 0xF7DF,
    0xF7DF, 0xF7DF, 0xF7DF, 0xF7DF, 0xF7DF, 0xF7DF, 0xF7DF, 0xF7DF, 0xF7DF, 0xF7DF, 0xF7DF, 0xF7DF, 0xF7DF, 0xF7DF, 0xF7DF, 0xF7DF,
    0xF7DF, 0xF7DF, 0xF7DF, 0xF7DF, 0xF7DF, 0xF7DF, 0xF7DF, 0xF7DF, 0xF7DF, 0xF7DF, 0xF7DF, 0xF7DF, 0xF7DF, 0xF7DF, 0xF7DF, 0xF7DF,
    0xF7DF, 0xF7DF, 0xF7DF, 0xF7DF, 0xF7DF, 0xF7DF, 0xF7DF, 0xF7DF, 0xF7DF, 0xF7DF, 0xF7DF, 0xF7DF, 0xF7DF, 0xF7DF, 0xF7DF, 0xF7DF,
    0xF7DF, 0xF7DF, 0xF7DF, 0xF7DF, 0xF7DF, 0xF7DF, 0xF7DF, 0xF7DF, 0xF7DF, 0xF7DF, 0xF7DF, 0xF7DF, 0xF7DF, 0xF7DF, 0xF7DF, 0xF7DF,
    0xF7DF, 0xF7DF, 0xF7DF, 0xF7DF, 0xF7DF, 0xF7DF, 0xF7DF, 0xF7DF, 0xF7DF, 0xF7DF, 0xF7DF, 0xF7DF, 0xF7DF, 0xF7DF, 0xF7DF, 0xF7DF,
    0xF7DF, 0xF7DF, 0xF7DF, 0xF7DF, 0xF7DF, 0xF7DF, 0xF7DF, 0xF7DF, 0xF7DF, 0xF7DF, 0xF7DF, 0xF7DF, 0xF7DF, 0xF7DF, 0xF7DF, 0xF7DF,
    0xF7DF, 0xF7DF, 0xF7DF, 0xF7DF, 0xF7DF, 0xF7DF, 0xF7DF, 0xF7DF, 0xF7DF, 0xF7DF, 0xF7DF, 0xF7DF, 0xF7DF, 0xF7DF, 0xF7DF, 0xF7DF,
    0xF7DF, 0xF7DF, 0xF7DF, 0xF7DF, 0xF7DF, 0xF7DF, 0xF7DF, 0xF7DF, 0xF7DF, 0xF7DF, 0xF7DF, 0xF7DF, 0xF7DF, 0xF7DF, 0xF7DF, 0xF7DF,
    0xF7DF, 0xF7DF, 0xF7DF, 0xF7DF, 0xF7DF, 0xF7DF, 0xF7DF, 0xF7DF, 0xF7DF, 0xF7DF, 0xF7DF, 0xF7DF, 0xF7DF, 0xF7DF, 0xF7DF, 0xF7DF,
    0xF7DF, 0xF7DF, 0xF7DF, 0xF7DF, 0xF7DF, 0xEFBF, 0xFFFF, 0x4B0F, 0x0064, 0x10E6, 0x08E5, 0x10E5, 0x10E5, 0x10E5, 0x08A4, 0x08C5,
    0x10E5, 0x08A3, 0x0883, 0x08A4, 0x08A4, 0x08A4, 0x08C4, 0x0042, 0x2987, 0xF7DF, 0xF7DF, 0xF7DF, 0xF7DF, 0xF7DF, 0xF7DF, 0xF7DF,
    0xF7DF, 0xF7DF, 0xF7DF, 0xF7DF, 0xF7DF, 0xF7DF, 0xF7DF, 0xF7DF, 0xF7DF, 0xF7DF, 0xF7DF, 0xF7DF, 0xF7DF, 0xF7DF, 0xF7DF, 0xF7DF,
    0xF7DF, 0xF7DF, 0xF7DF, 0xF7DF, 0xF7DF, 0xF7DF, 0xF7DF, 0xF7DF, 0xF7DF, 0xF7DF, 0xF7DF, 0xF7DF, 0xF7DF, 0xF7DF, 0xF7DF, 0xF7DF,
    0xF7DF, 0xF7DF, 0xF7DF, 0xF7DF, 0xF7DF, 0xF7DF, 0xF7DF, 0xF7DF, 0xF7DF, 0xF7DF, 0xF7DF, 0xF7DF, 0xF7DF, 0xF7DF, 0xF7DF, 0xF7DF,
    0xF7DF, 0xF7DF, 0xF7DF, 0xF7DF, 0xF7DF, 0xF7DF, 0xF7DF, 0xF7DF, 0xF7DF, 0xF7DF, 0xF7DF, 0xF7DF, 0xF7DF, 0xF7DF, 0xF7DF, 0xF7DF,
    0xF7DF, 0xF7DF, 0xF7DF, 0xF7DF, 0xF7DF, 0xF7DF, 0xF7DF, 0xF7DF, 0xF7DF, 0xF7DF, 0xF7DF, 0xF7DF, 0xF7DF, 0xF7DF, 0xF7DF, 0xF7DF,
    0xF7DF, 0xF7DF, 0xF7DF, 0xF7DF, 0xF7DF, 0xF7DF, 0xF7DF, 0xF7DF, 0xF7DF, 0xF7DF, 0xF7DF, 0xF7DF, 0xF7DF, 0xF7DF, 0xF7DF, 0xF7DF,
    0xF7DF, 0xF7DF, 0xF7DF, 0xF7DF, 0xF7DF, 0xF7DF, 0xF7DF, 0xF7DF, 0xF7DF, 0xF7DF, 0xF7DF, 0xF7DF, 0xF7DF, 0xF7DF, 0xF7DF, 0xF7DF,
    0xF7DF, 0xF7DF, 0xF7DF, 0xF7DF, 0xF7DF, 0xF7DF, 0xF7DF, 0xF7DF, 0xF7DF, 0xF7DF, 0xF7DF, 0xF7DF, 0xF7DF, 0xF7DF, 0xF7DF, 0xF7DF,
    0xF7DF, 0xF7DF, 0xF7DF, 0xF7DF, 0xF7DF, 0xF7DF, 0xF7DF, 0xF7DF, 0xF7DF, 0xF7DF, 0xF7DF, 0xF7DF, 0xF7DF, 0xF7DF, 0xF7DF, 0xF7DF,
    0xF7DF, 0xF7DF, 0xF7DF, 0xF7DF, 0xF7DF, 0xF7DF, 0xF7DF, 0xF7DF, 0xF7DF, 0xF7DF, 0xF7DF, 0xF7DF, 0xF7DF, 0xF7DF, 0xF7DF, 0xF7DF,
    0xF7DF, 0xF7DF, 0xF7DF, 0xF7DF, 0xF7DF, 0xF7DF, 0xF7DF, 0xF7DF, 0xF7DF, 0xF7DF, 0xF7DF, 0xF7DF, 0xF7DF, 0xF7DF, 0xF7DF, 0xF7DF,
    0xF7DF, 0xF7DF, 0xF7DF, 0xF7DF, 0xF7DF, 0xF7DF, 0xF7DF, 0xF7DF, 0xF7DF, 0xF7DF, 0xF7DF, 0xF7DF, 0xF7DF, 0xF7DF, 0xF7DF, 0xF7DF,
    0xF7DF, 0xF7DF, 0xF7DF, 0xF7DF, 0xF7DF, 0xF7DF, 0xF7DF, 0xF7DF, 0xF7DF, 0xF7DF, 0xF7DF, 0xF7DF, 0xF7DF, 0xF7DF, 0xF7DF, 0xF7DF,
    0xF7DF, 0xF7DF, 0xF7DF, 0xF7DF, 0xF7DF, 0xEFBF, 0xFFFF, 0x4B0F, 0x0064, 0x1106, 0x10E5, 0x08E5, 0x10E5, 0x10E5, 0x08A4, 0x08C5,
    0x10E5, 0x0883, 0x0883, 0x08A4, 0x08A4, 0x08A4, 0x08C5, 0x0042, 0x2987, 0xF7DF, 0xF7DF, 0xF7DF, 0xF7DF, 0xF7DF, 0xF7DF, 0xF7DF,
    0xF7DF, 0xF7DF, 0xF7DF, 0xF7DF, 0xF7DF, 0xF7DF, 0xF7DF, 0xF7DF, 0xF7DF, 0xF7DF, 0xF7DF, 0xF7DF, 0xF7DF, 0xF7DF, 0xF7DF, 0xF7DF,
    0xF7DF, 0xF7DF, 0xF7DF, 0xF7DF, 0xF7DF, 0xF7DF, 0xF7DF, 0xF7DF, 0xF7DF, 0xF7DF, 0xF7DF, 0xF7DF, 0xF7DF, 0xF7DF, 0xF7DF, 0xF7DF,
    0xF7DF, 0xF7DF, 0xF7DF, 0xF7DF, 0xF7DF, 0xF7DF, 0xF7DF, 0xF7DF, 0xF7DF, 0xF7DF, 0xF7DF, 0xF7DF, 0xF7DF, 0xF7DF, 0xF7DF, 0xF7DF,
    0xF7DF, 0xF7DF, 0xF7DF, 0xF7DF, 0xF7DF, 0xF7DF, 0xF7DF, 0xF7DF, 0xF7DF, 0xF7DF, 0xF7DF, 0xF7DF, 0xF7DF, 0xF7DF, 0xF7DF, 0xF7DF,
    0xF7DF, 0xF7DF, 0xF7DF, 0xF7DF, 0xF7DF, 0xF7DF, 0xF7DF, 0xF7DF, 0xF7DF, 0xF7DF, 0xF7DF, 0xF7DF, 0xF7DF, 0xF7DF, 0xF7DF, 0xF7DF,
    0xF7DF, 0xF7DF, 0xF7DF, 0xF7DF, 0xF7DF, 0xF7DF, 0xF7DF, 0xF7DF, 0xF7DF, 0xF7DF, 0xF7DF, 0xF7DF, 0xF7DF, 0xF7DF, 0xF7DF, 0xF7DF,
    0xF7DF, 0xF7DF, 0xF7DF, 0xF7DF, 0xF7DF, 0xF7DF, 0xF7DF, 0xF7DF, 0xF7DF, 0xF7DF, 0xF7DF, 0xF7DF, 0xF7DF, 0xF7DF, 0xF7DF, 0xF7DF,
    0xF7DF, 0xF7DF, 0xF7DF, 0xF7DF, 0xF7DF, 0xF7DF, 0xF7DF, 0xF7DF, 0xF7DF, 0xF7DF, 0xF7DF, 0xF7DF, 0xF7DF, 0xF7DF, 0xF7DF, 0xF7DF,
    0xF7DF, 0xF7DF, 0xF7DF, 0xF7DF, 0xF7DF, 0xF7DF, 0xF7DF, 0xF7DF, 0xF7DF, 0xF7DF, 0xF7DF, 0xF7DF, 0xF7DF, 0xF7DF, 0xF7DF, 0xF7DF,
    0xF7DF, 0xF7DF, 0xF7DF, 0xF7DF, 0xF7DF, 0xF7DF, 0xF7DF, 0xF7DF, 0xF7DF, 0xF7DF, 0xF7DF, 0xF7DF, 0xF7DF, 0xF7DF, 0xF7DF, 0xF7DF,
    0xF7DF, 0xF7DF, 0xF7DF, 0xF7DF, 0xF7DF, 0xF7DF, 0xF7DF, 0xF7DF, 0xF7DF, 0xF7DF, 0xF7DF, 0xF7DF, 0xF7DF, 0xF7DF, 0xF7DF, 0xF7DF,
    0xF7DF, 0xF7DF, 0xF7DF, 0xF7DF, 0xF7DF, 0xF7DF, 0xF7DF, 0xF7DF, 0xF7DF, 0xF7DF, 0xF7DF, 0xF7DF, 0xF7DF, 0xF7DF, 0xF7DF, 0xF7DF,
    0xF7DF, 0xF7DF, 0xF7DF, 0xF7DF, 0xF7DF, 0xF7DF, 0xF7DF, 0xF7DF, 0xF7DF, 0xF7DF, 0xF7DF, 0xF7DF, 0xF7DF, 0xF7DF, 0xF7DF, 0xF7DF,
    0xF7DF, 0xF7DF, 0xF7DF, 0xF7DF, 0xF7DF, 0xEFBF, 0xFFFF, 0x532F, 0x0064, 0x1106, 0x10E5, 0x10E5, 0x10E5, 0x10E5, 0x0883, 0x08C5,
    0x10E5, 0x0883, 0x0883, 0x08A4, 0x08A4, 0x08A4, 0x08C5, 0x0042, 0x2987, 0xF7DF, 0xF7DF, 0xF7DF, 0xF7DF, 0xF7DF, 0xF7DF, 0xF7DF,
    0xF7DF, 0xF7DF, 0xF7DF, 0xF7DF, 0xF7DF, 0xF7DF, 0xF7DF, 0xF7DF, 0xF7DF, 0xF7DF, 0xF7DF, 0xF7DF, 0xF7DF, 0xF7DF, 0xF7DF, 0xF7DF,
    0xF7DF, 0xF7DF, 0xF7DF, 0xF7DF, 0xF7DF, 0xF7DF, 0xF7DF, 0xF7DF, 0xF7DF, 0xF7DF, 0xF7DF, 0xF7DF, 0xF7DF, 0xF7DF, 0xF7DF, 0xF7DF,
    0xF7DF, 0xF7DF, 0xF7DF, 0xF7DF, 0xF7DF, 0xF7DF, 0xF7DF, 0xF7DF, 0xF7DF, 0xF7DF, 0xF7DF, 0xF7DF, 0xF7DF, 0xF7DF, 0xF7DF, 0xF7DF,
    0xF7DF, 0xF7DF, 0xF7DF, 0xF7DF, 0xF7DF, 0xF7DF, 0xF7DF, 0xF7DF, 0xF7DF, 0xF7DF, 0xF7DF, 0xF7DF, 0xF7DF, 0xF7DF, 0xF7DF, 0xF7DF,
    0xF7DF, 0xF7DF, 0xF7DF, 0xF7DF, 0xF7DF, 0xF7DF, 0xF7DF, 0xF7DF, 0xF7DF, 0xF7DF, 0xF7DF, 0xF7DF, 0xF7DF, 0xF7DF, 0xF7DF, 0xF7DF,
    0xF7DF, 0xF7DF, 0xF7DF, 0xF7DF, 0xF7DF, 0xF7DF, 0xF7DF, 0xF7DF, 0xF7DF, 0xF7DF, 0xF7DF, 0xF7DF, 0xF7DF, 0xF7DF, 0xF7DF, 0xF7DF,
    0xF7DF, 0xF7DF, 0xF7DF, 0xF7DF, 0xF7DF, 0xF7DF, 0xF7DF, 0xF7DF, 0xF7DF, 0xF7DF, 0xF7DF, 0xF7DF, 0xF7DF, 0xF7DF, 0xF7DF, 0xF7DF,
    0xF7DF, 0xF7DF, 0xF7DF, 0xF7DF, 0xF7DF, 0xF7DF, 0xF7DF, 0xF7DF, 0xF7DF, 0xF7DF, 0xF7DF, 0xF7DF, 0xF7DF, 0xF7DF, 0xF7DF, 0xF7DF,
    0xF7DF, 0xF7DF, 0xF7DF, 0xF7DF, 0xF7DF, 0xF7DF, 0xF7DF, 0xF7DF, 0xF7DF, 0xF7DF, 0xF7DF, 0xF7DF, 0xF7DF, 0xF7DF, 0xF7DF, 0xF7DF,
    0xF7DF, 0xF7DF, 0xF7DF, 0xF7DF, 0xF7DF, 0xF7DF, 0xF7DF, 0xF7DF, 0xF7DF, 0xF7DF, 0xF7DF, 0xF7DF, 0xF7DF, 0xF7DF, 0xF7DF, 0xF7DF,
    0xF7DF, 0xF7DF, 0xF7DF, 0xF7DF, 0xF7DF, 0xF7DF, 0xF7DF, 0xF7DF, 0xF7DF, 0xF7DF, 0xF7DF, 0xF7DF, 0xF7DF, 0xF7DF, 0xF7DF, 0xF7DF,
    0xF7DF, 0xF7DF, 0xF7DF, 0xF7DF, 0xF7DF, 0xF7DF, 0xF7DF, 0xF7DF, 0xF7DF, 0xF7DF, 0xF7DF, 0xF7DF, 0xF7DF, 0xF7DF, 0xF7DF, 0xF7DF,
    0xF7DF, 0xF7DF, 0xF7DF, 0xF7DF, 0xF7DF, 0xF7DF, 0xF7DF, 0xF7DF, 0xF7DF, 0xF7DF, 0xF7DF, 0xF7DF, 0xF7DF, 0xF7DF, 0xF7DF, 0xF7DF,
    0xF7DF, 0xF7DF, 0xF7DF, 0xF7DF, 0xF7DF, 0xEFBF, 0xFFFF, 0x532F, 0x0064, 0x1106, 0x10E5, 0x10E5, 0x10E5, 0x10E5, 0x08A3, 0x08C5,
    0x10E5, 0x0883, 0x0883, 0x08A4, 0x08A4, 0x08A4, 0x08C5, 0x0042, 0x2987, 0xF7DF, 0xF7DF, 0xF7DF, 0xF7DF, 0xF7DF, 0xF7DF, 0xF7DF,
    0xF7DF, 0xF7DF, 0xF7DF, 0xF7DF, 0xF7DF, 0xF7DF, 0xF7DF, 0xF7DF, 0xF7DF, 0xF7DF, 0xF7DF, 0xF7DF, 0xF7DF, 0xF7DF, 0xF7DF, 0xF7DF,
    0xF7DF, 0xF7DF, 0xF7DF, 0xF7DF, 0xF7DF, 0xF7DF, 0xF7DF, 0xF7DF, 0xF7DF, 0xF7DF, 0xF7DF, 0xF7DF, 0xF7DF, 0xF7DF, 0xF7DF, 0xF7DF,
    0xF7DF, 0xF7DF, 0xF7DF, 0xF7DF, 0xF7DF, 0xF7DF, 0xF7DF, 0xF7DF, 0xF7DF, 0xF7DF, 0xF7DF, 0xF7DF, 0xF7DF, 0xF7DF, 0xF7DF, 0xF7DF,
    0xF7DF, 0xF7DF, 0xF7DF, 0xF7DF, 0xF7DF, 0xF7DF, 0xF7DF, 0xF7DF, 0xF7DF, 0xF7DF, 0xF7DF, 0xF7DF, 0xF7DF, 0xF7DF, 0xF7DF, 0xF7DF,
    0xF7DF, 0xF7DF, 0xF7DF, 0xF7DF, 0xF7DF, 0xF7DF, 0xF7DF, 0xF7DF, 0xF7DF, 0xF7DF, 0xF7DF, 0xF7DF, 0xF7DF, 0xF7DF, 0xF7DF, 0xF7DF,
    0xF7DF, 0xF7DF, 0xF7DF, 0xF7DF, 0xF7DF, 0xF7DF, 0xF7DF, 0xF7DF, 0xF7DF, 0xF7DF, 0xF7DF, 0xF7DF, 0xF7DF, 0xF7DF, 0xF7DF, 0xF7DF,
    0xF7DF, 0xF7DF, 0xF7DF, 0xF7DF, 0xF7DF, 0xF7DF, 0xF7DF, 0xF7DF, 0xF7DF, 0xF7DF, 0xF7DF, 0xF7DF, 0xF7DF, 0xF7DF, 0xF7DF, 0xF7DF,
    0xF7DF, 0xF7DF, 0xF7DF, 0xF7DF, 0xF7DF, 0xF7DF, 0xF7DF, 0xF7DF, 0xF7DF, 0xF7DF, 0xF7DF, 0xF7DF, 0xF7DF, 0xF7DF, 0xF7DF, 0xF7DF,
    0xF7DF, 0xF7DF, 0xF7DF, 0xF7DF, 0xF7DF, 0xF7DF, 0xF7DF, 0xF7DF, 0xF7DF, 0xF7DF, 0xF7DF, 0xF7DF, 0xF7DF, 0xF7DF, 0xF7DF, 0xF7DF,
    0xF7DF, 0xF7DF, 0xF7DF, 0xF7DF, 0xF7DF, 0xF7DF, 0xF7DF, 0xF7DF, 0xF7DF, 0xF7DF, 0xF7DF, 0xF7DF, 0xF7DF, 0xF7DF, 0xF7DF, 0xF7DF,
    0xF7DF, 0xF7DF, 0xF7DF, 0xF7DF, 0xF7DF, 0xF7DF, 0xF7DF, 0xF7DF, 0xF7DF, 0xF7DF, 0xF7DF, 0xF7DF, 0xF7DF, 0xF7DF, 0xF7DF, 0xF7DF,
    0xF7DF, 0xF7DF, 0xF7DF, 0xF7DF, 0xF7DF, 0xF7DF, 0xF7DF, 0xF7DF, 0xF7DF, 0xF7DF, 0xF7DF, 0xF7DF, 0xF7DF, 0xF7DF, 0xF7DF, 0xF7DF,
    0xF7DF, 0xF7DF, 0xF7DF, 0xF7DF, 0xF7DF, 0xF7DF, 0xF7DF, 0xF7DF, 0xF7DF, 0xF7DF, 0xF7DF, 0xF7DF, 0xF7DF, 0xF7DF, 0xF7DF, 0xF7DF,
    0xF7DF, 0xF7DF, 0xF7DF, 0xF7DF, 0xF7DF, 0xEFBF, 0xFFFF, 0x532F, 0x0064, 0x1106, 0x10E5, 0x10E5, 0x10E5, 0x10E5, 0x08A4, 0x08C4,
    0x10C5, 0x0883, 0x0883, 0x08A4, 0x08A4, 0x08A4, 0x08C5, 0x0042, 0x2987, 0xF7DF, 0xF7DF, 0xF7DF, 0xF7DF, 0xF7DF, 0xF7DF, 0xF7DF,
    0xF7DF, 0xF7DF, 0xF7DF, 0xF7DF, 0xF7DF, 0xF7DF, 0xF7DF, 0xF7DF, 0xF7DF, 0xF7DF, 0xF7DF, 0xF7DF, 0xF7DF, 0xF7DF, 0xF7DF, 0xF7DF,
    0xF7DF, 0xF7DF, 0xF7DF, 0xF7DF, 0xF7DF, 0xF7DF, 0xF7DF, 0xF7DF, 0xF7DF, 0xF7DF, 0xF7DF, 0xF7DF, 0xF7DF, 0xF7DF, 0xF7DF, 0xF7DF,
    0xF7DF, 0xF7DF, 0xF7DF, 0xF7DF, 0xF7DF, 0xF7DF, 0xF7DF, 0xF7DF, 0xF7DF, 0xF7DF, 0xF7DF, 0xF7DF, 0xF7DF, 0xF7DF, 0xF7DF, 0xF7DF,
    0xF7DF, 0xF7DF, 0xF7DF, 0xF7DF, 0xF7DF, 0xF7DF, 0xF7DF, 0xF7DF, 0xF7DF, 0xF7DF, 0xF7DF, 0xF7DF, 0xF7DF, 0xF7DF, 0xF7DF, 0xF7DF,
    0xF7DF, 0xF7DF, 0xF7DF, 0xF7DF, 0xF7DF, 0xF7DF, 0xF7DF, 0xF7DF, 0xF7DF, 0xF7DF, 0xF7DF, 0xF7DF, 0xF7DF, 0xF7DF, 0xF7DF, 0xF7DF,
    0xF7DF, 0xF7DF, 0xF7DF, 0xF7DF, 0xF7DF, 0xF7DF, 0xF7DF, 0xF7DF, 0xF7DF, 0xF7DF, 0xF7DF, 0xF7DF, 0xF7DF, 0xF7DF, 0xF7DF, 0xF7DF,
    0xF7DF, 0xF7DF, 0xF7DF, 0xF7DF, 0xF7DF, 0xF7DF, 0xF7DF, 0xF7DF, 0xF7DF, 0xF7DF, 0xF7DF, 0xF7DF, 0xF7DF, 0xF7DF, 0xF7DF, 0xF7DF,
    0xF7DF, 0xF7DF, 0xF7DF, 0xF7DF, 0xF7DF, 0xF7DF, 0xF7DF, 0xF7DF, 0xF7DF, 0xF7DF, 0xF7DF, 0xF7DF, 0xF7DF, 0xF7DF, 0xF7DF, 0xF7DF,
    0xF7DF, 0xF7DF, 0xF7DF, 0xF7DF, 0xF7DF, 0xF7DF, 0xF7DF, 0xF7DF, 0xF7DF, 0xF7DF, 0xF7DF, 0xF7DF, 0xF7DF, 0xF7DF, 0xF7DF, 0xF7DF,
    0xF7DF, 0xF7DF, 0xF7DF, 0xF7DF, 0xF7DF, 0xF7DF, 0xF7DF, 0xF7DF, 0xF7DF, 0xF7DF, 0xF7DF, 0xF7DF, 0xF7DF, 0xF7DF, 0xF7DF, 0xF7DF,
    0xF7DF, 0xF7DF, 0xF7DF, 0xF7DF, 0xF7DF, 0xF7DF, 0xF7DF, 0xF7DF, 0xF7DF, 0xF7DF, 0xF7DF, 0xF7DF, 0xF7DF, 0xF7DF, 0xF7DF, 0xF7DF,
    0xF7DF, 0xF7DF, 0xF7DF, 0xF7DF, 0xF7DF, 0xF7DF, 0xF7DF, 0xF7DF, 0xF7DF, 0xF7DF, 0xF7DF, 0xF7DF, 0xF7DF, 0xF7DF, 0xF7DF, 0xF7DF,
    0xF7DF, 0xF7DF, 0xF7DF, 0xF7DF, 0xF7DF, 0xF7DF, 0xF7DF, 0xF7DF, 0xF7DF, 0xF7DF, 0xF7DF, 0xF7DF, 0xF7DF, 0xF7DF, 0xF7DF, 0xF7DF,
    0xF7DF, 0xF7DF, 0xF7DF, 0xF7DF, 0xF7DF, 0xEFBF, 0xFFFF, 0x530F, 0x0064, 0x1106, 0x10E5, 0x10E5, 0x10E5, 0x10E5, 0x08A4, 0x08C5,
    0x10C5, 0x0883, 0x0883, 0x08A4, 0x08A4, 0x08A4, 0x08C5, 0x0042, 0x2987, 0xF7DF, 0xF7DF, 0xF7DF, 0xF7DF, 0xF7DF, 0xF7DF, 0xF7DF,
    0xF7DF, 0xF7DF, 0xF7DF, 0xF7DF, 0xF7DF, 0xF7DF, 0xF7DF, 0xF7DF, 0xF7DF, 0xF7DF, 0xF7DF, 0xF7DF, 0xF7DF, 0xF7DF, 0xF7DF, 0xF7DF,
    0xF7DF, 0xF7DF, 0xF7DF, 0xF7DF, 0xF7DF, 0xF7DF, 0xF7DF, 0xF7DF, 0xF7DF, 0xF7DF, 0xF7DF, 0xF7DF, 0xF7DF, 0xF7DF, 0xF7DF, 0xF7DF,
    0xF7DF, 0xF7DF, 0xF7DF, 0xF7DF, 0xF7DF, 0xF7DF, 0xF7DF, 0xF7DF, 0xF7DF, 0xF7DF, 0xF7DF, 0xF7DF, 0xF7DF, 0xF7DF, 0xF7DF, 0xF7DF,
    0xF7DF, 0xF7DF, 0xF7DF, 0xF7DF, 0xF7DF, 0xF7DF, 0xF7DF, 0xF7DF, 0xF7DF, 0xF7DF, 0xF7DF, 0xF7DF, 0xF7DF, 0xF7DF, 0xF7DF, 0xF7DF,
    0xF7DF, 0xF7DF, 0xF7DF, 0xF7DF, 0xF7DF, 0xF7DF, 0xF7DF, 0xF7DF, 0xF7DF, 0xF7DF, 0xF7DF, 0xF7DF, 0xF7DF, 0xF7DF, 0xF7DF, 0xF7DF,
    0xF7DF, 0xF7DF, 0xF7DF, 0xF7DF, 0xF7DF, 0xF7DF, 0xF7DF, 0xF7DF, 0xF7DF, 0xF7DF, 0xF7DF, 0xF7DF, 0xF7DF, 0xF7DF, 0xF7DF, 0xF7DF,
    0xF7DF, 0xF7DF, 0xF7DF, 0xF7DF, 0xF7DF, 0xF7DF, 0xF7DF, 0xF7DF, 0xF7DF, 0xF7DF, 0xF7DF, 0xF7DF, 0xF7DF, 0xF7DF, 0xF7DF, 0xF7DF,
    0xF7DF, 0xF7DF, 0xF7DF, 0xF7DF, 0xF7DF, 0xF7DF, 0xF7DF, 0xF7DF, 0xF7DF, 0xF7DF, 0xF7DF, 0xF7DF, 0xF7DF, 0xF7DF, 0xF7DF, 0xF7DF,
    0xF7DF, 0xF7DF, 0xF7DF, 0xF7DF, 0xF7DF, 0xF7DF, 0xF7DF, 0xF7DF, 0xF7DF, 0xF7DF, 0xF7DF, 0xF7DF, 0xF7DF, 0xF7DF, 0xF7DF, 0xF7DF,
    0xF7DF, 0xF7DF, 0xF7DF, 0xF7DF, 0xF7DF, 0xF7DF, 0xF7DF, 0xF7DF, 0xF7DF, 0xF7DF, 0xF7DF, 0xF7DF, 0xF7DF, 0xF7DF, 0xF7DF, 0xF7DF,
    0xF7DF, 0xF7DF, 0xF7DF, 0xF7DF, 0xF7DF, 0xF7DF, 0xF7DF, 0xF7DF, 0xF7DF, 0xF7DF, 0xF7DF, 0xF7DF, 0xF7DF, 0xF7DF, 0xF7DF, 0xF7DF,
    0xF7DF, 0xF7DF, 0xF7DF, 0xF7DF, 0xF7DF, 0xF7DF, 0xF7DF, 0xF7DF, 0xF7DF, 0xF7DF, 0xF7DF, 0xF7DF, 0xF7DF, 0xF7DF, 0xF7DF, 0xF7DF,
    0xF7DF, 0xF7DF, 0xF7DF, 0xF7DF, 0xF7DF, 0xF7DF, 0xF7DF, 0xF7DF, 0xF7DF, 0xF7DF, 0xF7DF, 0xF7DF, 0xF7DF, 0xF7DF, 0xF7DF, 0xF7DF,
    0xF7DF, 0xF7DF, 0xF7DF, 0xF7DF, 0xF7DF, 0xEFBF, 0xFFFF, 0x4B0E, 0x0064, 0x1106, 0x10E5, 0x10E5, 0x10E5, 0x10E5, 0x08A4, 0x08C5,
    0x10C5, 0x0883, 0x0883, 0x08A4, 0x08A4, 0x08A4, 0x08C5, 0x0042, 0x2987, 0xF7DF, 0xF7DF, 0xF7DF, 0xF7DF, 0xF7DF, 0xF7DF, 0xF7DF,
    0xF7DF, 0xF7DF, 0xF7DF, 0xF7DF, 0xF7DF, 0xF7DF, 0xF7DF, 0xF7DF, 0xF7DF, 0xF7DF, 0xF7DF, 0xF7DF, 0xF7DF, 0xF7DF, 0xF7DF, 0xF7DF,
    0xF7DF, 0xF7DF, 0xF7DF, 0xF7DF, 0xF7DF, 0xF7DF, 0xF7DF, 0xF7DF, 0xF7DF, 0xF7DF, 0xF7DF, 0xF7DF, 0xF7DF, 0xF7DF, 0xF7DF, 0xF7DF,
    0xF7DF, 0xF7DF, 0xF7DF, 0xF7DF, 0xF7DF, 0xF7DF, 0xF7DF, 0xF7DF, 0xF7DF, 0xF7DF, 0xF7DF, 0xF7DF, 0xF7DF, 0xF7DF, 0xF7DF, 0xF7DF,
    0xF7DF, 0xF7DF, 0xF7DF, 0xF7DF, 0xF7DF, 0xF7DF, 0xF7DF, 0xF7DF, 0xF7DF, 0xF7DF, 0xF7DF, 0xF7DF, 0xF7DF, 0xF7DF, 0xF7DF, 0xF7DF,
    0xF7DF, 0xF7DF, 0xF7DF, 0xF7DF, 0xF7DF, 0xF7DF, 0xF7DF, 0xF7DF, 0xF7DF, 0xF7DF, 0xF7DF, 0xF7DF, 0xF7DF, 0xF7DF, 0xF7DF, 0xF7DF,
    0xF7DF, 0xF7DF, 0xF7DF, 0xF7DF, 0xF7DF, 0xF7DF, 0xF7DF, 0xF7DF, 0xF7DF, 0xF7DF, 0xF7DF, 0xF7DF, 0xF7DF, 0xF7DF, 0xF7DF, 0xF7DF,
    0xF7DF, 0xF7DF, 0xF7DF, 0xF7DF, 0xF7DF, 0xF7DF, 0xF7DF, 0xF7DF, 0xF7DF, 0xF7DF, 0xF7DF, 0xF7DF, 0xF7DF, 0xF7DF, 0xF7DF, 0xF7DF,
    0xF7DF, 0xF7DF, 0xF7DF, 0xF7DF, 0xF7DF, 0xF7DF, 0xF7DF, 0xF7DF, 0xF7DF, 0xF7DF, 0xF7DF, 0xF7DF, 0xF7DF, 0xF7DF, 0xF7DF, 0xF7DF,
    0xF7DF, 0xF7DF, 0xF7DF, 0xF7DF, 0xF7DF, 0xF7DF, 0xF7DF, 0xF7DF, 0xF7DF, 0xF7DF, 0xF7DF, 0xF7DF, 0xF7DF, 0xF7DF, 0xF7DF, 0xF7DF,
    0xF7DF, 0xF7DF, 0xF7DF, 0xF7DF, 0xF7DF, 0xF7DF, 0xF7DF, 0xF7DF, 0xF7DF, 0xF7DF, 0xF7DF, 0xF7DF, 0xF7DF, 0xF7DF, 0xF7DF, 0xF7DF,
    0xF7DF, 0xF7DF, 0xF7DF, 0xF7DF, 0xF7DF, 0xF7DF, 0xF7DF, 0xF7DF, 0xF7DF, 0xF7DF, 0xF7DF, 0xF7DF, 0xF7DF, 0xF7DF, 0xF7DF, 0xF7DF,
    0xF7DF, 0xF7DF, 0xF7DF, 0xF7DF, 0xF7DF, 0xF7DF, 0xF7DF, 0xF7DF, 0xF7DF, 0xF7DF, 0xF7DF, 0xF7DF, 0xF7DF, 0xF7DF, 0xF7DF, 0xF7DF,
    0xF7DF, 0xF7DF, 0xF7DF, 0xF7DF, 0xF7DF, 0xF7DF, 0xF7DF, 0xF7DF, 0xF7DF, 0xF7DF, 0xF7DF, 0xF7DF, 0xF7DF, 0xF7DF, 0xF7DF, 0xF7DF,
    0xF7DF, 0xF7DF, 0xF7DF, 0xF7DF, 0xF7DF, 0xEFBF, 0xFFFF, 0x4B0E, 0x0044, 0x1106, 0x10E5, 0x10E5, 0x10E5, 0x10E5, 0x08A4, 0x08C4,
    0x08C5, 0x0883, 0x0883, 0x08A4, 0x08A4, 0x08A4, 0x08C4, 0x0042, 0x2988, 0xF7DF, 0xF7DF, 0xF7DF, 0xF7DF, 0xF7DF, 0xF7DF, 0xF7DF,
    0xF7DF, 0xF7DF, 0xF7DF, 0xF7DF, 0xF7DF, 0xF7DF, 0xF7DF, 0xF7DF, 0xF7DF, 0xF7DF, 0xF7DF, 0xF7DF, 0xF7DF, 0xF7DF, 0xF7DF, 0xF7DF,
    0xF7DF, 0xF7DF, 0xF7DF, 0xF7DF, 0xF7DF, 0xF7DF, 0xF7DF, 0xF7DF, 0xF7DF, 0xF7DF, 0xF7DF, 0xF7DF, 0xF7DF, 0xF7DF, 0xF7DF, 0xF7DF,
    0xF7DF, 0xF7DF, 0xF7DF, 0xF7DF, 0xF7DF, 0xF7DF, 0xF7DF, 0xF7DF, 0xF7DF, 0xF7DF, 0xF7DF, 0xF7DF, 0xF7DF, 0xF7DF, 0xF7DF, 0xF7DF,
    0xF7DF, 0xF7DF, 0xF7DF, 0xF7DF, 0xF7DF, 0xF7DF, 0xF7DF, 0xF7DF, 0xF7DF, 0xF7DF, 0xF7DF, 0xF7DF, 0xF7DF, 0xF7DF, 0xF7DF, 0xF7DF,
    0xF7DF, 0xF7DF, 0xF7DF, 0xF7DF, 0xF7DF, 0xF7DF, 0xF7DF, 0xF7DF, 0xF7DF, 0xF7DF, 0xF7DF, 0xF7DF, 0xF7DF, 0xF7DF, 0xF7DF, 0xF7DF,
    0xF7DF, 0xF7DF, 0xF7DF, 0xF7DF, 0xF7DF, 0xF7DF, 0xF7DF, 0xF7DF, 0xF7DF, 0xF7DF, 0xF7DF, 0xF7DF, 0xF7DF, 0xF7DF, 0xF7DF, 0xF7DF,
    0xF7DF, 0xF7DF, 0xF7DF, 0xF7DF, 0xF7DF, 0xF7DF, 0xF7DF, 0xF7DF, 0xF7DF, 0xF7DF, 0xF7DF, 0xF7DF, 0xF7DF, 0xF7DF, 0xF7DF, 0xF7DF,
    0xF7DF, 0xF7DF, 0xF7DF, 0xF7DF, 0xF7DF, 0xF7DF, 0xF7DF, 0xF7DF, 0xF7DF, 0xF7DF, 0xF7DF, 0xF7DF, 0xF7DF, 0xF7DF, 0xF7DF, 0xF7DF,
    0xF7DF, 0xF7DF, 0xF7DF, 0xF7DF, 0xF7DF, 0xF7DF, 0xF7DF, 0xF7DF, 0xF7DF, 0xF7DF, 0xF7DF, 0xF7DF, 0xF7DF, 0xF7DF, 0xF7DF, 0xF7DF,
    0xF7DF, 0xF7DF, 0xF7DF, 0xF7DF, 0xF7DF, 0xF7DF, 0xF7DF, 0xF7DF, 0xF7DF, 0xF7DF, 0xF7DF, 0xF7DF, 0xF7DF, 0xF7DF, 0xF7DF, 0xF7DF,
    0xF7DF, 0xF7DF, 0xF7DF, 0xF7DF, 0xF7DF, 0xF7DF, 0xF7DF, 0xF7DF, 0xF7DF, 0xF7DF, 0xF7DF, 0xF7DF, 0xF7DF, 0xF7DF, 0xF7DF, 0xF7DF,
    0xF7DF, 0xF7DF, 0xF7DF, 0xF7DF, 0xF7DF, 0xF7DF, 0xF7DF, 0xF7DF, 0xF7DF, 0xF7DF, 0xF7DF, 0xF7DF, 0xF7DF, 0xF7DF, 0xF7DF, 0xF7DF,
    0xF7DF, 0xF7DF, 0xF7DF, 0xF7DF, 0xF7DF, 0xF7DF, 0xF7DF, 0xF7DF, 0xF7DF, 0xF7DF, 0xF7DF, 0xF7DF, 0xF7DF, 0xF7DF, 0xF7DF, 0xF7DF,
    0xF7DF, 0xF7DF, 0xF7DF, 0xEFDF, 0xEFDF, 0xEFBF, 0xFFFF, 0x4AEE, 0x0043, 0x1106, 0x10E5, 0x10E5, 0x10E5, 0x10E5, 0x08A4, 0x08C5,
    0x08C5, 0x0883, 0x0883, 0x08A4, 0x08A4, 0x08A4, 0x08C4, 0x0042, 0x2988, 0xF7DF, 0xF7DF, 0xF7DF, 0xF7DF, 0xF7DF, 0xF7DF, 0xF7DF,
    0xF7DF, 0xF7DF, 0xF7DF, 0xF7DF, 0xF7DF, 0xF7DF, 0xF7DF, 0xF7DF, 0xF7DF, 0xF7DF, 0xF7DF, 0xF7DF, 0xF7DF, 0xF7DF, 0xF7DF, 0xF7DF,
    0xF7DF, 0xF7DF, 0xF7DF, 0xF7DF, 0xF7DF, 0xF7DF, 0xF7DF, 0xF7DF, 0xF7DF, 0xF7DF, 0xF7DF, 0xF7DF, 0xF7DF, 0xF7DF, 0xF7DF, 0xF7DF,
    0xF7DF, 0xF7DF, 0xF7DF, 0xF7DF, 0xF7DF, 0xF7DF, 0xF7DF, 0xF7DF, 0xF7DF, 0xF7DF, 0xF7DF, 0xF7DF, 0xF7DF, 0xF7DF, 0xF7DF, 0xF7DF,
    0xF7DF, 0xF7DF, 0xF7DF, 0xF7DF, 0xF7DF, 0xF7DF, 0xF7DF, 0xF7DF, 0xF7DF, 0xF7DF, 0xF7DF, 0xF7DF, 0xF7DF, 0xF7DF, 0xF7DF, 0xF7DF,
    0xF7DF, 0xF7DF, 0xF7DF, 0xF7DF, 0xF7DF, 0xF7DF, 0xF7DF, 0xF7DF, 0xF7DF, 0xF7DF, 0xF7DF, 0xF7DF, 0xF7DF, 0xF7DF, 0xF7DF, 0xF7DF,
    0xF7DF, 0xF7DF, 0xF7DF, 0xF7DF, 0xF7DF, 0xF7DF, 0xF7DF, 0xF7DF, 0xF7DF, 0xF7DF, 0xF7DF, 0xF7DF, 0xF7DF, 0xF7DF, 0xF7DF, 0xF7DF,
    0xF7DF, 0xF7DF, 0xF7DF, 0xF7DF, 0xF7DF, 0xF7DF, 0xF7DF, 0xF7DF, 0xF7DF, 0xF7DF, 0xF7DF, 0xF7DF, 0xF7DF, 0xF7DF, 0xF7DF, 0xF7DF,
    0xF7DF, 0xF7DF, 0xF7DF, 0xF7DF, 0xF7DF, 0xF7DF, 0xF7DF, 0xF7DF, 0xF7DF, 0xF7DF, 0xF7DF, 0xF7DF, 0xF7DF, 0xF7DF, 0xF7DF, 0xF7DF,
    0xF7DF, 0xF7DF, 0xF7DF, 0xF7DF, 0xF7DF, 0xF7DF, 0xF7DF, 0xF7DF, 0xF7DF, 0xF7DF, 0xF7DF, 0xF7DF, 0xF7DF, 0xF7DF, 0xF7DF, 0xF7DF,
    0xF7DF, 0xF7DF, 0xF7DF, 0xF7DF, 0xF7DF, 0xF7DF, 0xF7DF, 0xF7DF, 0xF7DF, 0xF7DF, 0xF7DF, 0xF7DF, 0xF7DF, 0xF7DF, 0xF7DF, 0xF7DF,
    0xF7DF, 0xF7DF, 0xF7DF, 0xF7DF, 0xF7DF, 0xF7DF, 0xF7DF, 0xF7DF, 0xF7DF, 0xF7DF, 0xF7DF, 0xF7DF, 0xF7DF, 0xF7DF, 0xF7DF, 0xF7DF,
    0xF7DF, 0xF7DF, 0xF7DF, 0xF7DF, 0xF7DF, 0xF7DF, 0xF7DF, 0xF7DF, 0xF7DF, 0xF7DF, 0xF7DF, 0xF7DF, 0xF7DF, 0xF7DF, 0xF7DF, 0xF7DF,
    0xF7DF, 0xF7DF, 0xF7DF, 0xF7DF, 0xF7DF, 0xF7DF, 0xF7DF, 0xF7DF, 0xF7DF, 0xF7DF, 0xF7DF, 0xF7DF, 0xF7DF, 0xF7DF, 0xF7DF, 0xF7DF,
    0xF7DF, 0xF7DF, 0xF7DF, 0xEFDF, 0xF7DF, 0xEFBF, 0xFFFF, 0x4AEE, 0x0043, 0x1106, 0x08E5, 0x08E5, 0x08E5, 0x10E5, 0x08A4, 0x08C5,
    0x10C5, 0x0883, 0x0883, 0x08A4, 0x08A4, 0x08A4, 0x08C4, 0x0042, 0x2987, 0xF7DF, 0xF7DF, 0xF7DF, 0xF7DF, 0xF7DF, 0xF7DF, 0xF7DF,
    0xF7DF, 0xF7DF, 0xF7DF, 0xF7DF, 0xF7DF, 0xF7DF, 0xF7DF, 0xF7DF, 0xF7DF, 0xF7DF, 0xF7DF, 0xF7DF, 0xF7DF, 0xF7DF, 0xF7DF, 0xF7DF,
    0xF7DF, 0xF7DF, 0xF7DF, 0xF7DF, 0xF7DF, 0xF7DF, 0xF7DF, 0xF7DF, 0xF7DF, 0xF7DF, 0xF7DF, 0xF7DF, 0xF7DF, 0xF7DF, 0xF7DF, 0xF7DF,
    0xF7DF, 0xF7DF, 0xF7DF, 0xF7DF, 0xF7DF, 0xF7DF, 0xF7DF, 0xF7DF, 0xF7DF, 0xF7DF, 0xF7DF, 0xF7DF, 0xF7DF, 0xF7DF, 0xF7DF, 0xF7DF,
    0xF7DF, 0xF7DF, 0xF7DF, 0xF7DF, 0xF7DF, 0xF7DF, 0xF7DF, 0xF7DF, 0xF7DF, 0xF7DF, 0xF7DF, 0xF7DF, 0xF7DF, 0xF7DF, 0xF7DF, 0xF7DF,
    0xF7DF, 0xF7DF, 0xF7DF, 0xF7DF, 0xF7DF, 0xF7DF, 0xF7DF, 0xF7DF, 0xF7DF, 0xF7DF, 0xF7DF, 0xF7DF, 0xF7DF, 0xF7DF, 0xF7DF, 0xF7DF,
    0xF7DF, 0xF7DF, 0xF7DF, 0xF7DF, 0xF7DF, 0xF7DF, 0xF7DF, 0xF7DF, 0xF7DF, 0xF7DF, 0xF7DF, 0xF7DF, 0xF7DF, 0xF7DF, 0xF7DF, 0xF7DF,
    0xF7DF, 0xF7DF, 0xF7DF, 0xF7DF, 0xF7DF, 0xF7DF, 0xF7DF, 0xF7DF, 0xF7DF, 0xF7DF, 0xF7DF, 0xF7DF, 0xF7DF, 0xF7DF, 0xF7DF, 0xF7DF,
    0xF7DF, 0xF7DF, 0xF7DF, 0xF7DF, 0xF7DF, 0xF7DF, 0xF7DF, 0xF7DF, 0xF7DF, 0xF7DF, 0xF7DF, 0xF7DF, 0xF7DF, 0xF7DF, 0xF7DF, 0xF7DF,
    0xF7DF, 0xF7DF, 0xF7DF, 0xF7DF, 0xF7DF, 0xF7DF, 0xF7DF, 0xF7DF, 0xF7DF, 0xF7DF, 0xF7DF, 0xF7DF, 0xF7DF, 0xF7DF, 0xF7DF, 0xF7DF,
    0xF7DF, 0xF7DF, 0xF7DF, 0xF7DF, 0xF7DF, 0xF7DF, 0xF7DF, 0xF7DF, 0xF7DF, 0xF7DF, 0xF7DF, 0xF7DF, 0xF7DF, 0xF7DF, 0xF7DF, 0xF7DF,
    0xF7DF, 0xF7DF, 0xF7DF, 0xF7DF, 0xF7DF, 0xF7DF, 0xF7DF, 0xF7DF, 0xF7DF, 0xF7DF, 0xF7DF, 0xF7DF, 0xF7DF, 0xF7DF, 0xF7DF, 0xF7DF,
    0xF7DF, 0xF7DF, 0xF7DF, 0xF7DF, 0xF7DF, 0xF7DF, 0xF7DF, 0xF7DF, 0xF7DF, 0xF7DF, 0xF7DF, 0xF7DF, 0xF7DF, 0xF7DF, 0xF7DF, 0xF7DF,
    0xF7DF, 0xF7DF, 0xF7DF, 0xF7DF, 0xF7DF, 0xF7DF, 0xF7DF, 0xF7DF, 0xF7DF, 0xF7DF, 0xF7DF, 0xF7DF, 0xF7DF, 0xF7DF, 0xF7DF, 0xF7DF,
    0xF7DF, 0xF7DF, 0xF7DF, 0xF7DF, 0xF7DF, 0xEFBF, 0xFFFF, 0x4AEE, 0x0043, 0x1106, 0x10E5, 0x08E5, 0x08E5, 0x10E5, 0x08A4, 0x08C5,
    0x10C5, 0x0883, 0x0883, 0x08A4, 0x08A4, 0x08A4, 0x08C4, 0x0042, 0x2987, 0xF7DF, 0xF7DF, 0xF7DF, 0xF7DF, 0xF7DF, 0xF7DF, 0xF7DF,
    0xF7DF, 0xF7DF, 0xF7DF, 0xF7DF, 0xF7DF, 0xF7DF, 0xF7DF, 0xF7DF, 0xF7DF, 0xF7DF, 0xF7DF, 0xF7DF, 0xF7DF, 0xF7DF, 0xF7DF, 0xF7DF,
    0xF7DF, 0xF7DF, 0xF7DF, 0xF7DF, 0xF7DF, 0xF7DF, 0xF7DF, 0xF7DF, 0xF7DF, 0xF7DF, 0xF7DF, 0xF7DF, 0xF7DF, 0xF7DF, 0xF7DF, 0xF7DF,
    0xF7DF, 0xF7DF, 0xF7DF, 0xF7DF, 0xF7DF, 0xF7DF, 0xF7DF, 0xF7DF, 0xF7DF, 0xF7DF, 0xF7DF, 0xF7DF, 0xF7DF, 0xF7DF, 0xF7DF, 0xF7DF,
    0xF7DF, 0xF7DF, 0xF7DF, 0xF7DF, 0xF7DF, 0xF7DF, 0xF7DF, 0xF7DF, 0xF7DF, 0xF7DF, 0xF7DF, 0xF7DF, 0xF7DF, 0xF7DF, 0xF7DF, 0xF7DF,
    0xF7DF, 0xF7DF, 0xF7DF, 0xF7DF, 0xF7DF, 0xF7DF, 0xF7DF, 0xF7DF, 0xF7DF, 0xF7DF, 0xF7DF, 0xF7DF, 0xF7DF, 0xF7DF, 0xF7DF, 0xF7DF,
    0xF7DF, 0xF7DF, 0xF7DF, 0xF7DF, 0xF7DF, 0xF7DF, 0xF7DF, 0xF7DF, 0xF7DF, 0xF7DF, 0xF7DF, 0xF7DF, 0xF7DF, 0xF7DF, 0xF7DF, 0xF7DF,
    0xF7DF, 0xF7DF, 0xF7DF, 0xF7DF, 0xF7DF, 0xF7DF, 0xF7DF, 0xF7DF, 0xF7DF, 0xF7DF, 0xF7DF, 0xF7DF, 0xF7DF, 0xF7DF, 0xF7DF, 0xF7DF,
    0xF7DF, 0xF7DF, 0xF7DF, 0xF7DF, 0xF7DF, 0xF7DF, 0xF7DF, 0xF7DF, 0xF7DF, 0xF7DF, 0xF7DF, 0xF7DF, 0xF7DF, 0xF7DF, 0xF7DF, 0xF7DF,
    0xF7DF, 0xF7DF, 0xF7DF, 0xF7DF, 0xF7DF, 0xF7DF, 0xF7DF, 0xF7DF, 0xF7DF, 0xF7DF, 0xF7DF, 0xF7DF, 0xF7DF, 0xF7DF, 0xF7DF, 0xF7DF,
    0xF7DF, 0xF7DF, 0xF7DF, 0xF7DF, 0xF7DF, 0xF7DF, 0xF7DF, 0xF7DF, 0xF7DF, 0xF7DF, 0xF7DF, 0xF7DF, 0xF7DF, 0xF7DF, 0xF7DF, 0xF7DF,
    0xF7DF, 0xF7DF, 0xF7DF, 0xF7DF, 0xF7DF, 0xF7DF, 0xF7DF, 0xF7DF, 0xF7DF, 0xF7DF, 0xF7DF, 0xF7DF, 0xF7DF, 0xF7DF, 0xF7DF, 0xF7DF,
    0xF7DF, 0xF7DF, 0xF7DF, 0xF7DF, 0xF7DF, 0xF7DF, 0xF7DF, 0xF7DF, 0xF7DF, 0xF7DF, 0xF7DF, 0xF7DF, 0xF7DF, 0xF7DF, 0xF7DF, 0xF7DF,
    0xF7DF, 0xF7DF, 0xF7DF, 0xF7DF, 0xF7DF, 0xF7DF, 0xF7DF, 0xF7DF, 0xF7DF, 0xF7DF, 0xF7DF, 0xF7DF, 0xF7DF, 0xF7DF, 0xF7DF, 0xF7DF,
    0xF7DF, 0xF7DF, 0xF7DF, 0xF7DF, 0xF7DF, 0xEFBF, 0xFFFF, 0x4AEE, 0x0043, 0x1106, 0x08E5, 0x08C5, 0x10E5, 0x10E5, 0x0883, 0x08C5,
    0x10C5, 0x0883, 0x0883, 0x08A4, 0x08A4, 0x08A4, 0x08C4, 0x0042, 0x3187, 0xF7DF, 0xF7DF, 0xF7DF, 0xF7DF, 0xF7DF, 0xF7DF, 0xF7DF,
    0xF7DF, 0xF7DF, 0xF7DF, 0xF7DF, 0xF7DF, 0xF7DF, 0xF7DF, 0xF7DF, 0xF7DF, 0xF7DF, 0xF7DF, 0xF7DF, 0xF7DF, 0xF7DF, 0xF7DF, 0xF7DF,
    0xF7DF, 0xF7DF, 0xF7DF, 0xF7DF, 0xF7DF, 0xF7DF, 0xF7DF, 0xF7DF, 0xF7DF, 0xF7DF, 0xF7DF, 0xF7DF, 0xF7DF, 0xF7DF, 0xF7DF, 0xF7DF,
    0xF7DF, 0xF7DF, 0xF7DF, 0xF7DF, 0xF7DF, 0xF7DF, 0xF7DF, 0xF7DF, 0xF7DF, 0xF7DF, 0xF7DF, 0xF7DF, 0xF7DF, 0xF7DF, 0xF7DF, 0xF7DF,
    0xF7DF, 0xF7DF, 0xF7DF, 0xF7DF, 0xF7DF, 0xF7DF, 0xF7DF, 0xF7DF, 0xF7DF, 0xF7DF, 0xF7DF, 0xF7DF, 0xF7DF, 0xF7DF, 0xF7DF, 0xF7DF,
    0xF7DF, 0xF7DF, 0xF7DF, 0xF7DF, 0xF7DF, 0xF7DF, 0xF7DF, 0xF7DF, 0xF7DF, 0xF7DF, 0xF7DF, 0xF7DF, 0xF7DF, 0xF7DF, 0xF7DF, 0xF7DF,
    0xF7DF, 0xF7DF, 0xF7DF, 0xF7DF, 0xF7DF, 0xF7DF, 0xF7DF, 0xF7DF, 0xF7DF, 0xF7DF, 0xF7DF, 0xF7DF, 0xF7DF, 0xF7DF, 0xF7DF, 0xF7DF,
    0xF7DF, 0xF7DF, 0xF7DF, 0xF7DF, 0xF7DF, 0xF7DF, 0xF7DF, 0xF7DF, 0xF7DF, 0xF7DF, 0xF7DF, 0xF7DF, 0xF7DF, 0xF7DF, 0xF7DF, 0xF7DF,
    0xF7DF, 0xF7DF, 0xF7DF, 0xF7DF, 0xF7DF, 0xF7DF, 0xF7DF, 0xF7DF, 0xF7DF, 0xF7DF, 0xF7DF, 0xF7DF, 0xF7DF, 0xF7DF, 0xF7DF, 0xF7DF,
    0xF7DF, 0xF7DF, 0xF7DF, 0xF7DF, 0xF7DF, 0xF7DF, 0xF7DF, 0xF7DF, 0xF7DF, 0xF7DF, 0xF7DF, 0xF7DF, 0xF7DF, 0xF7DF, 0xF7DF, 0xF7DF,
    0xF7DF, 0xF7DF, 0xF7DF, 0xF7DF, 0xF7DF, 0xF7DF, 0xF7DF, 0xF7DF, 0xF7DF, 0xF7DF, 0xF7DF, 0xF7DF, 0xF7DF, 0xF7DF, 0xF7DF, 0xF7DF,
    0xF7DF, 0xF7DF, 0xF7DF, 0xF7DF, 0xF7DF, 0xF7DF, 0xF7DF, 0xF7DF, 0xF7DF, 0xF7DF, 0xF7DF, 0xF7DF, 0xF7DF, 0xF7DF, 0xF7DF, 0xF7DF,
    0xF7DF, 0xF7DF, 0xF7DF, 0xF7DF, 0xF7DF, 0xF7DF, 0xF7DF, 0xF7DF, 0xF7DF, 0xF7DF, 0xF7DF, 0xF7DF, 0xF7DF, 0xF7DF, 0xF7DF, 0xF7DF,
    0xF7DF, 0xF7DF, 0xF7DF, 0xF7DF, 0xF7DF, 0xF7DF, 0xF7DF, 0xF7DF, 0xF7DF, 0xF7DF, 0xF7DF, 0xF7DF, 0xF7DF, 0xF7DF, 0xF7DF, 0xF7DF,
    0xF7DF, 0xF7DF, 0xF7DF, 0xF7DF, 0xF7DF, 0xEFBF, 0xFFFF, 0x4AEE, 0x0043, 0x1106, 0x08C5, 0x08C5, 0x08C5, 0x08E5, 0x0883, 0x08C5,
    0x10C5, 0x0883, 0x0883, 0x08A4, 0x08A4, 0x08A4, 0x08C4, 0x0042, 0x3187, 0xF7DF, 0xF7DF, 0xF7DF, 0xF7DF, 0xF7DF, 0xF7DF, 0xF7DF,
    0xF7DF, 0xF7DF, 0xF7DF, 0xF7DF, 0xF7DF, 0xF7DF, 0xF7DF, 0xF7DF, 0xF7DF, 0xF7DF, 0xF7DF, 0xF7DF, 0xF7DF, 0xF7DF, 0xF7DF, 0xF7DF,
    0xF7DF, 0xF7DF, 0xF7DF, 0xF7DF, 0xF7DF, 0xF7DF, 0xF7DF, 0xF7DF, 0xF7DF, 0xF7DF, 0xF7DF, 0xF7DF, 0xF7DF, 0xF7DF, 0xF7DF, 0xF7DF,
    0xF7DF, 0xF7DF, 0xF7DF, 0xF7DF, 0xF7DF, 0xF7DF, 0xF7DF, 0xF7DF, 0xF7DF, 0xF7DF, 0xF7DF, 0xF7DF, 0xF7DF, 0xF7DF, 0xF7DF, 0xF7DF,
    0xF7DF, 0xF7DF, 0xF7DF, 0xF7DF, 0xF7DF, 0xF7DF, 0xF7DF, 0xF7DF, 0xF7DF, 0xF7DF, 0xF7DF, 0xF7DF, 0xF7DF, 0xF7DF, 0xF7DF, 0xF7DF,
    0xF7DF, 0xF7DF, 0xF7DF, 0xF7DF, 0xF7DF, 0xF7DF, 0xF7DF, 0xF7DF, 0xF7DF, 0xF7DF, 0xF7DF, 0xF7DF, 0xF7DF, 0xF7DF, 0xF7DF, 0xF7DF,
    0xF7DF, 0xF7DF, 0xF7DF, 0xF7DF, 0xF7DF, 0xF7DF, 0xF7DF, 0xF7DF, 0xF7DF, 0xF7DF, 0xF7DF, 0xF7DF, 0xF7DF, 0xF7DF, 0xF7DF, 0xF7DF,
    0xF7DF, 0xF7DF, 0xF7DF, 0xF7DF, 0xF7DF, 0xF7DF, 0xF7DF, 0xF7DF, 0xF7DF, 0xF7DF, 0xF7DF, 0xF7DF, 0xF7DF, 0xF7DF, 0xF7DF, 0xF7DF,
    0xF7DF, 0xF7DF, 0xF7DF, 0xF7DF, 0xF7DF, 0xF7DF, 0xF7DF, 0xF7DF, 0xF7DF, 0xF7DF, 0xF7DF, 0xF7DF, 0xF7DF, 0xF7DF, 0xF7DF, 0xF7DF,
    0xF7DF, 0xF7DF, 0xF7DF, 0xF7DF, 0xF7DF, 0xF7DF, 0xF7DF, 0xF7DF, 0xF7DF, 0xF7DF, 0xF7DF, 0xF7DF, 0xF7DF, 0xF7DF, 0xF7DF, 0xF7DF,
    0xF7DF, 0xF7DF, 0xF7DF, 0xF7DF, 0xF7DF, 0xF7DF, 0xF7DF, 0xF7DF, 0xF7DF, 0xF7DF, 0xF7DF, 0xF7DF, 0xF7DF, 0xF7DF, 0xF7DF, 0xF7DF,
    0xF7DF, 0xF7DF, 0xF7DF, 0xF7DF, 0xF7DF, 0xF7DF, 0xF7DF, 0xF7DF, 0xF7DF, 0xF7DF, 0xF7DF, 0xF7DF, 0xF7DF, 0xF7DF, 0xF7DF, 0xF7DF,
    0xF7DF, 0xF7DF, 0xF7DF, 0xF7DF, 0xF7DF, 0xF7DF, 0xF7DF, 0xF7DF, 0xF7DF, 0xF7DF, 0xF7DF, 0xF7DF, 0xF7DF, 0xF7DF, 0xF7DF, 0xF7DF,
    0xF7DF, 0xF7DF, 0xF7DF, 0xF7DF, 0xF7DF, 0xF7DF, 0xF7DF, 0xF7DF, 0xF7DF, 0xF7DF, 0xF7DF, 0xF7DF, 0xF7DF, 0xF7DF, 0xF7DF, 0xF7DF,
    0xF7DF, 0xF7DF, 0xF7DF, 0xF7DF, 0xF7DF, 0xEFBF, 0xFFFF, 0x4AEE, 0x0043, 0x1106, 0x08C5, 0x08E5, 0x08C5, 0x10E5, 0x0883, 0x08C4,
    0x08C5, 0x0883, 0x0883, 0x08A4, 0x08A4, 0x08A4, 0x08C4, 0x0042, 0x2987, 0xF7DF, 0xF7DF, 0xF7DF, 0xF7DF, 0xF7DF, 0xF7DF, 0xF7DF,
    0xF7DF, 0xF7DF, 0xF7DF, 0xF7DF, 0xF7DF, 0xF7DF, 0xF7DF, 0xF7DF, 0xF7DF, 0xF7DF, 0xF7DF, 0xF7DF, 0xF7DF, 0xF7DF, 0xF7DF, 0xF7DF,
    0xF7DF, 0xF7DF, 0xF7DF, 0xF7DF, 0xF7DF, 0xF7DF, 0xF7DF, 0xF7DF, 0xF7DF, 0xF7DF, 0xF7DF, 0xF7DF, 0xF7DF, 0xF7DF, 0xF7DF, 0xF7DF,
    0xF7DF, 0xF7DF, 0xF7DF, 0xF7DF, 0xF7DF, 0xF7DF, 0xF7DF, 0xF7DF, 0xF7DF, 0xF7DF, 0xF7DF, 0xF7DF, 0xF7DF, 0xF7DF, 0xF7DF, 0xF7DF,
    0xF7DF, 0xF7DF, 0xF7DF, 0xF7DF, 0xF7DF, 0xF7DF, 0xF7DF, 0xF7DF, 0xF7DF, 0xF7DF, 0xF7DF, 0xF7DF, 0xF7DF, 0xF7DF, 0xF7DF, 0xF7DF,
    0xF7DF, 0xF7DF, 0xF7DF, 0xF7DF, 0xF7DF, 0xF7DF, 0xF7DF, 0xF7DF, 0xF7DF, 0xF7DF, 0xF7DF, 0xF7DF, 0xF7DF, 0xF7DF, 0xF7DF, 0xF7DF,
    0xF7DF, 0xF7DF, 0xF7DF, 0xF7DF, 0xF7DF, 0xF7DF, 0xF7DF, 0xF7DF, 0xF7DF, 0xF7DF, 0xF7DF, 0xF7DF, 0xF7DF, 0xF7DF, 0xF7DF, 0xF7DF,
    0xF7DF, 0xF7DF, 0xF7DF, 0xF7DF, 0xF7DF, 0xF7DF, 0xF7DF, 0xF7DF, 0xF7DF, 0xF7DF, 0xF7DF, 0xF7DF, 0xF7DF, 0xF7DF, 0xF7DF, 0xF7DF,
    0xF7DF, 0xF7DF, 0xF7DF, 0xF7DF, 0xF7DF, 0xF7DF, 0xF7DF, 0xF7DF, 0xF7DF, 0xF7DF, 0xF7DF, 0xF7DF, 0xF7DF, 0xF7DF, 0xF7DF, 0xF7DF,
    0xF7DF, 0xF7DF, 0xF7DF, 0xF7DF, 0xF7DF, 0xF7DF, 0xF7DF, 0xF7DF, 0xF7DF, 0xF7DF, 0xF7DF, 0xF7DF, 0xF7DF, 0xF7DF, 0xF7DF, 0xF7DF,
    0xF7DF, 0xF7DF, 0xF7DF, 0xF7DF, 0xF7DF, 0xF7DF, 0xF7DF, 0xF7DF, 0xF7DF, 0xF7DF, 0xF7DF, 0xF7DF, 0xF7DF, 0xF7DF, 0xF7DF, 0xF7DF,
    0xF7DF, 0xF7DF, 0xF7DF, 0xF7DF, 0xF7DF, 0xF7DF, 0xF7DF, 0xF7DF, 0xF7DF, 0xF7DF, 0xF7DF, 0xF7DF, 0xF7DF, 0xF7DF, 0xF7DF, 0xF7DF,
    0xF7DF, 0xF7DF, 0xF7DF, 0xF7DF, 0xF7DF, 0xF7DF, 0xF7DF, 0xF7DF, 0xF7DF, 0xF7DF, 0xF7DF, 0xF7DF, 0xF7DF, 0xF7DF, 0xF7DF, 0xF7DF,
    0xF7DF, 0xF7DF, 0xF7DF, 0xF7DF, 0xF7DF, 0xF7DF, 0xF7DF, 0xF7DF, 0xF7DF, 0xF7DF, 0xF7DF, 0xF7DF, 0xF7DF, 0xF7DF, 0xF7DF, 0xF7DF,
    0xF7DF, 0xF7DF, 0xF7DF, 0xF7DF, 0xF7DF, 0xEFBF, 0xFFFF, 0x4AEE, 0x0043, 0x1106, 0x08E5, 0x08E5, 0x10E5, 0x10E5, 0x0883, 0x08C5,
    0x08C4, 0x0883, 0x0883, 0x08A4, 0x08A4, 0x08A4, 0x08C5, 0x0042, 0x2987, 0xF7DF, 0xF7DF, 0xF7DF, 0xF7DF, 0xF7DF, 0xF7DF, 0xF7DF,
    0xF7DF, 0xF7DF, 0xF7DF, 0xF7DF, 0xF7DF, 0xF7DF, 0xF7DF, 0xF7DF, 0xF7DF, 0xF7DF, 0xF7DF, 0xF7DF, 0xF7DF, 0xF7DF, 0xF7DF, 0xF7DF,
    0xF7DF, 0xF7DF, 0xF7DF, 0xF7DF, 0xF7DF, 0xF7DF, 0xF7DF, 0xF7DF, 0xF7DF, 0xF7DF, 0xF7DF, 0xF7DF, 0xF7DF, 0xF7DF, 0xF7DF, 0xF7DF,
    0xF7DF, 0xF7DF, 0xF7DF, 0xF7DF, 0xF7DF, 0xF7DF, 0xF7DF, 0xF7DF, 0xF7DF, 0xF7DF, 0xF7DF, 0xF7DF, 0xF7DF, 0xF7DF, 0xF7DF, 0xF7DF,
    0xF7DF, 0xF7DF, 0xF7DF, 0xF7DF, 0xF7DF, 0xF7DF, 0xF7DF, 0xF7DF, 0xF7DF, 0xF7DF, 0xF7DF, 0xF7DF, 0xF7DF, 0xF7DF, 0xF7DF, 0xF7DF,
    0xF7DF, 0xF7DF, 0xF7DF, 0xF7DF, 0xF7DF, 0xF7DF, 0xF7DF, 0xF7DF, 0xF7DF, 0xF7DF, 0xF7DF, 0xF7DF, 0xF7DF, 0xF7DF, 0xF7DF, 0xF7DF,
    0xF7DF, 0xF7DF, 0xF7DF, 0xF7DF, 0xF7DF, 0xF7DF, 0xF7DF, 0xF7DF, 0xF7DF, 0xF7DF, 0xF7DF, 0xF7DF, 0xF7DF, 0xF7DF, 0xF7DF, 0xF7DF,
    0xF7DF, 0xF7DF, 0xF7DF, 0xF7DF, 0xF7DF, 0xF7DF, 0xF7DF, 0xF7DF, 0xF7DF, 0xF7DF, 0xF7DF, 0xF7DF, 0xF7DF, 0xF7DF, 0xF7DF, 0xF7DF,
    0xF7DF, 0xF7DF, 0xF7DF, 0xF7DF, 0xF7DF, 0xF7DF, 0xF7DF, 0xF7DF, 0xF7DF, 0xF7DF, 0xF7DF, 0xF7DF, 0xF7DF, 0xF7DF, 0xF7DF, 0xF7DF,
    0xF7DF, 0xF7DF, 0xF7DF, 0xF7DF, 0xF7DF, 0xF7DF, 0xF7DF, 0xF7DF, 0xF7DF, 0xF7DF, 0xF7DF, 0xF7DF, 0xF7DF, 0xF7DF, 0xF7DF, 0xF7DF,
    0xF7DF, 0xF7DF, 0xF7DF, 0xF7DF, 0xF7DF, 0xF7DF, 0xF7DF, 0xF7DF, 0xF7DF, 0xF7DF, 0xF7DF, 0xF7DF, 0xF7DF, 0xF7DF, 0xF7DF, 0xF7DF,
    0xF7DF, 0xF7DF, 0xF7DF, 0xF7DF, 0xF7DF, 0xF7DF, 0xF7DF, 0xF7DF, 0xF7DF, 0xF7DF, 0xF7DF, 0xF7DF, 0xF7DF, 0xF7DF, 0xF7DF, 0xF7DF,
    0xF7DF, 0xF7DF, 0xF7DF, 0xF7DF, 0xF7DF, 0xF7DF, 0xF7DF, 0xF7DF, 0xF7DF, 0xF7DF, 0xF7DF, 0xF7DF, 0xF7DF, 0xF7DF, 0xF7DF, 0xF7DF,
    0xF7DF, 0xF7DF, 0xF7DF, 0xF7DF, 0xF7DF, 0xF7DF, 0xF7DF, 0xF7DF, 0xF7DF, 0xF7DF, 0xF7DF, 0xF7DF, 0xF7DF, 0xF7DF, 0xF7DF, 0xF7DF,
    0xF7DF, 0xF7DF, 0xF7DF, 0xF7DF, 0xF7DF, 0xEFBF, 0xFFFF, 0x4AEE, 0x0043, 0x10E6, 0x08E5, 0x08E5, 0x10E5, 0x10E5, 0x0883, 0x08C5,
    0x08C4, 0x0883, 0x0883, 0x08A4, 0x08A4, 0x08A4, 0x08C4, 0x0042, 0x2987, 0xF7DF, 0xF7DF, 0xF7DF, 0xF7DF, 0xF7DF, 0xF7DF, 0xF7DF,
    0xF7DF, 0xF7DF, 0xF7DF, 0xF7DF, 0xF7DF, 0xF7DF, 0xF7DF, 0xF7DF, 0xF7DF, 0xF7DF, 0xF7DF, 0xF7DF, 0xF7DF, 0xF7DF, 0xF7DF, 0xF7DF,
    0xF7DF, 0xF7DF, 0xF7DF, 0xF7DF, 0xF7DF, 0xF7DF, 0xF7DF, 0xF7DF, 0xF7DF, 0xF7DF, 0xF7DF, 0xF7DF, 0xF7DF, 0xF7DF, 0xF7DF, 0xF7DF,
    0xF7DF, 0xF7DF, 0xF7DF, 0xF7DF, 0xF7DF, 0xF7DF, 0xF7DF, 0xF7DF, 0xF7DF, 0xF7DF, 0xF7DF, 0xF7DF, 0xF7DF, 0xF7DF, 0xF7DF, 0xF7DF,
    0xF7DF, 0xF7DF, 0xF7DF, 0xF7DF, 0xF7DF, 0xF7DF, 0xF7DF, 0xF7DF, 0xF7DF, 0xF7DF, 0xF7DF, 0xF7DF, 0xF7DF, 0xF7DF, 0xF7DF, 0xF7DF,
    0xF7DF, 0xF7DF, 0xF7DF, 0xF7DF, 0xF7DF, 0xF7DF, 0xF7DF, 0xF7DF, 0xF7DF, 0xF7DF, 0xF7DF, 0xF7DF, 0xF7DF, 0xF7DF, 0xF7DF, 0xF7DF,
    0xF7DF, 0xF7DF, 0xF7DF, 0xF7DF, 0xF7DF, 0xF7DF, 0xF7DF, 0xF7DF, 0xF7DF, 0xF7DF, 0xF7DF, 0xF7DF, 0xF7DF, 0xF7DF, 0xF7DF, 0xF7DF,
    0xF7DF, 0xF7DF, 0xF7DF, 0xF7DF, 0xF7DF, 0xF7DF, 0xF7DF, 0xF7DF, 0xF7DF, 0xF7DF, 0xF7DF, 0xF7DF, 0xF7DF, 0xF7DF, 0xF7DF, 0xF7DF,
    0xF7DF, 0xF7DF, 0xF7DF, 0xF7DF, 0xF7DF, 0xF7DF, 0xF7DF, 0xF7DF, 0xF7DF, 0xF7DF, 0xF7DF, 0xF7DF, 0xF7DF, 0xF7DF, 0xF7DF, 0xF7DF,
    0xF7DF, 0xF7DF, 0xF7DF, 0xF7DF, 0xF7DF, 0xF7DF, 0xF7DF, 0xF7DF, 0xF7DF, 0xF7DF, 0xF7DF, 0xF7DF, 0xF7DF, 0xF7DF, 0xF7DF, 0xF7DF,
    0xF7DF, 0xF7DF, 0xF7DF, 0xF7DF, 0xF7DF, 0xF7DF, 0xF7DF, 0xF7DF, 0xF7DF, 0xF7DF, 0xF7DF, 0xF7DF, 0xF7DF, 0xF7DF, 0xF7DF, 0xF7DF,
    0xF7DF, 0xF7DF, 0xF7DF, 0xF7DF, 0xF7DF, 0xF7DF, 0xF7DF, 0xF7DF, 0xF7DF, 0xF7DF, 0xF7DF, 0xF7DF, 0xF7DF, 0xF7DF, 0xF7DF, 0xF7DF,
    0xF7DF, 0xF7DF, 0xF7DF, 0xF7DF, 0xF7DF, 0xF7DF, 0xF7DF, 0xF7DF, 0xF7DF, 0xF7DF, 0xF7DF, 0xF7DF, 0xF7DF, 0xF7DF, 0xF7DF, 0xF7DF,
    0xF7DF, 0xF7DF, 0xF7DF, 0xF7DF, 0xF7DF, 0xF7DF, 0xF7DF, 0xF7DF, 0xF7DF, 0xF7DF, 0xF7DF, 0xF7DF, 0xF7DF, 0xF7DF, 0xF7DF, 0xF7DF,
    0xF7DF, 0xF7DF, 0xF7DF, 0xF7DF, 0xF7DF, 0xEFBF, 0xFFFF, 0x4AEE, 0x0043, 0x1106, 0x08E5, 0x10E5, 0x10E5, 0x10E5, 0x0883, 0x08C4,
    0x08C4, 0x0883, 0x0883, 0x08A4, 0x08A4, 0x08A4, 0x08C4, 0x0042, 0x2987, 0xF7DF, 0xF7DF, 0xF7DF, 0xF7DF, 0xF7DF, 0xF7DF, 0xF7DF,
    0xF7DF, 0xF7DF, 0xF7DF, 0xF7DF, 0xF7DF, 0xF7DF, 0xF7DF, 0xF7DF, 0xF7DF, 0xF7DF, 0xF7DF, 0xF7DF, 0xF7DF, 0xF7DF, 0xF7DF, 0xF7DF,
    0xF7DF, 0xF7DF, 0xF7DF, 0xF7DF, 0xF7DF, 0xF7DF, 0xF7DF, 0xF7DF, 0xF7DF, 0xF7DF, 0xF7DF, 0xF7DF, 0xF7DF, 0xF7DF, 0xF7DF, 0xF7DF,
    0xF7DF, 0xF7DF, 0xF7DF, 0xF7DF, 0xF7DF, 0xF7DF, 0xF7DF, 0xF7DF, 0xF7DF, 0xF7DF, 0xF7DF, 0xF7DF, 0xF7DF, 0xF7DF, 0xF7DF, 0xF7DF,
    0xF7DF, 0xF7DF, 0xF7DF, 0xF7DF, 0xF7DF, 0xF7DF, 0xF7DF, 0xF7DF, 0xF7DF, 0xF7DF, 0xF7DF, 0xF7DF, 0xF7DF, 0xF7DF, 0xF7DF, 0xF7DF,
    0xF7DF, 0xF7DF, 0xF7DF, 0xF7DF, 0xF7DF, 0xF7DF, 0xF7DF, 0xF7DF, 0xF7DF, 0xF7DF, 0xF7DF, 0xF7DF, 0xF7DF, 0xF7DF, 0xF7DF, 0xF7DF,
    0xF7DF, 0xF7DF, 0xF7DF, 0xF7DF, 0xF7DF, 0xF7DF, 0xF7DF, 0xF7DF, 0xF7DF, 0xF7DF, 0xF7DF, 0xF7DF, 0xF7DF, 0xF7DF, 0xF7DF, 0xF7DF,
    0xF7DF, 0xF7DF, 0xF7DF, 0xF7DF, 0xF7DF, 0xF7DF, 0xF7DF, 0xF7DF, 0xF7DF, 0xF7DF, 0xF7DF, 0xF7DF, 0xF7DF, 0xF7DF, 0xF7DF, 0xF7DF,
    0xF7DF, 0xF7DF, 0xF7DF, 0xF7DF, 0xF7DF, 0xF7DF, 0xF7DF, 0xF7DF, 0xF7DF, 0xF7DF, 0xF7DF, 0xF7DF, 0xF7DF, 0xF7DF, 0xF7DF, 0xF7DF,
    0xF7DF, 0xF7DF, 0xF7DF, 0xF7DF, 0xF7DF, 0xF7DF, 0xF7DF, 0xF7DF, 0xF7DF, 0xF7DF, 0xF7DF, 0xF7DF, 0xF7DF, 0xF7DF, 0xF7DF, 0xF7DF,
    0xF7DF, 0xF7DF, 0xF7DF, 0xF7DF, 0xF7DF, 0xF7DF, 0xF7DF, 0xF7DF, 0xF7DF, 0xF7DF, 0xF7DF, 0xF7DF, 0xF7DF, 0xF7DF, 0xF7DF, 0xF7DF,
    0xF7DF, 0xF7DF, 0xF7DF, 0xF7DF, 0xF7DF, 0xF7DF, 0xF7DF, 0xF7DF, 0xF7DF, 0xF7DF, 0xF7DF, 0xF7DF, 0xF7DF, 0xF7DF, 0xF7DF, 0xF7DF,
    0xF7DF, 0xF7DF, 0xF7DF, 0xF7DF, 0xF7DF, 0xF7DF, 0xF7DF, 0xF7DF, 0xF7DF, 0xF7DF, 0xF7DF, 0xF7DF, 0xF7DF, 0xF7DF, 0xF7DF, 0xF7DF,
    0xF7DF, 0xF7DF, 0xF7DF, 0xF7DF, 0xF7DF, 0xF7DF, 0xF7DF, 0xF7DF, 0xF7DF, 0xF7DF, 0xF7DF, 0xF7DF, 0xF7DF, 0xF7DF, 0xF7DF, 0xF7DF,
    0xF7DF, 0xF7DF, 0xF7DF, 0xF7DF, 0xF7DF, 0xEFBF, 0xFFFF, 0x4AEE, 0x0043, 0x1106, 0x08E5, 0x10E5, 0x10E5, 0x10E5, 0x0883, 0x08C4,
    0x08C4, 0x0883, 0x0883, 0x08A4, 0x08A4, 0x08A4, 0x08C5, 0x0042, 0x2987, 0xF7DF, 0xF7DF, 0xF7DF, 0xF7DF, 0xF7DF, 0xF7DF, 0xF7DF,
    0xF7DF, 0xF7DF, 0xF7DF, 0xF7DF, 0xF7DF, 0xF7DF, 0xF7DF, 0xF7DF, 0xF7DF, 0xF7DF, 0xF7DF, 0xF7DF, 0xF7DF, 0xF7DF, 0xF7DF, 0xF7DF,
    0xF7DF, 0xF7DF, 0xF7DF, 0xF7DF, 0xF7DF, 0xF7DF, 0xF7DF, 0xF7DF, 0xF7DF, 0xF7DF, 0xF7DF, 0xF7DF, 0xF7DF, 0xF7DF, 0xF7DF, 0xF7DF,
    0xF7DF, 0xF7DF, 0xF7DF, 0xF7DF, 0xF7DF, 0xF7DF, 0xF7DF, 0xF7DF, 0xF7DF, 0xF7DF, 0xF7DF, 0xF7DF, 0xF7DF, 0xF7DF, 0xF7DF, 0xF7DF,
    0xF7DF, 0xF7DF, 0xF7DF, 0xF7DF, 0xF7DF, 0xF7DF, 0xF7DF, 0xF7DF, 0xF7DF, 0xF7DF, 0xF7DF, 0xF7DF, 0xF7DF, 0xF7DF, 0xF7DF, 0xF7DF,
    0xF7DF, 0xF7DF, 0xF7DF, 0xF7DF, 0xF7DF, 0xF7DF, 0xF7DF, 0xF7DF, 0xF7DF, 0xF7DF, 0xF7DF, 0xF7DF, 0xF7DF, 0xF7DF, 0xF7DF, 0xF7DF,
    0xF7DF, 0xF7DF, 0xF7DF, 0xF7DF, 0xF7DF, 0xF7DF, 0xF7DF, 0xF7DF, 0xF7DF, 0xF7DF, 0xF7DF, 0xF7DF, 0xF7DF, 0xF7DF, 0xF7DF, 0xF7DF,
    0xF7DF, 0xF7DF, 0xF7DF, 0xF7DF, 0xF7DF, 0xF7DF, 0xF7DF, 0xF7DF, 0xF7DF, 0xF7DF, 0xF7DF, 0xF7DF, 0xF7DF, 0xF7DF, 0xF7DF, 0xF7DF,
    0xF7DF, 0xF7DF, 0xF7DF, 0xF7DF, 0xF7DF, 0xF7DF, 0xF7DF, 0xF7DF, 0xF7DF, 0xF7DF, 0xF7DF, 0xF7DF, 0xF7DF, 0xF7DF, 0xF7DF, 0xF7DF,
    0xF7DF, 0xF7DF, 0xF7DF, 0xF7DF, 0xF7DF, 0xF7DF, 0xF7DF, 0xF7DF, 0xF7DF, 0xF7DF, 0xF7DF, 0xF7DF, 0xF7DF, 0xF7DF, 0xF7DF, 0xF7DF,
    0xF7DF, 0xF7DF, 0xF7DF, 0xF7DF, 0xF7DF, 0xF7DF, 0xF7DF, 0xF7DF, 0xF7DF, 0xF7DF, 0xF7DF, 0xF7DF, 0xF7DF, 0xF7DF, 0xF7DF, 0xF7DF,
    0xF7DF, 0xF7DF, 0xF7DF, 0xF7DF, 0xF7DF, 0xF7DF, 0xF7DF, 0xF7DF, 0xF7DF, 0xF7DF, 0xF7DF, 0xF7DF, 0xF7DF, 0xF7DF, 0xF7DF, 0xF7DF,
    0xF7DF, 0xF7DF, 0xF7DF, 0xF7DF, 0xF7DF, 0xF7DF, 0xF7DF, 0xF7DF, 0xF7DF, 0xF7DF, 0xF7DF, 0xF7DF, 0xF7DF, 0xF7DF, 0xF7DF, 0xF7DF,
    0xF7DF, 0xF7DF, 0xF7DF, 0xF7DF, 0xF7DF, 0xF7DF, 0xF7DF, 0xF7DF, 0xF7DF, 0xF7DF, 0xF7DF, 0xF7DF, 0xF7DF, 0xF7DF, 0xF7DF, 0xF7DF,
    0xF7DF, 0xF7DF, 0xF7DF, 0xF7DF, 0xF7DF, 0xEFBF, 0xFFFF, 0x4AEE, 0x0043, 0x10E6, 0x08C5, 0x08C5, 0x08C5, 0x10E5, 0x0883, 0x08C4,
    0x08C4, 0x0883, 0x0883, 0x08A4, 0x08A4, 0x08A4, 0x08C4, 0x0042, 0x2987, 0xF7DF, 0xF7DF, 0xF7DF, 0xF7DF, 0xF7DF, 0xF7DF, 0xF7DF,
    0xF7DF, 0xF7DF, 0xF7DF, 0xF7DF, 0xF7DF, 0xF7DF, 0xF7DF, 0xF7DF, 0xF7DF, 0xF7DF, 0xF7DF, 0xF7DF, 0xF7DF, 0xF7DF, 0xF7DF, 0xF7DF,
    0xF7DF, 0xF7DF, 0xF7DF, 0xF7DF, 0xF7DF, 0xF7DF, 0xF7DF, 0xF7DF, 0xF7DF, 0xF7DF, 0xF7DF, 0xF7DF, 0xF7DF, 0xF7DF, 0xF7DF, 0xF7DF,
    0xF7DF, 0xF7DF, 0xF7DF, 0xF7DF, 0xF7DF, 0xF7DF, 0xF7DF, 0xF7DF, 0xF7DF, 0xF7DF, 0xF7DF, 0xF7DF, 0xF7DF, 0xF7DF, 0xF7DF, 0xF7DF,
    0xF7DF, 0xF7DF, 0xF7DF, 0xF7DF, 0xF7DF, 0xF7DF, 0xF7DF, 0xF7DF, 0xF7DF, 0xF7DF, 0xF7DF, 0xF7DF, 0xF7DF, 0xF7DF, 0xF7DF, 0xF7DF,
    0xF7DF, 0xF7DF, 0xF7DF, 0xF7DF, 0xF7DF, 0xF7DF, 0xF7DF, 0xF7DF, 0xF7DF, 0xF7DF, 0xF7DF, 0xF7DF, 0xF7DF, 0xF7DF, 0xF7DF, 0xF7DF,
    0xF7DF, 0xF7DF, 0xF7DF, 0xF7DF, 0xF7DF, 0xF7DF, 0xF7DF, 0xF7DF, 0xF7DF, 0xF7DF, 0xF7DF, 0xF7DF, 0xF7DF, 0xF7DF, 0xF7DF, 0xF7DF,
    0xF7DF, 0xF7DF, 0xF7DF, 0xF7DF, 0xF7DF, 0xF7DF, 0xF7DF, 0xF7DF, 0xF7DF, 0xF7DF, 0xF7DF, 0xF7DF, 0xF7DF, 0xF7DF, 0xF7DF, 0xF7DF,
    0xF7DF, 0xF7DF, 0xF7DF, 0xF7DF, 0xF7DF, 0xF7DF, 0xF7DF, 0xF7DF, 0xF7DF, 0xF7DF, 0xF7DF, 0xF7DF, 0xF7DF, 0xF7DF, 0xF7DF, 0xF7DF,
    0xF7DF, 0xF7DF, 0xF7DF, 0xF7DF, 0xF7DF, 0xF7DF, 0xF7DF, 0xF7DF, 0xF7DF, 0xF7DF, 0xF7DF, 0xF7DF, 0xF7DF, 0xF7DF, 0xF7DF, 0xF7DF,
    0xF7DF, 0xF7DF, 0xF7DF, 0xF7DF, 0xF7DF, 0xF7DF, 0xF7DF, 0xF7DF, 0xF7DF, 0xF7DF, 0xF7DF, 0xF7DF, 0xF7DF, 0xF7DF, 0xF7DF, 0xF7DF,
    0xF7DF, 0xF7DF, 0xF7DF, 0xF7DF, 0xF7DF, 0xF7DF, 0xF7DF, 0xF7DF, 0xF7DF, 0xF7DF, 0xF7DF, 0xF7DF, 0xF7DF, 0xF7DF, 0xF7DF, 0xF7DF,
    0xF7DF, 0xF7DF, 0xF7DF, 0xF7DF, 0xF7DF, 0xF7DF, 0xF7DF, 0xF7DF, 0xF7DF, 0xF7DF, 0xF7DF, 0xF7DF, 0xF7DF, 0xF7DF, 0xF7DF, 0xF7DF,
    0xF7DF, 0xF7DF, 0xF7DF, 0xF7DF, 0xF7DF, 0xF7DF, 0xF7DF, 0xF7DF, 0xF7DF, 0xF7DF, 0xF7DF, 0xF7DF, 0xF7DF, 0xF7DF, 0xF7DF, 0xF7DF,
    0xF7DF, 0xF7DF, 0xF7DF, 0xF7DF, 0xF7DF, 0xEFBF, 0xFFFF, 0x4AEE, 0x0043, 0x10E5, 0x08C5, 0x08C5, 0x08C5, 0x08C5, 0x0883, 0x08C4,
    0x08C5, 0x0883, 0x0883, 0x08A4, 0x08A4, 0x08A4, 0x08C4, 0x0042, 0x2987, 0xF7DF, 0xF7DF, 0xF7DF, 0xF7DF, 0xF7DF, 0xF7DF, 0xF7DF,
    0xF7DF, 0xF7DF, 0xF7DF, 0xF7DF, 0xF7DF, 0xF7DF, 0xF7DF, 0xF7DF, 0xF7DF, 0xF7DF, 0xF7DF, 0xF7DF, 0xF7DF, 0xF7DF, 0xF7DF, 0xF7DF,
    0xF7DF, 0xF7DF, 0xF7DF, 0xF7DF, 0xF7DF, 0xF7DF, 0xF7DF, 0xF7DF, 0xF7DF, 0xF7DF, 0xF7DF, 0xF7DF, 0xF7DF, 0xF7DF, 0xF7DF, 0xF7DF,
    0xF7DF, 0xF7DF, 0xF7DF, 0xF7DF, 0xF7DF, 0xF7DF, 0xF7DF, 0xF7DF, 0xF7DF, 0xF7DF, 0xF7DF, 0xF7DF, 0xF7DF, 0xF7DF, 0xF7DF, 0xF7DF,
    0xF7DF, 0xF7DF, 0xF7DF, 0xF7DF, 0xF7DF, 0xF7DF, 0xF7DF, 0xF7DF, 0xF7DF, 0xF7DF, 0xF7DF, 0xF7DF, 0xF7DF, 0xF7DF, 0xF7DF, 0xF7DF,
    0xF7DF, 0xF7DF, 0xF7DF, 0xF7DF, 0xF7DF, 0xF7DF, 0xF7DF, 0xF7DF, 0xF7DF, 0xF7DF, 0xF7DF, 0xF7DF, 0xF7DF, 0xF7DF, 0xF7DF, 0xF7DF,
    0xF7DF, 0xF7DF, 0xF7DF, 0xF7DF, 0xF7DF, 0xF7DF, 0xF7DF, 0xF7DF, 0xF7DF, 0xF7DF, 0xF7DF, 0xF7DF, 0xF7DF, 0xF7DF, 0xF7DF, 0xF7DF,
    0xF7DF, 0xF7DF, 0xF7DF, 0xF7DF, 0xF7DF, 0xF7DF, 0xF7DF, 0xF7DF, 0xF7DF, 0xF7DF, 0xF7DF, 0xF7DF, 0xF7DF, 0xF7DF, 0xF7DF, 0xF7DF,
    0xF7DF, 0xF7DF, 0xF7DF, 0xF7DF, 0xF7DF, 0xF7DF, 0xF7DF, 0xF7DF, 0xF7DF, 0xF7DF, 0xF7DF, 0xF7DF, 0xF7DF, 0xF7DF, 0xF7DF, 0xF7DF,
    0xF7DF, 0xF7DF, 0xF7DF, 0xF7DF, 0xF7DF, 0xF7DF, 0xF7DF, 0xF7DF, 0xF7DF, 0xF7DF, 0xF7DF, 0xF7DF, 0xF7DF, 0xF7DF, 0xF7DF, 0xF7DF,
    0xF7DF, 0xF7DF, 0xF7DF, 0xF7DF, 0xF7DF, 0xF7DF, 0xF7DF, 0xF7DF, 0xF7DF, 0xF7DF, 0xF7DF, 0xF7DF, 0xF7DF, 0xF7DF, 0xF7DF, 0xF7DF,
    0xF7DF, 0xF7DF, 0xF7DF, 0xF7DF, 0xF7DF, 0xF7DF, 0xF7DF, 0xF7DF, 0xF7DF, 0xF7DF, 0xF7DF, 0xF7DF, 0xF7DF, 0xF7DF, 0xF7DF, 0xF7DF,
    0xF7DF, 0xF7DF, 0xF7DF, 0xF7DF, 0xF7DF, 0xF7DF, 0xF7DF, 0xF7DF, 0xF7DF, 0xF7DF, 0xF7DF, 0xF7DF, 0xF7DF, 0xF7DF, 0xF7DF, 0xF7DF,
    0xF7DF, 0xF7DF, 0xF7DF, 0xF7DF, 0xF7DF, 0xF7DF, 0xF7DF, 0xF7DF, 0xF7DF, 0xF7DF, 0xF7DF, 0xF7DF, 0xF7DF, 0xF7DF, 0xF7DF, 0xF7DF,
    0xF7DF, 0xF7DF, 0xF7DF, 0xF7DF, 0xEFDF, 0xEFBF, 0xFFFF, 0x4AEE, 0x0043, 0x10E5, 0x08C5, 0x08C5, 0x08C5, 0x08C5, 0x0883, 0x08C4,
    0x08C4, 0x0883, 0x0883, 0x08A4, 0x08A4, 0x08A4, 0x08C4, 0x0042, 0x2987, 0xF7DF, 0xF7DF, 0xF7DF, 0xF7DF, 0xF7DF, 0xF7DF, 0xF7DF,
    0xF7DF, 0xF7DF, 0xF7DF, 0xF7DF, 0xF7DF, 0xF7DF, 0xF7DF, 0xF7DF, 0xF7DF, 0xF7DF, 0xF7DF, 0xF7DF, 0xF7DF, 0xF7DF, 0xF7DF, 0xF7DF,
    0xF7DF, 0xF7DF, 0xF7DF, 0xF7DF, 0xF7DF, 0xF7DF, 0xF7DF, 0xF7DF, 0xF7DF, 0xF7DF, 0xF7DF, 0xF7DF, 0xF7DF, 0xF7DF, 0xF7DF, 0xF7DF,
    0xF7DF, 0xF7DF, 0xF7DF, 0xF7DF, 0xF7DF, 0xF7DF, 0xF7DF, 0xF7DF, 0xF7DF, 0xF7DF, 0xF7DF, 0xF7DF, 0xF7DF, 0xF7DF, 0xF7DF, 0xF7DF,
    0xF7DF, 0xF7DF, 0xF7DF, 0xF7DF, 0xF7DF, 0xF7DF, 0xF7DF, 0xF7DF, 0xF7DF, 0xF7DF, 0xF7DF, 0xF7DF, 0xF7DF, 0xF7DF, 0xF7DF, 0xF7DF,
    0xF7DF, 0xF7DF, 0xF7DF, 0xF7DF, 0xF7DF, 0xF7DF, 0xF7DF, 0xF7DF, 0xF7DF, 0xF7DF, 0xF7DF, 0xF7DF, 0xF7DF, 0xF7DF, 0xF7DF, 0xF7DF,
    0xF7DF, 0xF7DF, 0xF7DF, 0xF7DF, 0xF7DF, 0xF7DF, 0xF7DF, 0xF7DF, 0xF7DF, 0xF7DF, 0xF7DF, 0xF7DF, 0xF7DF, 0xF7DF, 0xF7DF, 0xF7DF,
    0xF7DF, 0xF7DF, 0xF7DF, 0xF7DF, 0xF7DF, 0xF7DF, 0xF7DF, 0xF7DF, 0xF7DF, 0xF7DF, 0xF7DF, 0xF7DF, 0xF7DF, 0xF7DF, 0xF7DF, 0xF7DF,
    0xF7DF, 0xF7DF, 0xF7DF, 0xF7DF, 0xF7DF, 0xF7DF, 0xF7DF, 0xF7DF, 0xF7DF, 0xF7DF, 0xF7DF, 0xF7DF, 0xF7DF, 0xF7DF, 0xF7DF, 0xF7DF,
    0xF7DF, 0xF7DF, 0xF7DF, 0xF7DF, 0xF7DF, 0xF7DF, 0xF7DF, 0xF7DF, 0xF7DF, 0xF7DF, 0xF7DF, 0xF7DF, 0xF7DF, 0xF7DF, 0xF7DF, 0xF7DF,
    0xF7DF, 0xF7DF, 0xF7DF, 0xF7DF, 0xF7DF, 0xF7DF, 0xF7DF, 0xF7DF, 0xF7DF, 0xF7DF, 0xF7DF, 0xF7DF, 0xF7DF, 0xF7DF, 0xF7DF, 0xF7DF,
    0xF7DF, 0xF7DF, 0xF7DF, 0xF7DF, 0xF7DF, 0xF7DF, 0xF7DF, 0xF7DF, 0xF7DF, 0xF7DF, 0xF7DF, 0xF7DF, 0xF7DF, 0xF7DF, 0xF7DF, 0xF7DF,
    0xF7DF, 0xF7DF, 0xF7DF, 0xF7DF, 0xF7DF, 0xF7DF, 0xF7DF, 0xF7DF, 0xF7DF, 0xF7DF, 0xF7DF, 0xF7DF, 0xF7DF, 0xF7DF, 0xF7DF, 0xF7DF,
    0xF7DF, 0xF7DF, 0xF7DF, 0xF7DF, 0xF7DF, 0xF7DF, 0xF7DF, 0xF7DF, 0xF7DF, 0xF7DF, 0xF7DF, 0xF7DF, 0xF7DF, 0xF7DF, 0xF7DF, 0xF7DF,
    0xF7DF, 0xF7DF, 0xF7DF, 0xF7DF, 0xF7DF, 0xEFBF, 0xFFFF, 0x4AEE, 0x0043, 0x10E5, 0x08C5, 0x08C5, 0x08C5, 0x08C5, 0x0883, 0x08A4,
    0x08C4, 0x0883, 0x0883, 0x08A4, 0x08A4, 0x08A4, 0x08C4, 0x0042, 0x2987, 0xF7DF, 0xF7DF, 0xF7DF, 0xF7DF, 0xF7DF, 0xF7DF, 0xF7DF,
    0xF7DF, 0xF7DF, 0xF7DF, 0xF7DF, 0xF7DF, 0xF7DF, 0xF7DF, 0xF7DF, 0xF7DF, 0xF7DF, 0xF7DF, 0xF7DF, 0xF7DF, 0xF7DF, 0xF7DF, 0xF7DF,
    0xF7DF, 0xF7DF, 0xF7DF, 0xF7DF, 0xF7DF, 0xF7DF, 0xF7DF, 0xF7DF, 0xF7DF, 0xF7DF, 0xF7DF, 0xF7DF, 0xF7DF, 0xF7DF, 0xF7DF, 0xF7DF,
    0xF7DF, 0xF7DF, 0xF7DF, 0xF7DF, 0xF7DF, 0xF7DF, 0xF7DF, 0xF7DF, 0xF7DF, 0xF7DF, 0xF7DF, 0xF7DF, 0xF7DF, 0xF7DF, 0xF7DF, 0xF7DF,
    0xF7DF, 0xF7DF, 0xF7DF, 0xF7DF, 0xF7DF, 0xF7DF, 0xF7DF, 0xF7DF, 0xF7DF, 0xF7DF, 0xF7DF, 0xF7DF, 0xF7DF, 0xF7DF, 0xF7DF, 0xF7DF,
    0xF7DF, 0xF7DF, 0xF7DF, 0xF7DF, 0xF7DF, 0xF7DF, 0xF7DF, 0xF7DF, 0xF7DF, 0xF7DF, 0xF7DF, 0xF7DF, 0xF7DF, 0xF7DF, 0xF7DF, 0xF7DF,
    0xF7DF, 0xF7DF, 0xF7DF, 0xF7DF, 0xF7DF, 0xF7DF, 0xF7DF, 0xF7DF, 0xF7DF, 0xF7DF, 0xF7DF, 0xF7DF, 0xF7DF, 0xF7DF, 0xF7DF, 0xF7DF,
    0xF7DF, 0xF7DF, 0xF7DF, 0xF7DF, 0xF7DF, 0xF7DF, 0xF7DF, 0xF7DF, 0xF7DF, 0xF7DF, 0xF7DF, 0xF7DF, 0xF7DF, 0xF7DF, 0xF7DF, 0xF7DF,
    0xF7DF, 0xF7DF, 0xF7DF, 0xF7DF, 0xF7DF, 0xF7DF, 0xF7DF, 0xF7DF, 0xF7DF, 0xF7DF, 0xF7DF, 0xF7DF, 0xF7DF, 0xF7DF, 0xF7DF, 0xF7DF,
    0xF7DF, 0xF7DF, 0xF7DF, 0xF7DF, 0xF7DF, 0xF7DF, 0xF7DF, 0xF7DF, 0xF7DF, 0xF7DF, 0xF7DF, 0xF7DF, 0xF7DF, 0xF7DF, 0xF7DF, 0xF7DF,
    0xF7DF, 0xF7DF, 0xF7DF, 0xF7DF, 0xF7DF, 0xF7DF, 0xF7DF, 0xF7DF, 0xF7DF, 0xF7DF, 0xF7DF, 0xF7DF, 0xF7DF, 0xF7DF, 0xF7DF, 0xF7DF,
    0xF7DF, 0xF7DF, 0xF7DF, 0xF7DF, 0xF7DF, 0xF7DF, 0xF7DF, 0xF7DF, 0xF7DF, 0xF7DF, 0xF7DF, 0xF7DF, 0xF7DF, 0xF7DF, 0xF7DF, 0xF7DF,
    0xF7DF, 0xF7DF, 0xF7DF, 0xF7DF, 0xF7DF, 0xF7DF, 0xF7DF, 0xF7DF, 0xF7DF, 0xF7DF, 0xF7DF, 0xF7DF, 0xF7DF, 0xF7DF, 0xF7DF, 0xF7DF,
    0xF7DF, 0xF7DF, 0xF7DF, 0xF7DF, 0xF7DF, 0xF7DF, 0xF7DF, 0xF7DF, 0xF7DF, 0xF7DF, 0xF7DF, 0xF7DF, 0xF7DF, 0xF7DF, 0xF7DF, 0xF7DF,
    0xF7DF, 0xF7DF, 0xF7DF, 0xF7DF, 0xF7DF, 0xEFBF, 0xFFFF, 0x4AEE, 0x0043, 0x10E5, 0x08C5, 0x08C5, 0x08C5, 0x08C5, 0x0883, 0x08A4,
    0x08C4, 0x0883, 0x0883, 0x08A4, 0x08A4, 0x08A4, 0x08C4, 0x0042, 0x2987, 0xF7DF, 0xF7DF, 0xF7DF, 0xF7DF, 0xF7DF, 0xF7DF, 0xF7DF,
    0xF7DF, 0xF7DF, 0xF7DF, 0xF7DF, 0xF7DF, 0xF7DF, 0xF7DF, 0xF7DF, 0xF7DF, 0xF7DF, 0xF7DF, 0xF7DF, 0xF7DF, 0xF7DF, 0xF7DF, 0xF7DF,
    0xF7DF, 0xF7DF, 0xF7DF, 0xF7DF, 0xF7DF, 0xF7DF, 0xF7DF, 0xF7DF, 0xF7DF, 0xF7DF, 0xF7DF, 0xF7DF, 0xF7DF, 0xF7DF, 0xF7DF, 0xF7DF,
    0xF7DF, 0xF7DF, 0xF7DF, 0xF7DF, 0xF7DF, 0xF7DF, 0xF7DF, 0xF7DF, 0xF7DF, 0xF7DF, 0xF7DF, 0xF7DF, 0xF7DF, 0xF7DF, 0xF7DF, 0xF7DF,
    0xF7DF, 0xF7DF, 0xF7DF, 0xF7DF, 0xF7DF, 0xF7DF, 0xF7DF, 0xF7DF, 0xF7DF, 0xF7DF, 0xF7DF, 0xF7DF, 0xF7DF, 0xF7DF, 0xF7DF, 0xF7DF,
    0xF7DF, 0xF7DF, 0xF7DF, 0xF7DF, 0xF7DF, 0xF7DF, 0xF7DF, 0xF7DF, 0xF7DF, 0xF7DF, 0xF7DF, 0xF7DF, 0xF7DF, 0xF7DF, 0xF7DF, 0xF7DF,
    0xF7DF, 0xF7DF, 0xF7DF, 0xF7DF, 0xF7DF, 0xF7DF, 0xF7DF, 0xF7DF, 0xF7DF, 0xF7DF, 0xF7DF, 0xF7DF, 0xF7DF, 0xF7DF, 0xF7DF, 0xF7DF,
    0xF7DF, 0xF7DF, 0xF7DF, 0xF7DF, 0xF7DF, 0xF7DF, 0xF7DF, 0xF7DF, 0xF7DF, 0xF7DF, 0xF7DF, 0xF7DF, 0xF7DF, 0xF7DF, 0xF7DF, 0xF7DF,
    0xF7DF, 0xF7DF, 0xF7DF, 0xF7DF, 0xF7DF, 0xF7DF, 0xF7DF, 0xF7DF, 0xF7DF, 0xF7DF, 0xF7DF, 0xF7DF, 0xF7DF, 0xF7DF, 0xF7DF, 0xF7DF,
    0xF7DF, 0xF7DF, 0xF7DF, 0xF7DF, 0xF7DF, 0xF7DF, 0xF7DF, 0xF7DF, 0xF7DF, 0xF7DF, 0xF7DF, 0xF7DF, 0xF7DF, 0xF7DF, 0xF7DF, 0xF7DF,
    0xF7DF, 0xF7DF, 0xF7DF, 0xF7DF, 0xF7DF, 0xF7DF, 0xF7DF, 0xF7DF, 0xF7DF, 0xF7DF, 0xF7DF, 0xF7DF, 0xF7DF, 0xF7DF, 0xF7DF, 0xF7DF,
    0xF7DF, 0xF7DF, 0xF7DF, 0xF7DF, 0xF7DF, 0xF7DF, 0xF7DF, 0xF7DF, 0xF7DF, 0xF7DF, 0xF7DF, 0xF7DF, 0xF7DF, 0xF7DF, 0xF7DF, 0xF7DF,
    0xF7DF, 0xF7DF, 0xF7DF, 0xF7DF, 0xF7DF, 0xF7DF, 0xF7DF, 0xF7DF, 0xF7DF, 0xF7DF, 0xF7DF, 0xF7DF, 0xF7DF, 0xF7DF, 0xF7DF, 0xF7DF,
    0xF7DF, 0xF7DF, 0xF7DF, 0xF7DF, 0xF7DF, 0xF7DF, 0xF7DF, 0xF7DF, 0xF7DF, 0xF7DF, 0xF7DF, 0xF7DF, 0xF7DF, 0xF7DF, 0xF7DF, 0xF7DF,
    0xF7DF, 0xF7DF, 0xF7DF, 0xF7DF, 0xEFDF, 0xEFBF, 0xFFFF, 0x4AEE, 0x0043, 0x1106, 0x08C5, 0x08C5, 0x08C5, 0x08C5, 0x0883, 0x08C4,
    0x08C4, 0x0883, 0x0883, 0x08A4, 0x08A4, 0x08A4, 0x08C4, 0x0042, 0x2987, 0xF7DF, 0xF7DF, 0xF7DF, 0xF7DF, 0xF7DF, 0xF7DF, 0xF7DF,
    0xF7DF, 0xF7DF, 0xF7DF, 0xF7DF, 0xF7DF, 0xF7DF, 0xF7DF, 0xF7DF, 0xF7DF, 0xF7DF, 0xF7DF, 0xF7DF, 0xF7DF, 0xF7DF, 0xF7DF, 0xF7DF,
    0xF7DF, 0xF7DF, 0xF7DF, 0xF7DF, 0xF7DF, 0xF7DF, 0xF7DF, 0xF7DF, 0xF7DF, 0xF7DF, 0xF7DF, 0xF7DF, 0xF7DF, 0xF7DF, 0xF7DF, 0xF7DF,
    0xF7DF, 0xF7DF, 0xF7DF, 0xF7DF, 0xF7DF, 0xF7DF, 0xF7DF, 0xF7DF, 0xF7DF, 0xF7DF, 0xF7DF, 0xF7DF, 0xF7DF, 0xF7DF, 0xF7DF, 0xF7DF,
    0xF7DF, 0xF7DF, 0xF7DF, 0xF7DF, 0xF7DF, 0xF7DF, 0xF7DF, 0xF7DF, 0xF7DF, 0xF7DF, 0xF7DF, 0xF7DF, 0xF7DF, 0xF7DF, 0xF7DF, 0xF7DF,
    0xF7DF, 0xF7DF, 0xF7DF, 0xF7DF, 0xF7DF, 0xF7DF, 0xF7DF, 0xF7DF, 0xF7DF, 0xF7DF, 0xF7DF, 0xF7DF, 0xF7DF, 0xF7DF, 0xF7DF, 0xF7DF,
    0xF7DF, 0xF7DF, 0xF7DF, 0xF7DF, 0xF7DF, 0xF7DF, 0xF7DF, 0xF7DF, 0xF7DF, 0xF7DF, 0xF7DF, 0xF7DF, 0xF7DF, 0xF7DF, 0xF7DF, 0xF7DF,
    0xF7DF, 0xF7DF, 0xF7DF, 0xF7DF, 0xF7DF, 0xF7DF, 0xF7DF, 0xF7DF, 0xF7DF, 0xF7DF, 0xF7DF, 0xF7DF, 0xF7DF, 0xF7DF, 0xF7DF, 0xF7DF,
    0xF7DF, 0xF7DF, 0xF7DF, 0xF7DF, 0xF7DF, 0xF7DF, 0xF7DF, 0xF7DF, 0xF7DF, 0xF7DF, 0xF7DF, 0xF7DF, 0xF7DF, 0xF7DF, 0xF7DF, 0xF7DF,
    0xF7DF, 0xF7DF, 0xF7DF, 0xF7DF, 0xF7DF, 0xF7DF, 0xF7DF, 0xF7DF, 0xF7DF, 0xF7DF, 0xF7DF, 0xF7DF, 0xF7DF, 0xF7DF, 0xF7DF, 0xF7DF,
    0xF7DF, 0xF7DF, 0xF7DF, 0xF7DF, 0xF7DF, 0xF7DF, 0xF7DF, 0xF7DF, 0xF7DF, 0xF7DF, 0xF7DF, 0xF7DF, 0xF7DF, 0xF7DF, 0xF7DF, 0xF7DF,
    0xF7DF, 0xF7DF, 0xF7DF, 0xF7DF, 0xF7DF, 0xF7DF, 0xF7DF, 0xF7DF, 0xF7DF, 0xF7DF, 0xF7DF, 0xF7DF, 0xF7DF, 0xF7DF, 0xF7DF, 0xF7DF,
    0xF7DF, 0xF7DF, 0xF7DF, 0xF7DF, 0xF7DF, 0xF7DF, 0xF7DF, 0xF7DF, 0xF7DF, 0xF7DF, 0xF7DF, 0xF7DF, 0xF7DF, 0xF7DF, 0xF7DF, 0xF7DF,
    0xF7DF, 0xF7DF, 0xF7DF, 0xF7DF, 0xF7DF, 0xF7DF, 0xF7DF, 0xF7DF, 0xF7DF, 0xF7DF, 0xF7DF, 0xF7DF, 0xF7DF, 0xF7DF, 0xF7DF, 0xF7DF,
    0xF7DF, 0xF7DF, 0xF7DF, 0xF7DF, 0xF7DF, 0xEFBF, 0xFFFF, 0x4AEE, 0x0043, 0x10E6, 0x08C5, 0x08C5, 0x08C5, 0x10C5, 0x0883, 0x08C4,
    0x08C4, 0x0883, 0x0883, 0x08A4, 0x08A4, 0x08A4, 0x08C4, 0x0042, 0x2987, 0xF7DF, 0xF7DF, 0xF7DF, 0xF7DF, 0xF7DF, 0xF7DF, 0xF7DF,
    0xF7DF, 0xF7DF, 0xF7DF, 0xF7DF, 0xF7DF, 0xF7DF, 0xF7DF, 0xF7DF, 0xF7DF, 0xF7DF, 0xF7DF, 0xF7DF, 0xF7DF, 0xF7DF, 0xF7DF, 0xF7DF,
    0xF7DF, 0xF7DF, 0xF7DF, 0xF7DF, 0xF7DF, 0xF7DF, 0xF7DF, 0xF7DF, 0xF7DF, 0xF7DF, 0xF7DF, 0xF7DF, 0xF7DF, 0xF7DF, 0xF7DF, 0xF7DF,
    0xF7DF, 0xF7DF, 0xF7DF, 0xF7DF, 0xF7DF, 0xF7DF, 0xF7DF, 0xF7DF, 0xF7DF, 0xF7DF, 0xF7DF, 0xF7DF, 0xF7DF, 0xF7DF, 0xF7DF, 0xF7DF,
    0xF7DF, 0xF7DF, 0xF7DF, 0xF7DF, 0xF7DF, 0xF7DF, 0xF7DF, 0xF7DF, 0xF7DF, 0xF7DF, 0xF7DF, 0xF7DF, 0xF7DF, 0xF7DF, 0xF7DF, 0xF7DF,
    0xF7DF, 0xF7DF, 0xF7DF, 0xF7DF, 0xF7DF, 0xF7DF, 0xF7DF, 0xF7DF, 0xF7DF, 0xF7DF, 0xF7DF, 0xF7DF, 0xF7DF, 0xF7DF, 0xF7DF, 0xF7DF,
    0xF7DF, 0xF7DF, 0xF7DF, 0xF7DF, 0xF7DF, 0xF7DF, 0xF7DF, 0xF7DF, 0xF7DF, 0xF7DF, 0xF7DF, 0xF7DF, 0xF7DF, 0xF7DF, 0xF7DF, 0xF7DF,
    0xF7DF, 0xF7DF, 0xF7DF, 0xF7DF, 0xF7DF, 0xF7DF, 0xF7DF, 0xF7DF, 0xF7DF, 0xF7DF, 0xF7DF, 0xF7DF, 0xF7DF, 0xF7DF, 0xF7DF, 0xF7DF,
    0xF7DF, 0xF7DF, 0xF7DF, 0xF7DF, 0xF7DF, 0xF7DF, 0xF7DF, 0xF7DF, 0xF7DF, 0xF7DF, 0xF7DF, 0xF7DF, 0xF7DF, 0xF7DF, 0xF7DF, 0xF7DF,
    0xF7DF, 0xF7DF, 0xF7DF, 0xF7DF, 0xF7DF, 0xF7DF, 0xF7DF, 0xF7DF, 0xF7DF, 0xF7DF, 0xF7DF, 0xF7DF, 0xF7DF, 0xF7DF, 0xF7DF, 0xF7DF,
    0xF7DF, 0xF7DF, 0xF7DF, 0xF7DF, 0xF7DF, 0xF7DF, 0xF7DF, 0xF7DF, 0xF7DF, 0xF7DF, 0xF7DF, 0xF7DF, 0xF7DF, 0xF7DF, 0xF7DF, 0xF7DF,
    0xF7DF, 0xF7DF, 0xF7DF, 0xF7DF, 0xF7DF, 0xF7DF, 0xF7DF, 0xF7DF, 0xF7DF, 0xF7DF, 0xF7DF, 0xF7DF, 0xF7DF, 0xF7DF, 0xF7DF, 0xF7DF,
    0xF7DF, 0xF7DF, 0xF7DF, 0xF7DF, 0xF7DF, 0xF7DF, 0xF7DF, 0xF7DF, 0xF7DF, 0xF7DF, 0xF7DF, 0xF7DF, 0xF7DF, 0xF7DF, 0xF7DF, 0xF7DF,
    0xF7DF, 0xF7DF, 0xF7DF, 0xF7DF, 0xF7DF, 0xF7DF, 0xF7DF, 0xF7DF, 0xF7DF, 0xF7DF, 0xF7DF, 0xF7DF, 0xF7DF, 0xF7DF, 0xF7DF, 0xF7DF,
    0xF7DF, 0xF7DF, 0xF7DF, 0xF7DF, 0xF7DF, 0xEFBF, 0xFFFF, 0x4AEE, 0x0043, 0x10E5, 0x08C5, 0x08C5, 0x08C5, 0x10E5, 0x0883, 0x08C4,
    0x08C4, 0x0883, 0x0883, 0x08A4, 0x08A4, 0x08A4, 0x08C4, 0x0042, 0x2987, 0xF7DF, 0xF7DF, 0xF7DF, 0xF7DF, 0xF7DF, 0xF7DF, 0xF7DF,
    0xF7DF, 0xF7DF, 0xF7DF, 0xF7DF, 0xF7DF, 0xF7DF, 0xF7DF, 0xF7DF, 0xF7DF, 0xF7DF, 0xF7DF, 0xF7DF, 0xF7DF, 0xF7DF, 0xF7DF, 0xF7DF,
    0xF7DF, 0xF7DF, 0xF7DF, 0xF7DF, 0xF7DF, 0xF7DF, 0xF7DF, 0xF7DF, 0xF7DF, 0xF7DF, 0xF7DF, 0xF7DF, 0xF7DF, 0xF7DF, 0xF7DF, 0xF7DF,
    0xF7DF, 0xF7DF, 0xF7DF, 0xF7DF, 0xF7DF, 0xF7DF, 0xF7DF, 0xF7DF, 0xF7DF, 0xF7DF, 0xF7DF, 0xF7DF, 0xF7DF, 0xF7DF, 0xF7DF, 0xF7DF,
    0xF7DF, 0xF7DF, 0xF7DF, 0xF7DF, 0xF7DF, 0xF7DF, 0xF7DF, 0xF7DF, 0xF7DF, 0xF7DF, 0xF7DF, 0xF7DF, 0xF7DF, 0xF7DF, 0xF7DF, 0xF7DF,
    0xF7DF, 0xF7DF, 0xF7DF, 0xF7DF, 0xF7DF, 0xF7DF, 0xF7DF, 0xF7DF, 0xF7DF, 0xF7DF, 0xF7DF, 0xF7DF, 0xF7DF, 0xF7DF, 0xF7DF, 0xF7DF,
    0xF7DF, 0xF7DF, 0xEFDF, 0xF7DF, 0xF7DF, 0xF7DF, 0xF7DF, 0xF7DF, 0xF7DF, 0xF7DF, 0xF7DF, 0xEFDF, 0xF7DF, 0xEFDF, 0xEFDF, 0xEFDF,
    0xEFDF, 0xEFDF, 0xEFDF, 0xEFDF, 0xEFDF, 0xEFDF, 0xEFDF, 0xEFDF, 0xEFDF, 0xEFDF, 0xEFDF, 0xEFDF, 0xEFDF, 0xEFDF, 0xEFDF, 0xEFDF,
    0xEFDF, 0xEFDF, 0xEFDF, 0xEFDF, 0xEFDF, 0xEFDF, 0xEFDF, 0xEFDF, 0xEFDF, 0xEFDF, 0xEFDF, 0xEFDF, 0xEFDF, 0xEFDF, 0xEFDF, 0xEFDF,
    0xEFDF, 0xEFDF, 0xF7DF, 0xEFDF, 0xF7DF, 0xF7DF, 0xF7DF, 0xF7DF, 0xF7DF, 0xF7DF, 0xF7DF, 0xF7DF, 0xF7DF, 0xF7DF, 0xF7DF, 0xF7DF,
    0xF7DF, 0xF7DF, 0xF7DF, 0xF7DF, 0xF7DF, 0xF7DF, 0xF7DF, 0xF7DF, 0xF7DF, 0xF7DF, 0xF7DF, 0xF7DF, 0xF7DF, 0xF7DF, 0xF7DF, 0xF7DF,
    0xF7DF, 0xF7DF, 0xF7DF, 0xF7DF, 0xF7DF, 0xF7DF, 0xF7DF, 0xF7DF, 0xF7DF, 0xF7DF, 0xF7DF, 0xF7DF, 0xF7DF, 0xF7DF, 0xF7DF, 0xF7DF,
    0xF7DF, 0xF7DF, 0xF7DF, 0xF7DF, 0xF7DF, 0xF7DF, 0xF7DF, 0xF7DF, 0xF7DF, 0xF7DF, 0xF7DF, 0xF7DF, 0xF7DF, 0xF7DF, 0xF7DF, 0xF7DF,
    0xF7DF, 0xF7DF, 0xF7DF, 0xF7DF, 0xF7DF, 0xF7DF, 0xF7DF, 0xF7DF, 0xF7DF, 0xF7DF, 0xF7DF, 0xF7DF, 0xF7DF, 0xF7DF, 0xF7DF, 0xF7DF,
    0xF7DF, 0xF7DF, 0xF7DF, 0xF7DF, 0xF7DF, 0xEFBF, 0xFFFF, 0x4AEE, 0x0043, 0x10E5, 0x08C5, 0x08C5, 0x08C5, 0x10E5, 0x0883, 0x08A4,
    0x08C4, 0x0883, 0x0883, 0x08A4, 0x08A4, 0x08A4, 0x08C4, 0x0042, 0x2987, 0xF7DF, 0xF7DF, 0xF7DF, 0xF7DF, 0xF7DF, 0xF7DF, 0xF7DF,
    0xF7DF, 0xF7DF, 0xF7DF, 0xF7DF, 0xF7DF, 0xF7DF, 0xF7DF, 0xF7DF, 0xF7DF, 0xF7DF, 0xF7DF, 0xF7DF, 0xF7DF, 0xF7DF, 0xF7DF, 0xF7DF,
    0xF7DF, 0xF7DF, 0xF7DF, 0xF7DF, 0xF7DF, 0xF7DF, 0xF7DF, 0xF7DF, 0xF7DF, 0xF7DF, 0xF7DF, 0xF7DF, 0xF7DF, 0xF7DF, 0xF7DF, 0xF7DF,
    0xF7DF, 0xF7DF, 0xF7DF, 0xF7DF, 0xF7DF, 0xF7DF, 0xF7DF, 0xF7DF, 0xF7DF, 0xF7DF, 0xF7DF, 0xF7DF, 0xF7DF, 0xF7DF, 0xF7DF, 0xF7DF,
    0xF7DF, 0xF7DF, 0xF7DF, 0xF7DF, 0xF7DF, 0xF7DF, 0xF7DF, 0xF7DF, 0xF7DF, 0xF7DF, 0xF7DF, 0xF7DF, 0xF7DF, 0xF7DF, 0xF7DF, 0xEFDF,
    0xEFDF, 0xEFDF, 0xEFDF, 0xEFDF, 0xF7DF, 0xF7DF, 0xF7DF, 0xF7DF, 0xF7DF, 0xF7DF, 0xF7DF, 0xF7DF, 0xF7DF, 0xF7DF, 0xF7DF, 0xF7DF,
    0xF7DF, 0xF7DF, 0xF7DF, 0xF7DF, 0xF7DF, 0xF7DF, 0xF7DF, 0xF7DF, 0xF7DF, 0xF7DF, 0xF7DF, 0xF7DF, 0xF7DF, 0xF7DF, 0xF7DF, 0xF7DF,
    0xF7DF, 0xF7DF, 0xF7DF, 0xF7DF, 0xF7DF, 0xF7DF, 0xF7DF, 0xF7DF, 0xF7DF, 0xF7DF, 0xF7DF, 0xF7DF, 0xF7DF, 0xF7DF, 0xF7DF, 0xF7DF,
    0xF7DF, 0xF7DF, 0xF7DF, 0xF7DF, 0xF7DF, 0xF7DF, 0xF7DF, 0xF7DF, 0xF7DF, 0xF7DF, 0xF7DF, 0xF7DF, 0xF7DF, 0xF7DF, 0xF7DF, 0xF7DF,
    0xF7DF, 0xF7DF, 0xF7DF, 0xF7DF, 0xF7DF, 0xF7DF, 0xF7DF, 0xF7DF, 0xF7DF, 0xF7DF, 0xF7DF, 0xF7DF, 0xF7DF, 0xEFDF, 0xF7DF, 0xF7DF,
    0xF7DF, 0xF7DF, 0xF7DF, 0xF7DF, 0xF7DF, 0xF7DF, 0xF7DF, 0xF7DF, 0xF7DF, 0xF7DF, 0xF7DF, 0xF7DF, 0xF7DF, 0xF7DF, 0xF7DF, 0xF7DF,
    0xF7DF, 0xF7DF, 0xF7DF, 0xF7DF, 0xF7DF, 0xF7DF, 0xF7DF, 0xF7DF, 0xF7DF, 0xF7DF, 0xF7DF, 0xF7DF, 0xF7DF, 0xF7DF, 0xF7DF, 0xF7DF,
    0xF7DF, 0xF7DF, 0xF7DF, 0xF7DF, 0xF7DF, 0xF7DF, 0xF7DF, 0xF7DF, 0xF7DF, 0xF7DF, 0xF7DF, 0xF7DF, 0xF7DF, 0xF7DF, 0xF7DF, 0xF7DF,
    0xF7DF, 0xF7DF, 0xF7DF, 0xF7DF, 0xF7DF, 0xF7DF, 0xF7DF, 0xF7DF, 0xF7DF, 0xF7DF, 0xF7DF, 0xF7DF, 0xF7DF, 0xF7DF, 0xF7DF, 0xF7DF,
    0xF7DF, 0xF7DF, 0xF7DF, 0xF7DF, 0xF7DF, 0xEFBF, 0xFFFF, 0x4ACD, 0x0043, 0x10E5, 0x08C5, 0x08C5, 0x08C5, 0x10C5, 0x0883, 0x08A4,
    0x08C4, 0x0883, 0x0883, 0x08A4, 0x08A4, 0x08A4, 0x08C4, 0x0042, 0x2987, 0xF7DF, 0xF7DF, 0xF7DF, 0xF7DF, 0xF7DF, 0xF7DF, 0xF7DF,
    0xF7DF, 0xF7DF, 0xF7DF, 0xF7DF, 0xF7DF, 0xF7DF, 0xF7DF, 0xF7DF, 0xF7DF, 0xF7DF, 0xF7DF, 0xF7DF, 0xF7DF, 0xF7DF, 0xF7DF, 0xF7DF,
    0xF7DF, 0xF7DF, 0xF7DF, 0xF7DF, 0xF7DF, 0xF7DF, 0xF7DF, 0xF7DF, 0xF7DF, 0xF7DF, 0xF7DF, 0xF7DF, 0xF7DF, 0xF7DF, 0xF7DF, 0xF7DF,
    0xF7DF, 0xF7DF, 0xF7DF, 0xF7DF, 0xF7DF, 0xF7DF, 0xF7DF, 0xF7DF, 0xF7DF, 0xF7DF, 0xF7DF, 0xF7DF, 0xF7DF, 0xF7DF, 0xF7DF, 0xF7DF,
    0xF7DF, 0xF7DF, 0xF7DF, 0xF7DF, 0xF7DF, 0xF7DF, 0xF7DF, 0xF7DF, 0xF7DF, 0xF7DF, 0xF7DF, 0xEFDF, 0xEFDF, 0xEFDF, 0xF7DF, 0xF7DF,
    0xF7DF, 0xF7DF, 0xF7DF, 0xF7DF, 0xF7DF, 0xEFDF, 0xEFBF, 0xE7BF, 0xE7BF, 0xE7BF, 0xE7BF, 0xE7BF, 0xE79F, 0xE79F, 0xE79F, 0xE79F,
    0xDF9F, 0xDF9F, 0xDF9F, 0xDF9F, 0xDF9F, 0xDF9F, 0xDF9F, 0xDF9F, 0xDF9F, 0xDF9F, 0xDF9F, 0xDF9F, 0xDF9F, 0xD77F, 0xD77F, 0xD77F,
    0xD77F, 0xD79F, 0xDF9F, 0xDF9F, 0xD79F, 0xD79F, 0xD79F, 0xD77F, 0xD79F, 0xD79F, 0xD79F, 0xD77F, 0xD79F, 0xD77F, 0xD79F, 0xD79F,
    0xD77F, 0xD77F, 0xD77F, 0xD79F, 0xDF9F, 0xDF9F, 0xDF9F, 0xDF7F, 0xDF9F, 0xDF7F, 0xDF7F, 0xDF9F, 0xDF7F, 0xDF9F, 0xDF9F, 0xDF9F,
    0xDF9F, 0xDF9F, 0xDF9F, 0xE79F, 0xE79F, 0xE79F, 0xE7BF, 0xE7BF, 0xE7BF, 0xEFBF, 0xEFBF, 0xEFDF, 0xF7DF, 0xF7DF, 0xF7DF, 0xF7DF,
    0xF7DF, 0xF7DF, 0xEFDF, 0xEFDF, 0xEFDF, 0xF7DF, 0xF7DF, 0xF7DF, 0xF7DF, 0xF7DF, 0xF7DF, 0xF7DF, 0xF7DF, 0xF7DF, 0xF7DF, 0xF7DF,
    0xF7DF, 0xF7DF, 0xF7DF, 0xF7DF, 0xF7DF, 0xF7DF, 0xF7DF, 0xF7DF, 0xF7DF, 0xF7DF, 0xF7DF, 0xF7DF, 0xF7DF, 0xF7DF, 0xF7DF, 0xF7DF,
    0xF7DF, 0xF7DF, 0xF7DF, 0xF7DF, 0xF7DF, 0xF7DF, 0xF7DF, 0xF7DF, 0xF7DF, 0xF7DF, 0xF7DF, 0xF7DF, 0xF7DF, 0xF7DF, 0xF7DF, 0xF7DF,
    0xF7DF, 0xF7DF, 0xF7DF, 0xF7DF, 0xF7DF, 0xF7DF, 0xF7DF, 0xF7DF, 0xF7DF, 0xF7DF, 0xF7DF, 0xF7DF, 0xF7DF, 0xF7DF, 0xF7DF, 0xF7DF,
    0xF7DF, 0xF7DF, 0xF7DF, 0xF7DF, 0xF7DF, 0xEFBF, 0xFFFF, 0x4ACD, 0x0023, 0x10E5, 0x08C5, 0x08C5, 0x10C5, 0x10E5, 0x0883, 0x08A4,
    0x08C4, 0x0883, 0x0883, 0x08A4, 0x08A4, 0x08A4, 0x08C4, 0x0042, 0x2987, 0xF7DF, 0xF7DF, 0xF7DF, 0xF7DF, 0xF7DF, 0xF7DF, 0xF7DF,
    0xF7DF, 0xF7DF, 0xF7DF, 0xF7DF, 0xF7DF, 0xF7DF, 0xF7DF, 0xF7DF, 0xF7DF, 0xF7DF, 0xF7DF, 0xF7DF, 0xF7DF, 0xF7DF, 0xF7DF, 0xF7DF,
    0xF7DF, 0xF7DF, 0xF7DF, 0xF7DF, 0xF7DF, 0xF7DF, 0xF7DF, 0xF7DF, 0xF7DF, 0xF7DF, 0xF7DF, 0xF7DF, 0xF7DF, 0xF7DF, 0xF7DF, 0xF7DF,
    0xF7DF, 0xF7DF, 0xF7DF, 0xF7DF, 0xF7DF, 0xF7DF, 0xF7DF, 0xF7DF, 0xF7DF, 0xF7DF, 0xF7DF, 0xF7DF, 0xF7DF, 0xF7DF, 0xF7DF, 0xF7DF,
    0xF7DF, 0xF7DF, 0xF7DF, 0xF7DF, 0xF7DF, 0xF7DF, 0xF7DF, 0xF7DF, 0xEFDF, 0xEFBF, 0xEFDF, 0xF7DF, 0xF7DF, 0xF7DF, 0xF7DF, 0xE7BF,
    0xDF9F, 0xCF7F, 0xCF5F, 0xC73F, 0xBF3F, 0xB71F, 0xB71F, 0xAF1F, 0xAF1F, 0xAF1F, 0xAEFF, 0xAF1F, 0xAF1F, 0xAF1F, 0xAF1F, 0xAF1F,
    0xAF1F, 0xAEFF, 0xAEFF, 0xAEFF, 0xAEFF, 0xAEFF, 0xAEFF, 0xAEFF, 0xAEFF, 0xAEFF, 0xAEFF, 0xAF1F, 0xAEFF, 0xAEFF, 0xA6FF, 0xA6FF,
    0xA6FF, 0xAEFF, 0xAEFF, 0xAEFF, 0xAEFF, 0xA6FF, 0xA6FF, 0xA6FF, 0xA6FF, 0xA6FF, 0xA6FF, 0xA6FF, 0xA6FF, 0xA6FF, 0xA6FF, 0xA6FF,
    0xA6FF, 0xA6FF, 0xA6FF, 0xAEFF, 0xA6FF, 0xA6FF, 0xA6FF, 0xA6FF, 0xA6FF, 0xA6FF, 0xA6FF, 0xA6FF, 0xA6FF, 0xA6FF, 0xA6FF, 0xAEFF,
    0xAEFF, 0xAEFF, 0xAEFF, 0xAEFF, 0xAEFF, 0xAEFF, 0xAEFF, 0xAEFF, 0xAEFF, 0xAEFF, 0xB6FF, 0xB71F, 0xBF1F, 0xC73F, 0xCF5F, 0xD77F,
    0xE79F, 0xEFBF, 0xF7DF, 0xF7DF, 0xF7DF, 0xF7DF, 0xEFBF, 0xF7DF, 0xF7DF, 0xF7DF, 0xF7DF, 0xF7DF, 0xF7DF, 0xF7DF, 0xF7DF, 0xF7DF,
    0xF7DF, 0xF7DF, 0xF7DF, 0xF7DF, 0xF7DF, 0xF7DF, 0xF7DF, 0xF7DF, 0xF7DF, 0xF7DF, 0xF7DF, 0xF7DF, 0xF7DF, 0xF7DF, 0xF7DF, 0xF7DF,
    0xF7DF, 0xF7DF, 0xF7DF, 0xF7DF, 0xF7DF, 0xF7DF, 0xF7DF, 0xF7DF, 0xF7DF, 0xF7DF, 0xF7DF, 0xF7DF, 0xF7DF, 0xF7DF, 0xF7DF, 0xF7DF,
    0xF7DF, 0xF7DF, 0xF7DF, 0xF7DF, 0xF7DF, 0xF7DF, 0xF7DF, 0xF7DF, 0xF7DF, 0xF7DF, 0xF7DF, 0xF7DF, 0xF7DF, 0xF7DF, 0xF7DF, 0xF7DF,
    0xF7DF, 0xF7DF, 0xF7DF, 0xF7DF, 0xF7DF, 0xEFBF, 0xFFFF, 0x4ACD, 0x0043, 0x10E5, 0x08C5, 0x08C5, 0x08C5, 0x10E5, 0x0883, 0x08A4,
    0x08C5, 0x0883, 0x0883, 0x08A4, 0x08A4, 0x08A4, 0x08C4, 0x0042, 0x2967, 0xF7DF, 0xF7DF, 0xF7DF, 0xF7DF, 0xF7DF, 0xF7DF, 0xF7DF,
    0xF7DF, 0xF7DF, 0xF7DF, 0xF7DF, 0xF7DF, 0xF7DF, 0xF7DF, 0xF7DF, 0xF7DF, 0xF7DF, 0xF7DF, 0xF7DF, 0xF7DF, 0xF7DF, 0xF7DF, 0xF7DF,
    0xF7DF, 0xF7DF, 0xF7DF, 0xF7DF, 0xF7DF, 0xF7DF, 0xF7DF, 0xF7DF, 0xF7DF, 0xF7DF, 0xF7DF, 0xF7DF, 0xF7DF, 0xF7DF, 0xF7DF, 0xF7DF,
    0xF7DF, 0xF7DF, 0xF7DF, 0xF7DF, 0xF7DF, 0xF7DF, 0xF7DF, 0xF7DF, 0xF7DF, 0xF7DF, 0xF7DF, 0xF7DF, 0xF7DF, 0xF7DF, 0xF7DF, 0xF7DF,
    0xF7DF, 0xF7DF, 0xF7DF, 0xF7DF, 0xF7DF, 0xF7DF, 0xEFDF, 0xEFDF, 0xEFDF, 0xF7DF, 0xF7DF, 0xEFBF, 0xDF7F, 0xC73F, 0xB71F, 0xAEFF,
    0xAEFF, 0xAEFF, 0xAEFF, 0xB6FF, 0xB6FF, 0xB6FF, 0xB6FF, 0xB71F, 0xB71F, 0xB71F, 0xB71F, 0xB71F, 0xB71F, 0xB71F, 0xB71F, 0xB71F,
    0xB71F, 0xB71F, 0xB71F, 0xB71F, 0xB71F, 0xB71F, 0xB71F, 0xB71F, 0xB71F, 0xB71F, 0xB71F, 0xB71F, 0xB71F, 0xB71F, 0xB71F, 0xB71F,
    0xB71F, 0xB71F, 0xB71F, 0xAF1F, 0xAF1F, 0xAF1F, 0xAF1F, 0xAF1F, 0xAF1F, 0xAF1F, 0xAF1F, 0xAF1F, 0xAF1F, 0xAF1F, 0xAF1F, 0xAF1F,
    0xAF1F, 0xAF1F, 0xAF1F, 0xAF1F, 0xAF1F, 0xAEFF, 0xAEFF, 0xAEFF, 0xAEFF, 0xAEFF, 0xAEFF, 0xAEFF, 0xAEFF, 0xAEFF, 0xB6FF, 0xB6FF,
    0xB6FF, 0xB6FF, 0xB71F, 0xB71F, 0xB71F, 0xB71F, 0xB71F, 0xB71F, 0xB71F, 0xB71F, 0xB71F, 0xB6FF, 0xB6FF, 0xB6FF, 0xAEFF, 0xAEFF,
    0xAEFF, 0xB6FF, 0xBF1F, 0xCF5F, 0xE79F, 0xF7DF, 0xF7DF, 0xF7DF, 0xF7DF, 0xF7DF, 0xF7DF, 0xF7DF, 0xF7DF, 0xF7DF, 0xF7DF, 0xF7DF,
    0xF7DF, 0xF7DF, 0xF7DF, 0xF7DF, 0xF7DF, 0xF7DF, 0xF7DF, 0xF7DF, 0xF7DF, 0xF7DF, 0xF7DF, 0xF7DF, 0xF7DF, 0xF7DF, 0xF7DF, 0xF7DF,
    0xF7DF, 0xF7DF, 0xF7DF, 0xF7DF, 0xF7DF, 0xF7DF, 0xF7DF, 0xF7DF, 0xF7DF, 0xF7DF, 0xF7DF, 0xF7DF, 0xF7DF, 0xF7DF, 0xF7DF, 0xF7DF,
    0xF7DF, 0xF7DF, 0xF7DF, 0xF7DF, 0xF7DF, 0xF7DF, 0xF7DF, 0xF7DF, 0xF7DF, 0xF7DF, 0xF7DF, 0xF7DF, 0xF7DF, 0xF7DF, 0xF7DF, 0xF7DF,
    0xF7DF, 0xF7DF, 0xF7DF, 0xF7DF, 0xF7DF, 0xEFBF, 0xFFFF, 0x4ACD, 0x0043, 0x10E5, 0x08C5, 0x08C5, 0x08C5, 0x10E5, 0x0883, 0x08A4,
    0x08C4, 0x0883, 0x0883, 0x08A4, 0x08A4, 0x08A4, 0x08C4, 0x0042, 0x2967, 0xF7DF, 0xF7DF, 0xF7DF, 0xF7DF, 0xF7DF, 0xF7DF, 0xF7DF,
    0xF7DF, 0xF7DF, 0xF7DF, 0xF7DF, 0xF7DF, 0xF7DF, 0xF7DF, 0xF7DF, 0xF7DF, 0xF7DF, 0xF7DF, 0xF7DF, 0xF7DF, 0xF7DF, 0xF7DF, 0xF7DF,
    0xF7DF, 0xF7DF, 0xF7DF, 0xF7DF, 0xF7DF, 0xF7DF, 0xF7DF, 0xF7DF, 0xF7DF, 0xF7DF, 0xF7DF, 0xF7DF, 0xF7DF, 0xF7DF, 0xF7DF, 0xF7DF,
    0xF7DF, 0xF7DF, 0xF7DF, 0xF7DF, 0xF7DF, 0xF7DF, 0xF7DF, 0xF7DF, 0xF7DF, 0xF7DF, 0xF7DF, 0xF7DF, 0xF7DF, 0xF7DF, 0xF7DF, 0xF7DF,
    0xF7DF, 0xF7DF, 0xF7DF, 0xF7DF, 0xEFDF, 0xEFBF, 0xF7DF, 0xF7DF, 0xEFBF, 0xD77F, 0xBF1F, 0xAEFF, 0xAEFF, 0xAEFF, 0xAEFF, 0xB6FF,
    0xB6FF, 0xB71F, 0xBF3F, 0xC75F, 0xC77F, 0xC77F, 0xC77F, 0xC79F, 0xC79F, 0xCF9F, 0xC79F, 0xC79F, 0xC79F, 0xC79F, 0xBF9F, 0xBF9F,
    0xBF7F, 0xBF7F, 0xBF7F, 0xBF7F, 0xBF7F, 0xB75F, 0xBF7F, 0xBF7F, 0xBF7F, 0xBF7F, 0xBF7F, 0xBF5F, 0xBF5F, 0xBF5F, 0xB75F, 0xB75F,
    0xB75F, 0xB75F, 0xB75F, 0xB73F, 0xB73F, 0xB73F, 0xB73F, 0xB73F, 0xAF3F, 0xAF3F, 0xAF3F, 0xAF3F, 0xAF3F, 0xAF3F, 0xAF3F, 0xAF3F,
    0xB73F, 0xB73F, 0xB75F, 0xB75F, 0xB75F, 0xB75F, 0xB75F, 0xB73F, 0xB75F, 0xB75F, 0xB75F, 0xB75F, 0xB75F, 0xB75F, 0xB77F, 0xBF7F,
    0xBF7F, 0xBF7F, 0xBF7F, 0xC77F, 0xC79F, 0xC79F, 0xC79F, 0xCF9F, 0xCF9F, 0xCF9F, 0xCF9F, 0xCF9F, 0xCF7F, 0xC75F, 0xBF3F, 0xBF1F,
    0xB71F, 0xB6FF, 0xB6FF, 0xAEFF, 0xAEFF, 0xB71F, 0xCF5F, 0xE79F, 0xF7DF, 0xF7DF, 0xF7DF, 0xF7DF, 0xF7DF, 0xF7DF, 0xF7DF, 0xF7DF,
    0xF7DF, 0xF7DF, 0xF7DF, 0xF7DF, 0xF7DF, 0xF7DF, 0xF7DF, 0xF7DF, 0xF7DF, 0xF7DF, 0xF7DF, 0xF7DF, 0xF7DF, 0xF7DF, 0xF7DF, 0xF7DF,
    0xF7DF, 0xF7DF, 0xF7DF, 0xF7DF, 0xF7DF, 0xF7DF, 0xF7DF, 0xF7DF, 0xF7DF, 0xF7DF, 0xF7DF, 0xF7DF, 0xF7DF, 0xF7DF, 0xF7DF, 0xF7DF,
    0xF7DF, 0xF7DF, 0xF7DF, 0xF7DF, 0xF7DF, 0xF7DF, 0xF7DF, 0xF7DF, 0xF7DF, 0xF7DF, 0xF7DF, 0xF7DF, 0xF7DF, 0xF7DF, 0xF7DF, 0xF7DF,
    0xF7DF, 0xF7DF, 0xF7DF, 0xF7DF, 0xF7DF, 0xEFBF, 0xFFFF, 0x4ACD, 0x0043, 0x10E6, 0x08C5, 0x08C5, 0x10C5, 0x10C5, 0x0883, 0x08A4,
    0x08C4, 0x0883, 0x0883, 0x08A4, 0x08A4, 0x08A4, 0x08C4, 0x0042, 0x2967, 0xF7DF, 0xF7DF, 0xF7DF, 0xF7DF, 0xF7DF, 0xF7DF, 0xF7DF,
    0xF7DF, 0xF7DF, 0xF7DF, 0xF7DF, 0xF7DF, 0xF7DF, 0xF7DF, 0xF7DF, 0xF7DF, 0xF7DF, 0xF7DF, 0xF7DF, 0xF7DF, 0xF7DF, 0xF7DF, 0xF7DF,
    0xF7DF, 0xF7DF, 0xF7DF, 0xF7DF, 0xF7DF, 0xF7DF, 0xF7DF, 0xF7DF, 0xF7DF, 0xF7DF, 0xF7DF, 0xF7DF, 0xF7DF, 0xF7DF, 0xF7DF, 0xF7DF,
    0xF7DF, 0xF7DF, 0xF7DF, 0xF7DF, 0xF7DF, 0xF7DF, 0xF7DF, 0xF7DF, 0xF7DF, 0xF7DF, 0xF7DF, 0xF7DF, 0xF7DF, 0xF7DF, 0xF7DF, 0xF7DF,
    0xF7DF, 0xF7DF, 0xF7DF, 0xEFDF, 0xF7DF, 0xF7DF, 0xE7BF, 0xC73F, 0xAEDF, 0xA6DF, 0xAEFF, 0xB6FF, 0xB71F, 0xBF3F, 0xBF5F, 0xC79F,
    0xC77F, 0xBF3F, 0xAEBE, 0x9E1B, 0x8D99, 0x7CF7, 0x6C75, 0x6434, 0x5BF3, 0x5BD3, 0x53B3, 0x5392, 0x4B92, 0x4B72, 0x4351, 0x4351,
    0x3B31, 0x3B11, 0x3B10, 0x3B10, 0x32F0, 0x32F0, 0x32D0, 0x32D0, 0x32D0, 0x32B0, 0x2AAF, 0x2A8F, 0x2A8F, 0x2A8F, 0x2A8F, 0x2A6F,
    0x2A6F, 0x2A6F, 0x2A6F, 0x2A6F, 0x2A6E, 0x2A4E, 0x2A6E, 0x2A6F, 0x2A6F, 0x2A6F, 0x2A6F, 0x2A4E, 0x2A4E, 0x2A6E, 0x2A6E, 0x2A6F,
    0x2A6F, 0x2A6F, 0x2A6F, 0x2A6F, 0x2A8F, 0x2A8F, 0x2A8F, 0x2AAF, 0x2AAF, 0x32D0, 0x32D0, 0x32D0, 0x32F0, 0x32F0, 0x32F0, 0x3B10,
    0x3B11, 0x3B31, 0x4351, 0x4352, 0x4B72, 0x4B72, 0x5392, 0x53B2, 0x5BD2, 0x6434, 0x7495, 0x8517, 0x95B9, 0xA65C, 0xBEFE, 0xC75F,
    0xC79F, 0xC79F, 0xC75F, 0xBF1F, 0xB71F, 0xB6FF, 0xAEDF, 0xAEDF, 0xBF1F, 0xD77F, 0xF7DF, 0xF7DF, 0xF7DF, 0xEFDF, 0xF7DF, 0xF7DF,
    0xF7DF, 0xF7DF, 0xF7DF, 0xF7DF, 0xF7DF, 0xF7DF, 0xF7DF, 0xF7DF, 0xF7DF, 0xF7DF, 0xF7DF, 0xF7DF, 0xF7DF, 0xF7DF, 0xF7DF, 0xF7DF,
    0xF7DF, 0xF7DF, 0xF7DF, 0xF7DF, 0xF7DF, 0xF7DF, 0xF7DF, 0xF7DF, 0xF7DF, 0xF7DF, 0xF7DF, 0xF7DF, 0xF7DF, 0xF7DF, 0xF7DF, 0xF7DF,
    0xF7DF, 0xF7DF, 0xF7DF, 0xF7DF, 0xF7DF, 0xF7DF, 0xF7DF, 0xF7DF, 0xF7DF, 0xF7DF, 0xF7DF, 0xF7DF, 0xF7DF, 0xF7DF, 0xF7DF, 0xF7DF,
    0xF7DF, 0xF7DF, 0xF7DF, 0xF7DF, 0xF7DF, 0xEFBF, 0xFFFF, 0x4ACD, 0x0043, 0x10E6, 0x08C5, 0x10C5, 0x08C5, 0x08C5, 0x0883, 0x08A4,
    0x08C4, 0x0883, 0x0883, 0x08A4, 0x08A4, 0x08A4, 0x08C4, 0x0042, 0x2967, 0xF7DF, 0xF7DF, 0xF7DF, 0xF7DF, 0xF7DF, 0xF7DF, 0xF7DF,
    0xF7DF, 0xF7DF, 0xF7DF, 0xF7DF, 0xF7DF, 0xF7DF, 0xF7DF, 0xF7DF, 0xF7DF, 0xF7DF, 0xF7DF, 0xF7DF, 0xF7DF, 0xF7DF, 0xF7DF, 0xF7DF,
    0xF7DF, 0xF7DF, 0xF7DF, 0xF7DF, 0xF7DF, 0xF7DF, 0xF7DF, 0xF7DF, 0xF7DF, 0xF7DF, 0xF7DF, 0xF7DF, 0xF7DF, 0xF7DF, 0xF7DF, 0xF7DF,
    0xF7DF, 0xF7DF, 0xF7DF, 0xF7DF, 0xF7DF, 0xF7DF, 0xF7DF, 0xF7DF, 0xF7DF, 0xF7DF, 0xF7DF, 0xF7DF, 0xF7DF, 0xF7DF, 0xF7DF, 0xF7DF,
    0xF7DF, 0xEFDF, 0xF7DF, 0xFFFF, 0xE7BF, 0xBF1F, 0xA6FF, 0xA6DF, 0xAEFF, 0xB71F, 0xBF3F, 0xC79F, 0xC79F, 0xB6FE, 0x95DA, 0x6C95,
    0x4351, 0x2A2D, 0x116A, 0x00E8, 0x00A7, 0x0087, 0x0087, 0x0087, 0x0087, 0x0086, 0x0066, 0x0066, 0x0086, 0x0087, 0x0087, 0x0087,
    0x0087, 0x0087, 0x0087, 0x0087, 0x0087, 0x0087, 0x0087, 0x00A7, 0x00A7, 0x0087, 0x00A7, 0x00A7, 0x0087, 0x0087, 0x00A7, 0x00A7,
    0x00A7, 0x00A7, 0x00A7, 0x00A7, 0x00A7, 0x00A7, 0x00A7, 0x00A7, 0x00A7, 0x00A7, 0x00A7, 0x00A7, 0x00A7, 0x00A7, 0x00A7, 0x00A7,
    0x00A7, 0x00A7, 0x00A7, 0x00A7, 0x00A7, 0x00A7, 0x00A7, 0x00A7, 0x00A7, 0x00A7, 0x0087, 0x0087, 0x0087, 0x0087, 0x0087, 0x0087,
    0x0087, 0x0086, 0x0066, 0x0066, 0x0066, 0x0066, 0x0066, 0x0066, 0x0066, 0x0066, 0x0086, 0x0087, 0x00A7, 0x0908, 0x198A, 0x326D,
    0x53B2, 0x8538, 0xAE7C, 0xC75F, 0xCF9F, 0xC75F, 0xB71F, 0xB6FF, 0xAEFF, 0xA6DF, 0xB6FF, 0xDF7F, 0xF7DF, 0xF7DF, 0xF7DF, 0xF7DF,
    0xF7DF, 0xF7DF, 0xF7DF, 0xF7DF, 0xF7DF, 0xF7DF, 0xF7DF, 0xF7DF, 0xF7DF, 0xF7DF, 0xF7DF, 0xF7DF, 0xF7DF, 0xF7DF, 0xF7DF, 0xF7DF,
    0xF7DF, 0xF7DF, 0xF7DF, 0xF7DF, 0xF7DF, 0xF7DF, 0xF7DF, 0xF7DF, 0xF7DF, 0xF7DF, 0xF7DF, 0xF7DF, 0xF7DF, 0xF7DF, 0xF7DF, 0xF7DF,
    0xF7DF, 0xF7DF, 0xF7DF, 0xF7DF, 0xF7DF, 0xF7DF, 0xF7DF, 0xF7DF, 0xF7DF, 0xF7DF, 0xF7DF, 0xF7DF, 0xF7DF, 0xF7DF, 0xF7DF, 0xF7DF,
    0xF7DF, 0xF7DF, 0xF7DF, 0xF7DF, 0xF7DF, 0xEFBF, 0xFFFF, 0x4AAD, 0x0023, 0x10E6, 0x08C5, 0x08C5, 0x08C5, 0x10C5, 0x0883, 0x08A4,
    0x08C4, 0x0883, 0x0883, 0x08A4, 0x08A4, 0x08A4, 0x08C4, 0x0042, 0x2967, 0xF7DF, 0xF7DF, 0xF7DF, 0xF7DF, 0xF7DF, 0xF7DF, 0xF7DF,
    0xF7DF, 0xF7DF, 0xF7DF, 0xF7DF, 0xF7DF, 0xF7DF, 0xF7DF, 0xF7DF, 0xF7DF, 0xF7DF, 0xF7DF, 0xF7DF, 0xF7DF, 0xF7DF, 0xF7DF, 0xF7DF,
    0xF7DF, 0xF7DF, 0xF7DF, 0xF7DF, 0xF7DF, 0xF7DF, 0xF7DF, 0xF7DF, 0xF7DF, 0xF7DF, 0xF7DF, 0xF7DF, 0xF7DF, 0xF7DF, 0xF7DF, 0xF7DF,
    0xF7DF, 0xF7DF, 0xF7DF, 0xF7DF, 0xF7DF, 0xF7DF, 0xF7DF, 0xF7DF, 0xF7DF, 0xF7DF, 0xF7DF, 0xF7DF, 0xF7DF, 0xF7DF, 0xF7DF, 0xEFDF,
    0xEFDF, 0xF7DF, 0xEFBF, 0xC73F, 0xA6DF, 0xA6DF, 0xAEFF, 0xB6FF, 0xBF5F, 0xC79F, 0xB6FE, 0x8558, 0x4B51, 0x198B, 0x00C8, 0x0087,
    0x0087, 0x00A7, 0x00C7, 0x00E8, 0x00E8, 0x00E8, 0x0108, 0x0108, 0x0108, 0x00E8, 0x00E8, 0x0108, 0x00E8, 0x00E8, 0x00E8, 0x0108,
    0x0108, 0x0108, 0x0108, 0x0108, 0x0108, 0x0108, 0x0108, 0x0108, 0x00E8, 0x00E8, 0x00E8, 0x00E8, 0x00E8, 0x00E8, 0x00E8, 0x00E8,
    0x00E8, 0x00E8, 0x0108, 0x00E8, 0x00E8, 0x00E8, 0x00E8, 0x00E8, 0x0108, 0x0108, 0x0108, 0x0108, 0x0108, 0x00E8, 0x00E8, 0x00E8,
    0x0108, 0x0108, 0x0108, 0x0108, 0x0108, 0x0108, 0x0108, 0x0108, 0x0108, 0x0108, 0x00E8, 0x00E8, 0x00E8, 0x0108, 0x00E8, 0x00E8,
    0x00E8, 0x00E8, 0x00E8, 0x00E8, 0x00E8, 0x00E7, 0x00E7, 0x00E7, 0x00E8, 0x00E8, 0x00E8, 0x00E8, 0x00E7, 0x00C7, 0x00A6, 0x0086,
    0x0066, 0x0086, 0x0909, 0x324D, 0x6C74, 0xAE7C, 0xC77F, 0xC77F, 0xBF3F, 0xBF1F, 0xB6FF, 0xAEFF, 0xB6FF, 0xDF9F, 0xF7DF, 0xF7DF,
    0xF7DF, 0xF7DF, 0xF7DF, 0xF7DF, 0xF7DF, 0xF7DF, 0xF7DF, 0xF7DF, 0xF7DF, 0xF7DF, 0xF7DF, 0xF7DF, 0xF7DF, 0xF7DF, 0xF7DF, 0xF7DF,
    0xF7DF, 0xF7DF, 0xF7DF, 0xF7DF, 0xF7DF, 0xF7DF, 0xF7DF, 0xF7DF, 0xF7DF, 0xF7DF, 0xF7DF, 0xF7DF, 0xF7DF, 0xF7DF, 0xF7DF, 0xF7DF,
    0xF7DF, 0xF7DF, 0xF7DF, 0xF7DF, 0xF7DF, 0xF7DF, 0xF7DF, 0xF7DF, 0xF7DF, 0xF7DF, 0xF7DF, 0xF7DF, 0xF7DF, 0xF7DF, 0xF7DF, 0xF7DF,
    0xF7DF, 0xF7DF, 0xF7DF, 0xF7DF, 0xF7DF, 0xEFBF, 0xFFFF, 0x4AAD, 0x0023, 0x10E6, 0x08C5, 0x08C5, 0x08C5, 0x10E5, 0x0883, 0x08A4,
    0x08C4, 0x0883, 0x0883, 0x08A4, 0x08A4, 0x08A4, 0x08C4, 0x0042, 0x2967, 0xF7DF, 0xF7DF, 0xF7DF, 0xF7DF, 0xF7DF, 0xF7DF, 0xF7DF,
    0xF7DF, 0xF7DF, 0xF7DF, 0xF7DF, 0xF7DF, 0xF7DF, 0xF7DF, 0xF7DF, 0xF7DF, 0xF7DF, 0xF7DF, 0xF7DF, 0xF7DF, 0xF7DF, 0xF7DF, 0xF7DF,
    0xF7DF, 0xF7DF, 0xF7DF, 0xF7DF, 0xF7DF, 0xF7DF, 0xF7DF, 0xF7DF, 0xF7DF, 0xF7DF, 0xF7DF, 0xF7DF, 0xF7DF, 0xF7DF, 0xF7DF, 0xF7DF,
    0xF7DF, 0xF7DF, 0xF7DF, 0xF7DF, 0xF7DF, 0xF7DF, 0xF7DF, 0xF7DF, 0xF7DF, 0xF7DF, 0xF7DF, 0xF7DF, 0xF7DF, 0xF7DF, 0xEFDF, 0xF7DF,
    0xF7DF, 0xD75F, 0xA6DF, 0x9EDF, 0xAEFF, 0xAEFF, 0xBF5F, 0xC79F, 0x9E3C, 0x5BF3, 0x19AB, 0x0087, 0x0087, 0x00A7, 0x00E8, 0x0108,
    0x00E8, 0x00E8, 0x00E7, 0x00C7, 0x00C7, 0x00E7, 0x00E8, 0x00E8, 0x00C8, 0x00C7, 0x00C7, 0x00C7, 0x00E7, 0x00C8, 0x00E8, 0x00E8,
    0x00E8, 0x00E8, 0x00E8, 0x00E8, 0x00E8, 0x00E8, 0x00E8, 0x00E8, 0x00E8, 0x00E8, 0x00E8, 0x00E7, 0x00E8, 0x00E8, 0x00C7, 0x00E8,
    0x00E8, 0x00E7, 0x00E7, 0x00E8, 0x00E8, 0x00E7, 0x00E7, 0x00E7, 0x00E8, 0x00E7, 0x00E8, 0x00E8, 0x00E8, 0x00E8, 0x00E8, 0x00E8,
    0x00E8, 0x00E7, 0x00E8, 0x00E8, 0x00E8, 0x00E8, 0x00E7, 0x00E7, 0x00E8, 0x00E7, 0x00C7, 0x00E7, 0x00E7, 0x00C7, 0x00C7, 0x00C7,
    0x00E7, 0x00C7, 0x00C7, 0x00C7, 0x00C7, 0x00C7, 0x00C7, 0x00C7, 0x00C7, 0x00C7, 0x00C7, 0x00C7, 0x00C7, 0x00C7, 0x00C7, 0x00E7,
    0x00E8, 0x00E7, 0x00C7, 0x0086, 0x0065, 0x08E8, 0x42CF, 0x8D78, 0xC75F, 0xCF9F, 0xBF3F, 0xBF1F, 0xAEFF, 0xA6BF, 0xC73F, 0xEFBF,
    0xF7DF, 0xF7DF, 0xF7DF, 0xF7DF, 0xF7DF, 0xF7DF, 0xF7DF, 0xF7DF, 0xF7DF, 0xF7DF, 0xF7DF, 0xF7DF, 0xF7DF, 0xF7DF, 0xF7DF, 0xF7DF,
    0xF7DF, 0xF7DF, 0xF7DF, 0xF7DF, 0xF7DF, 0xF7DF, 0xF7DF, 0xF7DF, 0xF7DF, 0xF7DF, 0xF7DF, 0xF7DF, 0xF7DF, 0xF7DF, 0xF7DF, 0xF7DF,
    0xF7DF, 0xF7DF, 0xF7DF, 0xF7DF, 0xF7DF, 0xF7DF, 0xF7DF, 0xF7DF, 0xF7DF, 0xF7DF, 0xF7DF, 0xF7DF, 0xF7DF, 0xF7DF, 0xF7DF, 0xF7DF,
    0xF7DF, 0xF7DF, 0xF7DF, 0xF7DF, 0xF7DF, 0xEFBF, 0xFFFF, 0x4AAD, 0x0023, 0x1106, 0x08C5, 0x08C5, 0x08C5, 0x10E5, 0x0883, 0x08A4,
    0x08C4, 0x0883, 0x0883, 0x08A4, 0x08A4, 0x08A4, 0x08C4, 0x0042, 0x2967, 0xF7DF, 0xF7DF, 0xF7DF, 0xF7DF, 0xF7DF, 0xF7DF, 0xF7DF,
    0xF7DF, 0xF7DF, 0xF7DF, 0xF7DF, 0xF7DF, 0xF7DF, 0xF7DF, 0xF7DF, 0xF7DF, 0xF7DF, 0xF7DF, 0xF7DF, 0xF7DF, 0xF7DF, 0xF7DF, 0xF7DF,
    0xF7DF, 0xF7DF, 0xF7DF, 0xF7DF, 0xF7DF, 0xF7DF, 0xF7DF, 0xF7DF, 0xF7DF, 0xF7DF, 0xF7DF, 0xF7DF, 0xF7DF, 0xF7DF, 0xF7DF, 0xF7DF,
    0xF7DF, 0xF7DF, 0xF7DF, 0xF7DF, 0xF7DF, 0xF7DF, 0xF7DF, 0xF7DF, 0xF7DF, 0xF7DF, 0xF7DF, 0xF7DF, 0xF7DF, 0xEFBF, 0xF7DF, 0xEFDF,
    0xBF1F, 0x9EBF, 0xA6FF, 0xAEFF, 0xB73F, 0xBF7F, 0x9E5C, 0x4B51, 0x08E8, 0x0066, 0x00A7, 0x00E8, 0x00E8, 0x00E8, 0x00C8, 0x00C7,
    0x00C7, 0x00C7, 0x00C7, 0x00C7, 0x00C7, 0x00C7, 0x00C7, 0x00E7, 0x00C7, 0x00C7, 0x00C7, 0x00C7, 0x00E7, 0x00C7, 0x00E8, 0x00E7,
    0x00E7, 0x00E8, 0x00E8, 0x00E8, 0x00E8, 0x00E8, 0x00E8, 0x00E7, 0x00E7, 0x00E7, 0x00C7, 0x00E7, 0x00C7, 0x00C7, 0x00E7, 0x00E7,
    0x00E7, 0x00E7, 0x00E7, 0x00E7, 0x00E7, 0x00E7, 0x00E7, 0x00C7, 0x00E7, 0x00C7, 0x00C7, 0x00C7, 0x00E7, 0x00E7, 0x00E7, 0x00C7,
    0x00E7, 0x00E7, 0x00E7, 0x00E7, 0x00E7, 0x00E7, 0x00C7, 0x00C7, 0x00C7, 0x00C7, 0x00E7, 0x00C7, 0x00C7, 0x00C7, 0x00C7, 0x00C7,
    0x00C7, 0x00C7, 0x00C7, 0x00C7, 0x00C7, 0x00C7, 0x00C7, 0x00C7, 0x00C7, 0x00C7, 0x00C7, 0x00C7, 0x00C7, 0x00C7, 0x00C7, 0x00C7,
    0x00C7, 0x00C7, 0x00C7, 0x00E7, 0x00E7, 0x00C7, 0x0066, 0x0086, 0x2A0C, 0x8517, 0xC75F, 0xC79F, 0xBF1F, 0xB6FF, 0xAEDF, 0xAEFF,
    0xDF7F, 0xF7FF, 0xF7DF, 0xF7DF, 0xF7DF, 0xF7DF, 0xF7DF, 0xF7DF, 0xF7DF, 0xF7DF, 0xF7DF, 0xF7DF, 0xF7DF, 0xF7DF, 0xF7DF, 0xF7DF,
    0xF7DF, 0xF7DF, 0xF7DF, 0xF7DF, 0xF7DF, 0xF7DF, 0xF7DF, 0xF7DF, 0xF7DF, 0xF7DF, 0xF7DF, 0xF7DF, 0xF7DF, 0xF7DF, 0xF7DF, 0xF7DF,
    0xF7DF, 0xF7DF, 0xF7DF, 0xF7DF, 0xF7DF, 0xF7DF, 0xF7DF, 0xF7DF, 0xF7DF, 0xF7DF, 0xF7DF, 0xF7DF, 0xF7DF, 0xF7DF, 0xF7DF, 0xF7DF,
    0xF7DF, 0xF7DF, 0xF7DF, 0xF7DF, 0xF7DF, 0xEFBF, 0xFFFF, 0x4ACD, 0x0023, 0x1106, 0x08E5, 0x10E5, 0x10C5, 0x10E5, 0x0883, 0x08A4,
    0x08C4, 0x0883, 0x0883, 0x08A4, 0x08A4, 0x08A4, 0x08C4, 0x0042, 0x2987, 0xF7DF, 0xF7DF, 0xF7DF, 0xF7DF, 0xF7DF, 0xF7DF, 0xF7DF,
    0xF7DF, 0xF7DF, 0xF7DF, 0xF7DF, 0xF7DF, 0xF7DF, 0xF7DF, 0xF7DF, 0xF7DF, 0xF7DF, 0xF7DF, 0xF7DF, 0xF7DF, 0xF7DF, 0xF7DF, 0xF7DF,
    0xF7DF, 0xF7DF, 0xF7DF, 0xF7DF, 0xF7DF, 0xF7DF, 0xF7DF, 0xF7DF, 0xF7DF, 0xF7DF, 0xF7DF, 0xF7DF, 0xF7DF, 0xF7DF, 0xF7DF, 0xF7DF,
    0xF7DF, 0xF7DF, 0xF7DF, 0xF7DF, 0xF7DF, 0xF7DF, 0xF7DF, 0xF7DF, 0xF7DF, 0xF7DF, 0xF7DF, 0xF7DF, 0xEFBF, 0xF7DF, 0xDF9F, 0xA6DF,
    0xA6DF, 0xB71F, 0xB71F, 0xC79F, 0xAEBD, 0x5392, 0x00E9, 0x0066, 0x00C7, 0x0108, 0x00E8, 0x00C8, 0x00C7, 0x00C7, 0x00C7, 0x00C7,
    0x00C7, 0x00C7, 0x00C7, 0x00C7, 0x00C7, 0x00C7, 0x00C7, 0x00C7, 0x00C7, 0x00C7, 0x00C7, 0x00E8, 0x00E8, 0x00C7, 0x00E7, 0x00C7,
    0x00C7, 0x00E8, 0x00E7, 0x00C7, 0x00E7, 0x00C7, 0x00E7, 0x00E7, 0x00E7, 0x00E7, 0x00E7, 0x00E7, 0x00C7, 0x00E7, 0x00E7, 0x00C7,
    0x00E7, 0x00E7, 0x00E7, 0x00E7, 0x00C7, 0x00E7, 0x00E7, 0x00E7, 0x00E7, 0x00C7, 0x00E7, 0x00E7, 0x00E7, 0x00E7, 0x00E7, 0x00E7,
    0x00C7, 0x00E7, 0x00E7, 0x00E7, 0x00E7, 0x00E7, 0x00C7, 0x00C7, 0x00C7, 0x00C7, 0x00C7, 0x00C7, 0x00C7, 0x00C7, 0x00C7, 0x00C7,
    0x00C7, 0x00C7, 0x00C7, 0x00C7, 0x00C7, 0x00C7, 0x00C7, 0x00C7, 0x00C7, 0x00C7, 0x00C7, 0x00C7, 0x00C7, 0x00C7, 0x00C7, 0x00C7,
    0x00C7, 0x00C7, 0x00C7, 0x00C7, 0x00C7, 0x00C7, 0x00E7, 0x00E7, 0x0086, 0x0066, 0x322C, 0x9599, 0xCF9F, 0xBF3F, 0xBF1F, 0xB6FF,
    0xA6BF, 0xCF3F, 0xF7DF, 0xF7DF, 0xF7DF, 0xF7DF, 0xF7DF, 0xF7DF, 0xF7DF, 0xF7DF, 0xF7DF, 0xF7DF, 0xF7DF, 0xF7DF, 0xF7DF, 0xF7DF,
    0xF7DF, 0xF7DF, 0xF7DF, 0xF7DF, 0xF7DF, 0xF7DF, 0xF7DF, 0xF7DF, 0xF7DF, 0xF7DF, 0xF7DF, 0xF7DF, 0xF7DF, 0xF7DF, 0xF7DF, 0xF7DF,
    0xF7DF, 0xF7DF, 0xF7DF, 0xF7DF, 0xF7DF, 0xF7DF, 0xF7DF, 0xF7DF, 0xF7DF, 0xF7DF, 0xF7DF, 0xF7DF, 0xF7DF, 0xF7DF, 0xF7DF, 0xF7DF,
    0xF7DF, 0xF7DF, 0xF7DF, 0xF7DF, 0xF7DF, 0xEFBF, 0xFFFF, 0x4ACD, 0x0043, 0x1106, 0x08E5, 0x08E5, 0x10E5, 0x10E5, 0x0883, 0x08A4,
    0x08A4, 0x0883, 0x0883, 0x08A4, 0x08A4, 0x08A4, 0x08C4, 0x0042, 0x2967, 0xF7DF, 0xF7DF, 0xF7DF, 0xF7DF, 0xF7DF, 0xF7DF, 0xF7DF,
    0xF7DF, 0xF7DF, 0xF7DF, 0xF7DF, 0xF7DF, 0xF7DF, 0xF7DF, 0xF7DF, 0xF7DF, 0xF7DF, 0xF7DF, 0xF7DF, 0xF7DF, 0xF7DF, 0xF7DF, 0xF7DF,
    0xF7DF, 0xF7DF, 0xF7DF, 0xF7DF, 0xF7DF, 0xF7DF, 0xF7DF, 0xF7DF, 0xF7DF, 0xF7DF, 0xF7DF, 0xF7DF, 0xF7DF, 0xF7DF, 0xF7DF, 0xF7DF,
    0xF7DF, 0xF7DF, 0xF7DF, 0xF7DF, 0xF7DF, 0xF7DF, 0xF7DF, 0xF7DF, 0xF7DF, 0xF7DF, 0xF7DF, 0xF7DF, 0xF7FF, 0xD75F, 0x9EBF, 0xA6DF,
    0xAEFF, 0xB73F, 0xBF7F, 0x7D18, 0x118B, 0x0066, 0x00C8, 0x00E8, 0x00C7, 0x00C7, 0x00C7, 0x00C7, 0x00C7, 0x00C7, 0x00C7, 0x00C7,
    0x00C7, 0x00C7, 0x00C8, 0x00E8, 0x00E8, 0x00C8, 0x00C8, 0x00C8, 0x00E8, 0x00C8, 0x00C8, 0x00E8, 0x00E8, 0x00C8, 0x00C8, 0x00E8,
    0x00C8, 0x00C7, 0x00E7, 0x00C7, 0x00C7, 0x00C7, 0x00E7, 0x00E7, 0x00C7, 0x00E7, 0x00E7, 0x00C7, 0x00E7, 0x00C7, 0x00E7, 0x00E7,
    0x00C7, 0x00C7, 0x00E7, 0x00E7, 0x00E7, 0x00C7, 0x00E7, 0x00E7, 0x00C7, 0x00E7, 0x00C7, 0x00E7, 0x00E7, 0x00E7, 0x00E7, 0x00E7,
    0x00C7, 0x00E7, 0x00C7, 0x00E7, 0x00C7, 0x00E7, 0x00E7, 0x00C7, 0x00C7, 0x00C7, 0x00C7, 0x00C7, 0x00C7, 0x00C7, 0x00C7, 0x00C7,
    0x00C7, 0x00C7, 0x00C8, 0x00C8, 0x00C8, 0x00C8, 0x00C8, 0x00C8, 0x00C8, 0x00C8, 0x00C8, 0x00C7, 0x00C7, 0x00C7, 0x00C7, 0x00C7,
    0x00C7, 0x00C7, 0x00C7, 0x00C7, 0x00C7, 0x00C7, 0x00C7, 0x00C7, 0x00C7, 0x00E7, 0x0086, 0x0087, 0x4B30, 0xB6DD, 0xCF9F, 0xBF1F,
    0xB71F, 0xA6DF, 0xBF1F, 0xF7DF, 0xF7DF, 0xF7DF, 0xF7DF, 0xF7DF, 0xF7DF, 0xF7DF, 0xF7DF, 0xF7DF, 0xF7DF, 0xF7DF, 0xF7DF, 0xF7DF,
    0xF7DF, 0xF7DF, 0xF7DF, 0xF7DF, 0xF7DF, 0xF7DF, 0xF7DF, 0xF7DF, 0xF7DF, 0xF7DF, 0xF7DF, 0xF7DF, 0xF7DF, 0xF7DF, 0xF7DF, 0xF7DF,
    0xF7DF, 0xF7DF, 0xF7DF, 0xF7DF, 0xF7DF, 0xF7DF, 0xF7DF, 0xF7DF, 0xF7DF, 0xF7DF, 0xF7DF, 0xF7DF, 0xF7DF, 0xF7DF, 0xF7DF, 0xF7DF,
    0xF7DF, 0xF7DF, 0xF7DF, 0xF7DF, 0xF7DF, 0xEFBF, 0xFFFF, 0x4ACE, 0x0043, 0x1106, 0x08C5, 0x10E5, 0x10E5, 0x10E5, 0x0883, 0x08A4,
    0x08A4, 0x0883, 0x0883, 0x08A4, 0x08A4, 0x08A4, 0x08C4, 0x0042, 0x2967, 0xF7DF, 0xF7FF, 0xF7DF, 0xF7DF, 0xF7DF, 0xF7DF, 0xF7DF,
    0xF7DF, 0xF7DF, 0xF7DF, 0xF7DF, 0xF7DF, 0xF7DF, 0xF7DF, 0xF7DF, 0xF7DF, 0xF7DF, 0xF7DF, 0xF7DF, 0xF7DF, 0xF7DF, 0xF7DF, 0xF7DF,
    0xF7DF, 0xF7DF, 0xF7DF, 0xF7DF, 0xF7DF, 0xF7DF, 0xF7DF, 0xF7DF, 0xF7DF, 0xF7DF, 0xF7DF, 0xF7DF, 0xF7DF, 0xF7DF, 0xF7DF, 0xF7DF,
    0xF7DF, 0xF7DF, 0xF7DF, 0xF7DF, 0xF7DF, 0xF7DF, 0xF7DF, 0xF7DF, 0xF7DF, 0xF7DF, 0xEFDF, 0xF7DF, 0xC73F, 0x9EBF, 0xAEFF, 0xAEFF,
    0xBF5F, 0xAEBE, 0x42F0, 0x0087, 0x00C7, 0x00E8, 0x00E8, 0x00C7, 0x00C7, 0x00C7, 0x00C7, 0x00C7, 0x00C7, 0x00C7, 0x00C7, 0x00C7,
    0x00C7, 0x00C8, 0x00E8, 0x00E8, 0x00E9, 0x00E9, 0x00E9, 0x00E9, 0x00E9, 0x00E9, 0x00E9, 0x00E9, 0x00E8, 0x00E8, 0x00C8, 0x00E8,
    0x00E8, 0x00E8, 0x00E8, 0x00C7, 0x00C7, 0x00C7, 0x00C7, 0x00E7, 0x00E7, 0x00E7, 0x00C7, 0x00C7, 0x00E7, 0x00E7, 0x00E7, 0x00C7,
    0x00C7, 0x00E7, 0x00E7, 0x00E7, 0x00E7, 0x00E7, 0x00E7, 0x00E7, 0x00C7, 0x00E7, 0x00C7, 0x00E7, 0x00E7, 0x00E7, 0x00E7, 0x00E7,
    0x00E7, 0x00E7, 0x00E7, 0x00C7, 0x00C7, 0x00C7, 0x00E7, 0x00E7, 0x00C7, 0x00C7, 0x00C7, 0x00C7, 0x00C7, 0x00C7, 0x00E8, 0x00E8,
    0x00E8, 0x00E8, 0x00C8, 0x00E8, 0x00E9, 0x00E9, 0x00E9, 0x00E9, 0x00E9, 0x00E8, 0x00E8, 0x00E8, 0x00E8, 0x00E8, 0x00C8, 0x00C7,
    0x00C7, 0x00C7, 0x00C7, 0x00C7, 0x00C7, 0x00C7, 0x00C7, 0x00C7, 0x00C7, 0x00C7, 0x00E7, 0x00C7, 0x0045, 0x1149, 0x8D58, 0xCFBF,
    0xBF3F, 0xB71F, 0xAEDF, 0xB6FF, 0xEFBF, 0xF7DF, 0xF7DF, 0xF7DF, 0xF7DF, 0xF7DF, 0xF7DF, 0xF7DF, 0xF7DF, 0xF7DF, 0xF7DF, 0xF7DF,
    0xF7DF, 0xF7DF, 0xF7DF, 0xF7DF, 0xF7DF, 0xF7DF, 0xF7DF, 0xF7DF, 0xF7DF, 0xF7DF, 0xF7DF, 0xF7DF, 0xF7DF, 0xF7DF, 0xF7DF, 0xF7DF,
    0xF7DF, 0xF7DF, 0xF7DF, 0xF7DF, 0xF7DF, 0xF7DF, 0xF7DF, 0xF7DF, 0xF7DF, 0xF7DF, 0xF7DF, 0xF7DF, 0xF7DF, 0xF7DF, 0xF7DF, 0xF7DF,
    0xF7DF, 0xF7DF, 0xF7DF, 0xF7DF, 0xF7DF, 0xF7BF, 0xFFFF, 0x4ACD, 0x0043, 0x10E6, 0x08C5, 0x10C5, 0x10E5, 0x10E5, 0x0883, 0x08A4,
    0x08A4, 0x0883, 0x0883, 0x08A4, 0x08A4, 0x08A4, 0x08C4, 0x0042, 0x2967, 0xF7DF, 0xF7FF, 0xF7DF, 0xF7DF, 0xF7DF, 0xF7DF, 0xF7DF,
    0xF7DF, 0xF7DF, 0xF7DF, 0xF7DF, 0xF7DF, 0xF7DF, 0xF7DF, 0xF7DF, 0xF7DF, 0xF7DF, 0xF7DF, 0xF7DF, 0xF7DF, 0xF7DF, 0xF7DF, 0xF7DF,
    0xF7DF, 0xF7DF, 0xF7DF, 0xF7DF, 0xF7DF, 0xF7DF, 0xF7DF, 0xF7DF, 0xF7DF, 0xF7DF, 0xF7DF, 0xF7DF, 0xF7DF, 0xF7DF, 0xF7DF, 0xF7DF,
    0xF7DF, 0xF7DF, 0xF7DF, 0xF7DF, 0xF7DF, 0xF7DF, 0xF7DF, 0xF7DF, 0xEFDF, 0xEFDF, 0xF7DF, 0xBF1F, 0x9EBF, 0xAEFF, 0xB6FF, 0xC79F,
    0x95DA, 0x198B, 0x0066, 0x00E8, 0x00E8, 0x00C7, 0x00C7, 0x00C7, 0x00C7, 0x00C7, 0x00C7, 0x00C7, 0x00C7, 0x00C7, 0x00C8, 0x00C8,
    0x00E8, 0x00E8, 0x00E9, 0x010A, 0x010A, 0x012A, 0x012A, 0x012B, 0x012B, 0x012B, 0x012A, 0x012A, 0x010A, 0x0109, 0x00E9, 0x00E9,
    0x00E8, 0x00E8, 0x00E8, 0x00C8, 0x00C7, 0x00E7, 0x00C7, 0x00E7, 0x00E7, 0x00C7, 0x00C7, 0x00C7, 0x00E7, 0x00E7, 0x00C7, 0x00E7,
    0x00E7, 0x00E7, 0x00E7, 0x00E7, 0x00E7, 0x00E7, 0x00C7, 0x00C7, 0x00E7, 0x00E7, 0x00E7, 0x00E7, 0x00E7, 0x00E7, 0x00E7, 0x00E7,
    0x00E7, 0x00E7, 0x00E7, 0x00E7, 0x00C7, 0x00C7, 0x00E7, 0x00C7, 0x00C7, 0x00C7, 0x00C7, 0x00C7, 0x00C8, 0x00E8, 0x00E9, 0x00E9,
    0x0109, 0x010A, 0x010A, 0x010A, 0x012B, 0x012B, 0x012B, 0x012B, 0x012B, 0x010A, 0x010A, 0x010A, 0x010A, 0x00E9, 0x00E8, 0x00E8,
    0x00E8, 0x00C8, 0x00C7, 0x00C7, 0x00C7, 0x00C7, 0x00C7, 0x00C7, 0x00C7, 0x00C7, 0x00C7, 0x00C7, 0x00E7, 0x0086, 0x0066, 0x63F3,
    0xCF7F, 0xBF3F, 0xBF1F, 0xAEFF, 0xAEDF, 0xEFBF, 0xF7DF, 0xF7DF, 0xF7DF, 0xF7DF, 0xF7DF, 0xF7DF, 0xF7DF, 0xF7DF, 0xF7DF, 0xF7DF,
    0xF7DF, 0xF7DF, 0xF7DF, 0xF7DF, 0xF7DF, 0xF7DF, 0xF7DF, 0xF7DF, 0xF7DF, 0xF7DF, 0xF7DF, 0xF7DF, 0xF7DF, 0xF7DF, 0xF7DF, 0xF7DF,
    0xF7DF, 0xF7DF, 0xF7DF, 0xF7DF, 0xF7DF, 0xF7DF, 0xF7DF, 0xF7DF, 0xF7DF, 0xF7DF, 0xF7DF, 0xF7DF, 0xF7DF, 0xF7DF, 0xF7DF, 0xF7DF,
    0xF7DF, 0xF7DF, 0xF7DF, 0xF7DF, 0xF7DF, 0xF7BF, 0xFFFF, 0x4ACD, 0x0043, 0x10E6, 0x08C5, 0x08C5, 0x10C5, 0x10E5, 0x0883, 0x08A4,
    0x08A4, 0x0883, 0x0883, 0x08A4, 0x08A4, 0x08A4, 0x08C4, 0x0022, 0x2967, 0xF7DF, 0xF7FF, 0xF7DF, 0xF7DF, 0xF7DF, 0xF7DF, 0xF7DF,
    0xF7DF, 0xF7DF, 0xF7DF, 0xF7DF, 0xF7DF, 0xF7DF, 0xF7DF, 0xF7DF, 0xF7DF, 0xF7DF, 0xF7DF, 0xF7DF, 0xF7DF, 0xF7DF, 0xF7DF, 0xF7DF,
    0xF7DF, 0xF7DF, 0xF7DF, 0xF7DF, 0xF7DF, 0xF7DF, 0xF7DF, 0xF7DF, 0xF7DF, 0xF7DF, 0xF7DF, 0xF7DF, 0xF7DF, 0xF7DF, 0xF7DF, 0xF7DF,
    0xF7DF, 0xF7DF, 0xF7DF, 0xF7DF, 0xF7DF, 0xF7DF, 0xF7DF, 0xF7DF, 0xF7DF, 0xF7DF, 0xBF1F, 0x9EBF, 0xAEFF, 0xAEFF, 0xBF7F, 0x7CD6,
    0x00E8, 0x00A7, 0x0108, 0x00C7, 0x00C7, 0x00C7, 0x00C7, 0x00C7, 0x00C7, 0x00C7, 0x00C7, 0x00C8, 0x00C8, 0x00E8, 0x00E8, 0x00E9,
    0x00E9, 0x010A, 0x012B, 0x012B, 0x010B, 0x00EB, 0x00CB, 0x00CB, 0x00AB, 0x00AB, 0x00AB, 0x00AA, 0x00A9, 0x00CA, 0x00EB, 0x010A,
    0x010A, 0x00E9, 0x00E8, 0x00E8, 0x00E8, 0x00E7, 0x00C7, 0x00C7, 0x00C7, 0x00E7, 0x00E7, 0x00E7, 0x00E7, 0x00C7, 0x00E7, 0x00E7,
    0x00E7, 0x00E7, 0x00E7, 0x00E7, 0x00E7, 0x00E7, 0x00E7, 0x00E7, 0x00E7, 0x00E7, 0x00E7, 0x00E7, 0x00E7, 0x00E7, 0x00E7, 0x00E7,
    0x00E7, 0x00E7, 0x00E7, 0x00C7, 0x00E7, 0x00C7, 0x00C7, 0x00C7, 0x00C7, 0x00C7, 0x00C7, 0x00C8, 0x00E8, 0x00E9, 0x010A, 0x012B,
    0x012B, 0x00EB, 0x00CB, 0x00AB, 0x00AC, 0x00CD, 0x00CD, 0x00AC, 0x00AB, 0x00CB, 0x00EC, 0x012D, 0x012C, 0x012B, 0x010A, 0x00E9,
    0x00E9, 0x00E8, 0x00C8, 0x00C7, 0x00C7, 0x00C7, 0x00C7, 0x00C7, 0x00C7, 0x00C7, 0x00C7, 0x00C7, 0x00C7, 0x00C7, 0x00C7, 0x0045,
    0x3A8E, 0xBEFE, 0xC75F, 0xBF1F, 0xAEFF, 0xAEFF, 0xEFBF, 0xF7DF, 0xF7DF, 0xF7DF, 0xF7DF, 0xF7DF, 0xF7DF, 0xF7DF, 0xF7DF, 0xF7DF,
    0xF7DF, 0xF7DF, 0xF7DF, 0xF7DF, 0xF7DF, 0xF7DF, 0xF7DF, 0xF7DF, 0xF7DF, 0xF7DF, 0xF7DF, 0xF7DF, 0xF7DF, 0xF7DF, 0xF7DF, 0xF7DF,
    0xF7DF, 0xF7DF, 0xF7DF, 0xF7DF, 0xF7DF, 0xF7DF, 0xF7DF, 0xF7DF, 0xF7DF, 0xF7DF, 0xF7DF, 0xF7DF, 0xF7DF, 0xF7DF, 0xF7DF, 0xF7DF,
    0xF7DF, 0xF7DF, 0xF7DF, 0xF7DF, 0xF7DF, 0xF7BF, 0xFFFF, 0x4ACD, 0x0023, 0x10E6, 0x08C5, 0x08C5, 0x08C5, 0x10C5, 0x0883, 0x08A4,
    0x08A4, 0x0883, 0x0883, 0x08A4, 0x08A4, 0x08A4, 0x08C4, 0x0022, 0x2967, 0xF7DF, 0xF7FF, 0xF7DF, 0xF7DF, 0xF7DF, 0xF7DF, 0xF7DF,
    0xF7DF, 0xF7DF, 0xF7DF, 0xF7DF, 0xF7DF, 0xF7DF, 0xF7DF, 0xF7DF, 0xF7DF, 0xF7DF, 0xF7DF, 0xF7DF, 0xF7DF, 0xF7DF, 0xF7DF, 0xF7DF,
    0xF7DF, 0xF7DF, 0xF7DF, 0xF7DF, 0xF7DF, 0xF7DF, 0xF7DF, 0xF7DF, 0xF7DF, 0xF7DF, 0xF7DF, 0xF7DF, 0xF7DF, 0xF7DF, 0xF7DF, 0xF7DF,
    0xF7DF, 0xF7DF, 0xF7DF, 0xF7DF, 0xF7DF, 0xF7DF, 0xF7DF, 0xEFDF, 0xF7DF, 0xC73F, 0x9EBF, 0xB71F, 0xB71F, 0xC79F, 0x6414, 0x0066,
    0x00C8, 0x00E8, 0x00C8, 0x00C7, 0x00C7, 0x00C7, 0x00C7, 0x00C7, 0x00C7, 0x00C7, 0x00E8, 0x00E8, 0x00E8, 0x00E9, 0x00E9, 0x010A,
    0x012C, 0x010C, 0x00CC, 0x00EC, 0x09CF, 0x1AF2, 0x33D4, 0x3C96, 0x44F7, 0x4518, 0x3CF7, 0x3476, 0x2BB3, 0x22F2, 0x09CF, 0x00EB,
    0x0089, 0x00EA, 0x00E9, 0x00E8, 0x00E8, 0x00E8, 0x00C7, 0x00C7, 0x00C7, 0x00C7, 0x00E7, 0x00E7, 0x00C7, 0x00C7, 0x00E7, 0x00E7,
    0x00C7, 0x00E7, 0x00E7, 0x00C7, 0x00E7, 0x00E7, 0x00C7, 0x00E7, 0x00E7, 0x00E7, 0x00E7, 0x00E7, 0x00E7, 0x00E7, 0x00E7, 0x00E7,
    0x00E7, 0x00E7, 0x00E7, 0x00C7, 0x00E7, 0x00C7, 0x00C7, 0x00C7, 0x00C7, 0x00C7, 0x00E8, 0x00E8, 0x00E9, 0x010A, 0x00CB, 0x00CC,
    0x016F, 0x1A52, 0x3374, 0x4456, 0x4CD8, 0x4D39, 0x4539, 0x44F8, 0x3C77, 0x2BB4, 0x1AB3, 0x09B0, 0x00CD, 0x00AC, 0x010C, 0x012C,
    0x010A, 0x00E9, 0x00E8, 0x00C8, 0x00C8, 0x00C7, 0x00C7, 0x00C7, 0x00C7, 0x00C7, 0x00C7, 0x00C7, 0x00C7, 0x00C7, 0x00C7, 0x00E7,
    0x0045, 0x29EC, 0xB6BD, 0xC77F, 0xBF1F, 0xAEFF, 0xAEDF, 0xEFBF, 0xF7DF, 0xF7DF, 0xF7DF, 0xF7DF, 0xF7DF, 0xF7DF, 0xF7DF, 0xF7DF,
    0xF7DF, 0xF7DF, 0xF7DF, 0xF7DF, 0xF7DF, 0xF7DF, 0xF7DF, 0xF7DF, 0xF7DF, 0xF7DF, 0xF7DF, 0xF7DF, 0xF7DF, 0xF7DF, 0xF7DF, 0xF7DF,
    0xF7DF, 0xF7DF, 0xF7DF, 0xF7DF, 0xF7DF, 0xF7DF, 0xF7DF, 0xF7DF, 0xF7DF, 0xF7DF, 0xF7DF, 0xF7DF, 0xF7DF, 0xF7DF, 0xF7DF, 0xF7DF,
    0xF7DF, 0xF7DF, 0xF7DF, 0xF7DF, 0xF7DF, 0xEFBF, 0xFFFF, 0x4AAD, 0x0023, 0x10E6, 0x08C5, 0x08C5, 0x08C5, 0x10C5, 0x0883, 0x08A4,
    0x08A4, 0x0883, 0x0883, 0x08A4, 0x08A4, 0x08A4, 0x08C4, 0x0022, 0x2967, 0xF7DF, 0xF7FF, 0xF7DF, 0xF7DF, 0xF7DF, 0xF7DF, 0xF7DF,
    0xF7DF, 0xF7DF, 0xF7DF, 0xF7DF, 0xF7DF, 0xF7DF, 0xF7DF, 0xF7DF, 0xF7DF, 0xF7DF, 0xF7DF, 0xF7DF, 0xF7DF, 0xF7DF, 0xF7DF, 0xF7DF,
    0xF7DF, 0xF7DF, 0xF7DF, 0xF7DF, 0xF7DF, 0xF7DF, 0xF7DF, 0xF7DF, 0xF7DF, 0xF7DF, 0xF7DF, 0xF7DF, 0xF7DF, 0xF7DF, 0xF7DF, 0xF7DF,
    0xF7DF, 0xF7DF, 0xF7DF, 0xF7DF, 0xF7DF, 0xF7DF, 0xEFDF, 0xF7FF, 0xCF3F, 0x9EBF, 0xB6FF, 0xB6FF, 0xCF9F, 0x63F4, 0x0087, 0x00E8,
    0x00E8, 0x00C7, 0x00C7, 0x00C7, 0x00C7, 0x00C7, 0x00C7, 0x00C7, 0x00C7, 0x00E8, 0x00E8, 0x00E9, 0x010A, 0x012B, 0x012B, 0x00CB,
    0x010D, 0x1251, 0x3436, 0x4DFA, 0x5F5E, 0x6FFF, 0x77FF, 0x77FF, 0x77FF, 0x6FFF, 0x6FFF, 0x67FF, 0x6FFF, 0x77FF, 0x677E, 0x4E1B,
    0x3456, 0x098E, 0x00EA, 0x0109, 0x00E9, 0x00E8, 0x00E7, 0x00E7, 0x00E7, 0x00E7, 0x00E7, 0x00E7, 0x00E7, 0x00E7, 0x00C7, 0x00E7,
    0x00E7, 0x00E7, 0x00E7, 0x00E7, 0x00E7, 0x00E7, 0x00E7, 0x00C7, 0x00E7, 0x00E7, 0x00E7, 0x00E7, 0x00E7, 0x00E7, 0x00E7, 0x00E7,
    0x00E7, 0x00E7, 0x00E7, 0x00E7, 0x00C7, 0x00E7, 0x00C7, 0x00C7, 0x00C7, 0x00C8, 0x00E8, 0x00E9, 0x010A, 0x00CA, 0x22D2, 0x6559,
    0x7EBD, 0x8FBF, 0x97FF, 0x97FF, 0x8FFF, 0x7FFF, 0x77FF, 0x77FF, 0x7FFF, 0x7FFF, 0x77FF, 0x671E, 0x4DBA, 0x2BD5, 0x09F0, 0x00CC,
    0x00CA, 0x010A, 0x010A, 0x00E9, 0x00C8, 0x00C8, 0x00C7, 0x00C7, 0x00C7, 0x00C7, 0x00C6, 0x00C7, 0x00C7, 0x00C7, 0x00C6, 0x00C6,
    0x00E7, 0x0066, 0x198A, 0xB6BD, 0xC77F, 0xB71F, 0xAEDF, 0xAEDF, 0xEFDF, 0xF7DF, 0xF7DF, 0xF7DF, 0xF7DF, 0xF7DF, 0xF7DF, 0xF7DF,
    0xF7DF, 0xF7DF, 0xF7DF, 0xF7DF, 0xF7DF, 0xF7DF, 0xF7DF, 0xF7DF, 0xF7DF, 0xF7DF, 0xF7DF, 0xF7DF, 0xF7DF, 0xF7DF, 0xF7DF, 0xF7DF,
    0xF7DF, 0xF7DF, 0xF7DF, 0xF7DF, 0xF7DF, 0xF7DF, 0xF7DF, 0xF7DF, 0xF7DF, 0xF7DF, 0xF7DF, 0xF7DF, 0xF7DF, 0xF7DF, 0xF7DF, 0xF7DF,
    0xF7DF, 0xF7DF, 0xF7DF, 0xF7DF, 0xF7DF, 0xEFBF, 0xFFFF, 0x4AAD, 0x0023, 0x10E6, 0x08C5, 0x08C5, 0x08C5, 0x08C5, 0x0883, 0x08A4,
    0x08A4, 0x0883, 0x0883, 0x08A4, 0x08A4, 0x08A4, 0x08C4, 0x0042, 0x2967, 0xF7DF, 0xF7FF, 0xF7DF, 0xF7DF, 0xF7DF, 0xF7DF, 0xF7DF,
    0xF7DF, 0xF7DF, 0xF7DF, 0xF7DF, 0xF7DF, 0xF7DF, 0xF7DF, 0xF7DF, 0xF7DF, 0xF7DF, 0xF7DF, 0xF7DF, 0xF7DF, 0xF7DF, 0xF7DF, 0xF7DF,
    0xF7DF, 0xF7DF, 0xF7DF, 0xF7DF, 0xF7DF, 0xF7DF, 0xF7DF, 0xF7DF, 0xF7DF, 0xF7DF, 0xF7DF, 0xF7DF, 0xF7DF, 0xF7DF, 0xF7DF, 0xF7DF,
    0xF7DF, 0xF7DF, 0xF7DF, 0xF7DF, 0xF7DF, 0xEFBF, 0xF7DF, 0xD77F, 0x9E9F, 0xAEFF, 0xB71F, 0xCF9F, 0x63F4, 0x0087, 0x0109, 0x00E8,
    0x00C7, 0x00C7, 0x00C7, 0x00C7, 0x00C7, 0x00C7, 0x00C7, 0x00C7, 0x00C8, 0x00E8, 0x00E9, 0x010A, 0x014C, 0x00EC, 0x00EC, 0x1AD2,
    0x4DDA, 0x6FBF, 0x77FF, 0x77FF, 0x67DF, 0x67BF, 0x679F, 0x679F, 0x679F, 0x679F, 0x5F9F, 0x679F, 0x67BF, 0x67BF, 0x67DF, 0x67FF,
    0x6FFF, 0x563B, 0x012D, 0x010A, 0x00E9, 0x00E8, 0x00E8, 0x00E7, 0x00E7, 0x00E7, 0x00E7, 0x00E7, 0x00E7, 0x00E7, 0x00E7, 0x00E7,
    0x00E7, 0x00E7, 0x00E7, 0x00E7, 0x00E7, 0x00E7, 0x00E7, 0x00C7, 0x00E7, 0x00E7, 0x00E7, 0x00E7, 0x00E7, 0x00E7, 0x00E7, 0x00E7,
    0x00E7, 0x00C7, 0x00E7, 0x00E7, 0x00C7, 0x00C7, 0x00C7, 0x00C7, 0x00C7, 0x00E8, 0x00E8, 0x010A, 0x00CA, 0x2AD1, 0x97FF, 0x9FFF,
    0x8FFF, 0x87BF, 0x87BF, 0x879F, 0x7F9F, 0x779F, 0x6F9F, 0x6F9F, 0x6F9F, 0x6FBF, 0x6FBF, 0x6FFF, 0x77FF, 0x7FFF, 0x777E, 0x4D38,
    0x1250, 0x00CC, 0x00EC, 0x012B, 0x00E9, 0x00C8, 0x00C8, 0x00C7, 0x00C7, 0x00C7, 0x00C7, 0x00C7, 0x00C7, 0x00C7, 0x00C6, 0x00C6,
    0x00C7, 0x00E7, 0x0086, 0x218A, 0xAE9D, 0xBF5F, 0xB71F, 0x9EBF, 0xB6FF, 0xF7DF, 0xF7DF, 0xF7DF, 0xF7DF, 0xF7DF, 0xF7DF, 0xF7DF,
    0xF7DF, 0xF7DF, 0xF7DF, 0xF7DF, 0xF7DF, 0xF7DF, 0xF7DF, 0xF7DF, 0xF7DF, 0xF7DF, 0xF7DF, 0xF7DF, 0xF7DF, 0xF7DF, 0xF7DF, 0xF7DF,
    0xF7DF, 0xF7DF, 0xF7DF, 0xF7DF, 0xF7DF, 0xF7DF, 0xF7DF, 0xF7DF, 0xF7DF, 0xF7DF, 0xF7DF, 0xF7DF, 0xF7DF, 0xF7DF, 0xF7DF, 0xF7DF,
    0xF7DF, 0xF7DF, 0xF7DF, 0xF7DF, 0xF7DF, 0xEFBF, 0xFFFF, 0x4AAD, 0x0023, 0x10E5, 0x08C5, 0x08C5, 0x08C5, 0x08C5, 0x0883, 0x08A4,
    0x08A4, 0x0883, 0x0883, 0x08A4, 0x08A4, 0x08A4, 0x08C4, 0x0042, 0x2967, 0xF7DF, 0xF7DF, 0xF7DF, 0xF7DF, 0xF7DF, 0xF7DF, 0xF7DF,
    0xF7DF, 0xF7DF, 0xF7DF, 0xF7DF, 0xF7DF, 0xF7DF, 0xF7DF, 0xF7DF, 0xF7DF, 0xF7DF, 0xF7DF, 0xF7DF, 0xF7DF, 0xF7DF, 0xF7DF, 0xF7DF,
    0xF7DF, 0xF7DF, 0xF7DF, 0xF7DF, 0xF7DF, 0xF7DF, 0xF7DF, 0xF7DF, 0xF7DF, 0xF7DF, 0xF7DF, 0xF7DF, 0xF7DF, 0xF7DF, 0xF7DF, 0xF7DF,
    0xF7DF, 0xF7DF, 0xF7DF, 0xF7DF, 0xF7DF, 0xF7DF, 0xE7BF, 0xA6BF, 0xAEFF, 0xB6FF, 0xC79F, 0x6C75, 0x0067, 0x00E8, 0x00E8, 0x00C8,
    0x00C7, 0x00C7, 0x00C7, 0x00C7, 0x00C7, 0x00C7, 0x00C7, 0x00C8, 0x00E8, 0x00E9, 0x010A, 0x012B, 0x00CD, 0x1A91, 0x55DA, 0x6FFF,
    0x6FFF, 0x67DF, 0x6F9F, 0x6F9F, 0x6FBF, 0x6FFF, 0x6FFF, 0x77FF, 0x77FF, 0x6FFF, 0x6FFF, 0x77FF, 0x77FF, 0x67FF, 0x67BF, 0x679F,
    0x679F, 0x6FFF, 0x1230, 0x00C9, 0x00E9, 0x00E8, 0x00E8, 0x00E8, 0x00E7, 0x00E7, 0x00E7, 0x00E7, 0x00E7, 0x00E7, 0x00E7, 0x00E7,
    0x00E7, 0x00E7, 0x00E7, 0x00E7, 0x00E7, 0x00E7, 0x00E7, 0x00E7, 0x00E7, 0x00E7, 0x00E7, 0x00E7, 0x00E7, 0x00E7, 0x00E7, 0x00E7,
    0x00E7, 0x00E7, 0x00E7, 0x00E7, 0x00C7, 0x00C7, 0x00C7, 0x00C7, 0x00C7, 0x00C8, 0x00E8, 0x0109, 0x008A, 0x5D18, 0x9FFF, 0x8F7F,
    0x8FBF, 0x8FDF, 0x8FFF, 0x97FF, 0x8FFF, 0x87FF, 0x7FFF, 0x7FFF, 0x7FFF, 0x77FF, 0x6FFF, 0x6FBF, 0x6F9F, 0x77BF, 0x77DF, 0x77FF,
    0x77BF, 0x5579, 0x1210, 0x00AB, 0x010A, 0x00E9, 0x00C8, 0x00C7, 0x00C7, 0x00C7, 0x00C7, 0x00C7, 0x00C7, 0x00C7, 0x00C7, 0x00C7,
    0x00C6, 0x00C7, 0x00E7, 0x0065, 0x21CB, 0xB6FE, 0xBF3F, 0xB6FF, 0xA6DF, 0xCF5F, 0xFFFF, 0xF7DF, 0xF7DF, 0xF7DF, 0xF7DF, 0xF7DF,
    0xF7DF, 0xF7DF, 0xF7DF, 0xF7DF, 0xF7DF, 0xF7DF, 0xF7DF, 0xF7DF, 0xF7DF, 0xF7DF, 0xF7DF, 0xF7DF, 0xF7DF, 0xF7DF, 0xF7DF, 0xF7DF,
    0xF7DF, 0xF7DF, 0xF7DF, 0xF7DF, 0xF7DF, 0xF7DF, 0xF7DF, 0xF7DF, 0xF7DF, 0xF7DF, 0xF7DF, 0xF7DF, 0xF7DF, 0xF7DF, 0xF7DF, 0xF7DF,
    0xF7DF, 0xF7DF, 0xF7DF, 0xF7DF, 0xF7DF, 0xEFBF, 0xFFFF, 0x4AAD, 0x0023, 0x10E5, 0x08C5, 0x08C5, 0x08C5, 0x08C5, 0x0883, 0x08A4,
    0x08A4, 0x0883, 0x0883, 0x08A4, 0x08A4, 0x08A4, 0x08C4, 0x0042, 0x2967, 0xF7BF, 0xF7DF, 0xF7DF, 0xF7DF, 0xF7DF, 0xF7DF, 0xF7DF,
    0xF7DF, 0xF7DF, 0xF7DF, 0xF7DF, 0xF7DF, 0xF7DF, 0xF7DF, 0xF7DF, 0xF7DF, 0xF7DF, 0xF7DF, 0xF7DF, 0xF7DF, 0xF7DF, 0xF7DF, 0xF7DF,
    0xF7DF, 0xF7DF, 0xF7DF, 0xF7DF, 0xF7DF, 0xF7DF, 0xF7DF, 0xF7DF, 0xF7DF, 0xF7DF, 0xF7DF, 0xF7DF, 0xF7DF, 0xF7DF, 0xF7DF, 0xF7DF,
    0xF7DF, 0xF7DF, 0xF7DF, 0xF7DF, 0xF7DF, 0xF7DF, 0xB6FF, 0xAEDF, 0xBF1F, 0xC77F, 0x8538, 0x0087, 0x00E8, 0x00E8, 0x00C7, 0x00E7,
    0x00C7, 0x00C7, 0x00C7, 0x00C7, 0x00C7, 0x00C7, 0x00C7, 0x00E8, 0x00E9, 0x010A, 0x00EA, 0x012D, 0x3CB7, 0x6FDF, 0x77FF, 0x6FBF,
    0x679F, 0x67BF, 0x6FFF, 0x77FF, 0x6FDF, 0x5EDD, 0x4E1B, 0x457A, 0x3D18, 0x34D8, 0x3D19, 0x4D9A, 0x563C, 0x5EDD, 0x5FBF, 0x67FF,
    0x77FF, 0x5EBC, 0x012C, 0x00E9, 0x00E9, 0x00E8, 0x00E8, 0x00E8, 0x00E8, 0x00E7, 0x00E7, 0x00E7, 0x00E7, 0x00E7, 0x00E7, 0x00E7,
    0x00E7, 0x00E7, 0x00E7, 0x00E7, 0x00E7, 0x00E7, 0x00E7, 0x00E7, 0x00E7, 0x00E7, 0x00C7, 0x00E7, 0x00E7, 0x00E7, 0x00E7, 0x00E7,
    0x00E7, 0x00E7, 0x00E7, 0x00E7, 0x00E7, 0x00C7, 0x00C7, 0x00C7, 0x00C7, 0x00C8, 0x00E8, 0x0109, 0x00AA, 0x3374, 0xA7FF, 0x97FF,
    0x8FFF, 0x875E, 0x6E7C, 0x5DBB, 0x4D19, 0x44B9, 0x3CB9, 0x44F9, 0x4D9A, 0x565C, 0x671E, 0x77DF, 0x7FFF, 0x7FFF, 0x6FBF, 0x779F,
    0x77BF, 0x87FF, 0x777F, 0x33B4, 0x00AB, 0x00EA, 0x00E9, 0x00C8, 0x00C7, 0x00C7, 0x00C7, 0x00C7, 0x00C7, 0x00C6, 0x00C7, 0x00C6,
    0x00C7, 0x00C6, 0x00A6, 0x00C7, 0x0044, 0x3A8D, 0xC75F, 0xBF1F, 0xB71F, 0xA6BF, 0xE79F, 0xF7FF, 0xF7DF, 0xF7DF, 0xF7DF, 0xF7DF,
    0xF7DF, 0xF7DF, 0xF7DF, 0xF7DF, 0xF7DF, 0xF7DF, 0xF7DF, 0xF7DF, 0xF7DF, 0xF7DF, 0xF7DF, 0xF7DF, 0xF7DF, 0xF7DF, 0xF7DF, 0xF7DF,
    0xF7DF, 0xF7DF, 0xF7DF, 0xF7DF, 0xF7DF, 0xF7DF, 0xF7DF, 0xF7DF, 0xF7DF, 0xF7DF, 0xF7DF, 0xF7DF, 0xF7DF, 0xF7DF, 0xF7DF, 0xF7DF,
    0xF7DF, 0xF7DF, 0xF7DF, 0xF7DF, 0xF7DF, 0xEFBF, 0xFFFF, 0x4AAD, 0x0023, 0x10E5, 0x08C5, 0x08C5, 0x08C5, 0x08C5, 0x0883, 0x08A4,
    0x08A4, 0x0883, 0x0883, 0x08A4, 0x08A4, 0x08A4, 0x08C4, 0x0042, 0x2967, 0xF7BF, 0xF7DF, 0xF7DF, 0xF7DF, 0xF7DF, 0xF7DF, 0xF7DF,
    0xF7DF, 0xF7DF, 0xF7DF, 0xF7DF, 0xF7DF, 0xF7DF, 0xF7DF, 0xF7DF, 0xF7DF, 0xF7DF, 0xF7DF, 0xF7DF, 0xF7DF, 0xF7DF, 0xF7DF, 0xF7DF,
    0xF7DF, 0xF7DF, 0xF7DF, 0xF7DF, 0xF7DF, 0xF7DF, 0xF7DF, 0xF7DF, 0xF7DF, 0xF7DF, 0xF7DF, 0xF7DF, 0xF7DF, 0xF7DF, 0xF7DF, 0xF7DF,
    0xF7DF, 0xF7DF, 0xF7DF, 0xEFDF, 0xF7DF, 0xCF3F, 0x9EBF, 0xBF1F, 0xC77F, 0xAE9C, 0x0929, 0x00A7, 0x00E8, 0x00C7, 0x00C7, 0x00E7,
    0x00C7, 0x00C7, 0x00C7, 0x00C7, 0x00C7, 0x00C7, 0x00C8, 0x00E8, 0x00E9, 0x010A, 0x096D, 0x563B, 0x77FF, 0x67BF, 0x679F, 0x6FDF,
    0x77FF, 0x6FDF, 0x565B, 0x3456, 0x1292, 0x018E, 0x010C, 0x00CB, 0x00CB, 0x00CC, 0x00ED, 0x00ED, 0x010D, 0x014D, 0x1230, 0x2BD5,
    0x3496, 0x09EF, 0x00CA, 0x00E9, 0x00E8, 0x00E8, 0x00E8, 0x00E8, 0x00E8, 0x00E7, 0x00E7, 0x00E7, 0x00E7, 0x00E7, 0x00E7, 0x00E7,
    0x00E7, 0x00E7, 0x00E7, 0x00E7, 0x00E7, 0x00E7, 0x00E7, 0x00E7, 0x00E7, 0x00E7, 0x00C7, 0x00E7, 0x00E7, 0x00E7, 0x00C7, 0x00E7,
    0x00E7, 0x00E7, 0x00C7, 0x00C7, 0x00E7, 0x00C7, 0x00C7, 0x00C7, 0x00C7, 0x00C8, 0x00E8, 0x00E9, 0x010B, 0x010D, 0x3373, 0x4476,
    0x2313, 0x09F1, 0x014E, 0x00ED, 0x00CD, 0x00EE, 0x00EE, 0x00ED, 0x00ED, 0x012E, 0x09D1, 0x1AF4, 0x3C98, 0x5E9D, 0x77FF, 0x7FFF,
    0x7FBF, 0x779F, 0x77DF, 0x7FFF, 0x4CF8, 0x00CB, 0x010A, 0x00E8, 0x00C7, 0x00C7, 0x00C7, 0x00C7, 0x00C7, 0x00C6, 0x00C7, 0x00C6,
    0x00C7, 0x00C6, 0x00A6, 0x00A6, 0x00C7, 0x0024, 0x63F3, 0xD7BF, 0xBF1F, 0xAEFF, 0xAEDF, 0xF7DF, 0xF7DF, 0xF7DF, 0xF7DF, 0xF7DF,
    0xF7DF, 0xF7DF, 0xF7DF, 0xF7DF, 0xF7DF, 0xF7DF, 0xF7DF, 0xF7DF, 0xF7DF, 0xF7DF, 0xF7DF, 0xF7DF, 0xF7DF, 0xF7DF, 0xF7DF, 0xF7DF,
    0xF7DF, 0xF7DF, 0xF7DF, 0xF7DF, 0xF7DF, 0xF7DF, 0xF7DF, 0xF7DF, 0xF7DF, 0xF7DF, 0xF7DF, 0xF7DF, 0xF7DF, 0xF7DF, 0xF7DF, 0xF7DF,
    0xF7DF, 0xF7DF, 0xF7DF, 0xF7DF, 0xF7DF, 0xEFBF, 0xFFFF, 0x4ACD, 0x0023, 0x10E6, 0x08C5, 0x08C5, 0x08C5, 0x08C5, 0x0883, 0x0884,
    0x08A4, 0x0883, 0x0883, 0x08A4, 0x08A4, 0x08A4, 0x08C4, 0x0042, 0x2967, 0xF7BF, 0xF7DF, 0xF7DF, 0xF7DF, 0xF7DF, 0xF7DF, 0xF7DF,
    0xF7DF, 0xF7DF, 0xF7DF, 0xF7DF, 0xF7DF, 0xF7DF, 0xF7DF, 0xF7DF, 0xF7DF, 0xF7DF, 0xF7DF, 0xF7DF, 0xF7DF, 0xF7DF, 0xF7DF, 0xF7DF,
    0xF7DF, 0xF7DF, 0xF7DF, 0xF7DF, 0xF7DF, 0xF7DF, 0xF7DF, 0xF7DF, 0xF7DF, 0xF7DF, 0xF7DF, 0xF7DF, 0xF7DF, 0xF7DF, 0xF7DF, 0xF7DF,
    0xF7DF, 0xF7DF, 0xEFDF, 0xF7DF, 0xE79F, 0x9EBF, 0xB71F, 0xBF3F, 0xC77F, 0x328E, 0x0087, 0x00E8, 0x00C7, 0x00C7, 0x00E7, 0x00E7,
    0x00E7, 0x00E7, 0x00E7, 0x00E7, 0x00C7, 0x00C7, 0x00C8, 0x00E8, 0x0109, 0x00AA, 0x3C35, 0x7FFF, 0x679F, 0x679F, 0x6FFF, 0x6FBF,
    0x4559, 0x1291, 0x010C, 0x00AB, 0x00CB, 0x010B, 0x012B, 0x010A, 0x012A, 0x012B, 0x012B, 0x012B, 0x012B, 0x010B, 0x00EB, 0x00AA,
    0x0089, 0x00EA, 0x00E9, 0x00E8, 0x00E8, 0x00E8, 0x00E8, 0x00E8, 0x00E8, 0x00E8, 0x00E8, 0x00E8, 0x00E7, 0x00E7, 0x00E7, 0x00E7,
    0x00E7, 0x00E7, 0x00E7, 0x00E7, 0x00E7, 0x00E7, 0x00E7, 0x00C7, 0x00E7, 0x00E7, 0x00E7, 0x00E7, 0x00C7, 0x00C7, 0x00C7, 0x00C7,
    0x00C7, 0x00C7, 0x00E7, 0x00C7, 0x00E7, 0x00E7, 0x00E7, 0x00C7, 0x00C7, 0x00C8, 0x00E8, 0x00E9, 0x00E9, 0x010B, 0x00AA, 0x0089,
    0x00AB, 0x010C, 0x012C, 0x010B, 0x012B, 0x012C, 0x014C, 0x012B, 0x012B, 0x012C, 0x012D, 0x010E, 0x00ED, 0x012F, 0x2314, 0x661C,
    0x8FFF, 0x7FFF, 0x779F, 0x779F, 0x8FFF, 0x22B1, 0x00A9, 0x00E9, 0x00C8, 0x00C7, 0x00C7, 0x00C7, 0x00C7, 0x00C7, 0x00C7, 0x00C6,
    0x00C6, 0x00C6, 0x00A6, 0x00A6, 0x00A6, 0x00C7, 0x0086, 0x9599, 0xCF9F, 0xB71F, 0x9EBF, 0xC73F, 0xFFFF, 0xF7DF, 0xF7DF, 0xF7DF,
    0xF7DF, 0xF7DF, 0xF7DF, 0xF7DF, 0xF7DF, 0xF7DF, 0xF7DF, 0xF7DF, 0xF7DF, 0xF7DF, 0xF7DF, 0xF7DF, 0xF7DF, 0xF7DF, 0xF7DF, 0xF7DF,
    0xF7DF, 0xF7DF, 0xF7DF, 0xF7DF, 0xF7DF, 0xF7DF, 0xF7DF, 0xF7DF, 0xF7DF, 0xF7DF, 0xF7DF, 0xF7DF, 0xF7DF, 0xF7DF, 0xF7DF, 0xF7DF,
    0xF7DF, 0xF7DF, 0xF7DF, 0xF7DF, 0xF7DF, 0xEFBF, 0xFFFF, 0x4ACD, 0x0023, 0x1106, 0x08C5, 0x08C5, 0x08C5, 0x08C5, 0x0883, 0x08A4,
    0x08A4, 0x0883, 0x0883, 0x08A4, 0x08A4, 0x08A4, 0x08C4, 0x0042, 0x2987, 0xF7BF, 0xF7DF, 0xF7DF, 0xF7DF, 0xF7DF, 0xF7DF, 0xF7DF,
    0xF7DF, 0xF7DF, 0xF7DF, 0xF7DF, 0xF7DF, 0xF7DF, 0xF7DF, 0xF7DF, 0xF7DF, 0xF7DF, 0xF7DF, 0xF7DF, 0xF7DF, 0xF7DF, 0xF7DF, 0xF7DF,
    0xF7DF, 0xF7DF, 0xF7DF, 0xF7DF, 0xF7DF, 0xF7DF, 0xF7DF, 0xF7DF, 0xF7DF, 0xF7DF, 0xF7DF, 0xF7DF, 0xF7DF, 0xF7DF, 0xF7DF, 0xF7DF,
    0xF7DF, 0xF7DF, 0xEFBF, 0xF7DF, 0xB6FF, 0xA6DF, 0xB6FF, 0xC79F, 0x6C55, 0x0067, 0x0108, 0x00C7, 0x00C7, 0x00C7, 0x00C7, 0x00C7,
    0x00E7, 0x00E7, 0x00C7, 0x00C7, 0x00C7, 0x00C7, 0x00C8, 0x00E8, 0x0109, 0x00AA, 0x3C36, 0x7FFF, 0x6FFF, 0x77FF, 0x4DFB, 0x1250,
    0x00CB, 0x00EC, 0x012B, 0x010A, 0x010A, 0x010A, 0x00EA, 0x00E9, 0x00E9, 0x00E9, 0x00E9, 0x00E9, 0x00E9, 0x010A, 0x010A, 0x010A,
    0x0109, 0x00E9, 0x00E8, 0x00E8, 0x00E8, 0x00E8, 0x00E8, 0x00E8, 0x00E8, 0x00E8, 0x00E8, 0x00E7, 0x00E8, 0x00E8, 0x00E7, 0x00E7,
    0x00E7, 0x00E7, 0x00E7, 0x00E7, 0x00E7, 0x00E7, 0x00E7, 0x00E7, 0x00C7, 0x00E7, 0x00E7, 0x00C7, 0x00C7, 0x00C7, 0x00C7, 0x00E7,
    0x00C7, 0x00C7, 0x00C7, 0x00E7, 0x00C7, 0x00E7, 0x00E7, 0x00C7, 0x00C7, 0x00C8, 0x00E8, 0x00E8, 0x00E8, 0x00E9, 0x010A, 0x010A,
    0x010A, 0x010A, 0x00EA, 0x00EA, 0x00E9, 0x00EA, 0x010A, 0x00EA, 0x00EA, 0x010A, 0x010B, 0x012C, 0x012C, 0x012C, 0x010E, 0x012F,
    0x2B34, 0x6EDD, 0x87FF, 0x87FF, 0x8FFF, 0x1A71, 0x00A9, 0x00E9, 0x00C8, 0x00C7, 0x00C7, 0x00C7, 0x00C7, 0x00C7, 0x00C7, 0x00C6,
    0x00C6, 0x00C6, 0x00C6, 0x00A6, 0x00C6, 0x00C7, 0x0086, 0x198A, 0xBEFE, 0xBF3F, 0xB6FF, 0x9EBF, 0xE79F, 0xF7DF, 0xF7DF, 0xF7DF,
    0xF7DF, 0xF7DF, 0xF7DF, 0xF7DF, 0xF7DF, 0xF7DF, 0xF7DF, 0xF7DF, 0xF7DF, 0xF7DF, 0xF7DF, 0xF7DF, 0xF7DF, 0xF7DF, 0xF7DF, 0xF7DF,
    0xF7DF, 0xF7DF, 0xF7DF, 0xF7DF, 0xF7DF, 0xF7DF, 0xF7DF, 0xF7DF, 0xF7DF, 0xF7DF, 0xF7DF, 0xF7DF, 0xF7DF, 0xF7DF, 0xF7DF, 0xF7DF,
    0xF7DF, 0xF7DF, 0xF7DF, 0xF7DF, 0xF7DF, 0xF7BF, 0xFFFF, 0x4ACD, 0x0023, 0x10E6, 0x08C5, 0x08C5, 0x10C5, 0x10C5, 0x0883, 0x08A4,
    0x08A4, 0x0883, 0x0883, 0x08A4, 0x08A4, 0x08A4, 0x08C4, 0x0042, 0x2967, 0xF7BF, 0xF7DF, 0xF7DF, 0xF7DF, 0xF7DF, 0xF7DF, 0xF7DF,
    0xF7DF, 0xF7DF, 0xF7DF, 0xF7DF, 0xF7DF, 0xF7DF, 0xF7DF, 0xF7DF, 0xF7DF, 0xF7DF, 0xF7DF, 0xF7DF, 0xF7DF, 0xF7DF, 0xF7DF, 0xF7DF,
    0xF7DF, 0xF7DF, 0xF7DF, 0xF7DF, 0xF7DF, 0xF7DF, 0xF7DF, 0xF7DF, 0xF7DF, 0xF7DF, 0xF7DF, 0xF7DF, 0xF7DF, 0xF7DF, 0xF7DF, 0xF7DF,
    0xF7DF, 0xEFBF, 0xF7DF, 0xDF7F, 0xA6BF, 0xB71F, 0xBF5F, 0x9E3C, 0x08E8, 0x00C8, 0x00E8, 0x00C7, 0x00E7, 0x00C7, 0x00C7, 0x00C7,
    0x00C7, 0x00C7, 0x00C7, 0x00C7, 0x00C7, 0x00C7, 0x00C8, 0x00E8, 0x00E9, 0x00EA, 0x016D, 0x4558, 0x567B, 0x33F5, 0x00EC, 0x00AA,
    0x010A, 0x010B, 0x010A, 0x00E9, 0x00E9, 0x00E9, 0x00E9, 0x00E9, 0x00E9, 0x00E9, 0x00E9, 0x00E9, 0x00E9, 0x00E9, 0x00E9, 0x00E9,
    0x00E8, 0x00E8, 0x00E8, 0x00E8, 0x00E8, 0x00E8, 0x00E8, 0x00E8, 0x00E8, 0x00E8, 0x00E8, 0x00E8, 0x00E8, 0x00E7, 0x00E7, 0x00E7,
    0x00E7, 0x00E7, 0x00E7, 0x00E7, 0x00E7, 0x00E7, 0x00E7, 0x00E7, 0x00C7, 0x00C7, 0x00C7, 0x00C7, 0x00E7, 0x00E7, 0x00C7, 0x00C7,
    0x00C7, 0x00C7, 0x00C7, 0x00C7, 0x00C7, 0x00E7, 0x00C7, 0x00C7, 0x00C8, 0x00C8, 0x00E8, 0x00C8, 0x00C8, 0x00E8, 0x00E9, 0x00E9,
    0x00E9, 0x00E9, 0x00E9, 0x00E9, 0x00E9, 0x00E9, 0x00E9, 0x00E9, 0x00E9, 0x00E9, 0x010A, 0x010A, 0x010A, 0x010B, 0x012C, 0x014D,
    0x00CC, 0x096F, 0x4D19, 0x6E9C, 0x3C35, 0x00EB, 0x010A, 0x00E8, 0x00C8, 0x00C7, 0x00C7, 0x00C7, 0x00C7, 0x00C7, 0x00C7, 0x00C7,
    0x00C6, 0x00C6, 0x00C6, 0x00C6, 0x00C6, 0x00C6, 0x00E7, 0x0045, 0x5371, 0xCF9F, 0xBF1F, 0xA6DF, 0xB6FF, 0xF7DF, 0xF7DF, 0xF7DF,
    0xF7DF, 0xF7DF, 0xF7DF, 0xF7DF, 0xF7DF, 0xF7DF, 0xF7DF, 0xF7DF, 0xF7DF, 0xF7DF, 0xF7DF, 0xF7DF, 0xF7DF, 0xF7DF, 0xF7DF, 0xF7DF,
    0xF7DF, 0xF7DF, 0xF7DF, 0xF7DF, 0xF7DF, 0xF7DF, 0xF7DF, 0xF7DF, 0xF7DF, 0xF7DF, 0xF7DF, 0xF7DF, 0xF7DF, 0xF7DF, 0xF7DF, 0xF7DF,
    0xF7DF, 0xF7DF, 0xF7DF, 0xF7DF, 0xF7DF, 0xEFBF, 0xFFFF, 0x4ACD, 0x0023, 0x1106, 0x08C5, 0x08C5, 0x08C5, 0x10E5, 0x0883, 0x08A4,
    0x08A4, 0x0883, 0x0883, 0x08A4, 0x08A4, 0x08A4, 0x08C4, 0x0042, 0x2967, 0xF7BF, 0xF7DF, 0xF7DF, 0xF7DF, 0xF7DF, 0xF7DF, 0xF7DF,
    0xF7DF, 0xF7DF, 0xF7DF, 0xF7DF, 0xF7DF, 0xF7DF, 0xF7DF, 0xF7DF, 0xF7DF, 0xF7DF, 0xF7DF, 0xF7DF, 0xF7DF, 0xF7DF, 0xF7DF, 0xF7DF,
    0xF7DF, 0xF7DF, 0xF7DF, 0xF7DF, 0xF7DF, 0xF7DF, 0xF7DF, 0xF7DF, 0xF7DF, 0xF7DF, 0xF7DF, 0xF7DF, 0xF7DF, 0xF7DF, 0xF7DF, 0xF7DF,
    0xF7DF, 0xEFDF, 0xF7DF, 0xAEFF, 0xAEFF, 0xBF1F, 0xC77F, 0x3AAF, 0x0066, 0x00E8, 0x00C7, 0x00C7, 0x00E7, 0x00C7, 0x00C7, 0x00C7,
    0x00C7, 0x00C7, 0x00E7, 0x00C7, 0x00E7, 0x00C7, 0x00C8, 0x00E8, 0x00E9, 0x010A, 0x00EA, 0x00CA, 0x00EB, 0x00CB, 0x012B, 0x010A,
    0x00E9, 0x00E9, 0x012B, 0x010A, 0x010A, 0x010A, 0x010A, 0x0109, 0x00E9, 0x0109, 0x0109, 0x00E9, 0x0109, 0x010A, 0x010A, 0x00E9,
    0x00E9, 0x00E9, 0x00E9, 0x00E9, 0x00E8, 0x00E8, 0x00E8, 0x00E8, 0x00E8, 0x00E8, 0x00E7, 0x00E8, 0x00E8, 0x00E8, 0x00E8, 0x00E7,
    0x00E7, 0x00E7, 0x00E7, 0x00E7, 0x00E7, 0x00E7, 0x00E7, 0x00C7, 0x00C7, 0x00E7, 0x00E7, 0x00E7, 0x00E7, 0x00E7, 0x00E7, 0x00E7,
    0x00E7, 0x00C7, 0x00C7, 0x00E7, 0x00C7, 0x00E8, 0x00C8, 0x00C8, 0x00C8, 0x00E8, 0x00E8, 0x00C8, 0x00E8, 0x00E9, 0x00E9, 0x00EA,
    0x00EA, 0x010A, 0x010A, 0x010A, 0x010A, 0x010A, 0x010A, 0x010A, 0x010A, 0x010A, 0x010B, 0x012B, 0x012B, 0x010A, 0x010A, 0x010B,
    0x012B, 0x010C, 0x00EC, 0x010C, 0x00CA, 0x010A, 0x00E9, 0x00E8, 0x00C8, 0x00C7, 0x00C7, 0x00C7, 0x00C7, 0x00C7, 0x00C7, 0x00C7,
    0x00C7, 0x00C6, 0x00C6, 0x00C6, 0x00C6, 0x00C6, 0x00C6, 0x00A6, 0x0086, 0xA5FA, 0xC77F, 0xB71F, 0x9EBF, 0xDF7F, 0xF7DF, 0xF7DF,
    0xF7DF, 0xF7DF, 0xF7DF, 0xF7DF, 0xF7DF, 0xF7DF, 0xF7DF, 0xF7DF, 0xF7DF, 0xF7DF, 0xF7DF, 0xF7DF, 0xF7DF, 0xF7DF, 0xF7DF, 0xF7DF,
    0xF7DF, 0xF7DF, 0xF7DF, 0xF7DF, 0xF7DF, 0xF7DF, 0xF7DF, 0xF7DF, 0xF7DF, 0xF7DF, 0xF7DF, 0xF7DF, 0xF7DF, 0xF7DF, 0xF7DF, 0xF7DF,
    0xF7DF, 0xF7DF, 0xF7DF, 0xF7DF, 0xF7DF, 0xF7BF, 0xFFFF, 0x4ACD, 0x0023, 0x10E6, 0x08C5, 0x08C5, 0x10E5, 0x10E5, 0x0883, 0x08A4,
    0x08A4, 0x0883, 0x0883, 0x08A4, 0x08A4, 0x08A4, 0x08C4, 0x0042, 0x2967, 0xF7BF, 0xF7DF, 0xF7DF, 0xF7DF, 0xF7DF, 0xF7DF, 0xF7DF,
    0xF7DF, 0xF7DF, 0xF7DF, 0xF7DF, 0xF7DF, 0xF7DF, 0xF7DF, 0xF7DF, 0xF7DF, 0xF7DF, 0xF7DF, 0xF7DF, 0xF7DF, 0xF7DF, 0xF7DF, 0xF7DF,
    0xF7DF, 0xF7DF, 0xF7DF, 0xF7DF, 0xF7DF, 0xF7DF, 0xF7DF, 0xF7DF, 0xF7DF, 0xF7DF, 0xF7DF, 0xF7DF, 0xF7DF, 0xF7DF, 0xF7DF, 0xF7DF,
    0xEFDF, 0xF7DF, 0xD77F, 0x9EBF, 0xB71F, 0xCF9F, 0x9599, 0x0087, 0x00E7, 0x00C7, 0x00C7, 0x00C7, 0x00C7, 0x00C7, 0x00C7, 0x00C7,
    0x00C7, 0x00C7, 0x00C7, 0x00E7, 0x00C7, 0x00C7, 0x00C7, 0x00E8, 0x00E8, 0x00E9, 0x00E9, 0x0109, 0x010A, 0x010A, 0x00EA, 0x096B,
    0x012B, 0x010A, 0x012A, 0x010A, 0x010A, 0x010A, 0x010A, 0x010A, 0x0109, 0x00E9, 0x0109, 0x010A, 0x010A, 0x0109, 0x0109, 0x0109,
    0x0109, 0x010B, 0x010A, 0x00EA, 0x00E9, 0x00E8, 0x00E8, 0x00E8, 0x00E8, 0x00E8, 0x00E8, 0x00E8, 0x00E8, 0x00E8, 0x00E7, 0x00E8,
    0x00E7, 0x00E8, 0x00E8, 0x00E7, 0x00E7, 0x00E7, 0x00E7, 0x00E7, 0x00C7, 0x00E7, 0x00C7, 0x00E7, 0x00E7, 0x00C7, 0x00E7, 0x00E7,
    0x00E7, 0x00C7, 0x00E7, 0x00C7, 0x00C7, 0x00C8, 0x00E8, 0x00E8, 0x00E8, 0x00E8, 0x00E9, 0x00E9, 0x00EA, 0x010B, 0x010B, 0x00EA,
    0x010A, 0x010A, 0x00EA, 0x010A, 0x010A, 0x010A, 0x010A, 0x010A, 0x010A, 0x010A, 0x010B, 0x012B, 0x012B, 0x012B, 0x012B, 0x014C,
    0x096D, 0x010B, 0x012B, 0x010A, 0x010A, 0x00E9, 0x00E9, 0x00E8, 0x00C8, 0x00C7, 0x00C7, 0x00C7, 0x00C7, 0x00C7, 0x00C7, 0x00C7,
    0x00C7, 0x00C6, 0x00C6, 0x00C6, 0x00C6, 0x00A6, 0x00A6, 0x00C6, 0x0045, 0x3A8D, 0xCF9F, 0xBF1F, 0xAEFF, 0xB71F, 0xF7FF, 0xF7DF,
    0xF7DF, 0xF7DF, 0xF7DF, 0xF7DF, 0xF7DF, 0xF7DF, 0xF7DF, 0xF7DF, 0xF7DF, 0xF7DF, 0xF7DF, 0xF7DF, 0xF7DF, 0xF7DF, 0xF7DF, 0xF7DF,
    0xF7DF, 0xF7DF, 0xF7DF, 0xF7DF, 0xF7DF, 0xF7DF, 0xF7DF, 0xF7DF, 0xF7DF, 0xF7DF, 0xF7DF, 0xF7DF, 0xF7DF, 0xF7DF, 0xF7DF, 0xF7DF,
    0xF7DF, 0xF7DF, 0xF7DF, 0xF7DF, 0xF7DF, 0xF7BF, 0xFFFF, 0x4ACD, 0x0023, 0x10E6, 0x08C5, 0x08C5, 0x10C5, 0x10E5, 0x0883, 0x08A4,
    0x08A4, 0x0883, 0x0883, 0x08A4, 0x08A4, 0x08A4, 0x08C4, 0x0042, 0x2967, 0xF7BF, 0xF7DF, 0xF7DF, 0xF7DF, 0xF7DF, 0xF7DF, 0xF7DF,
    0xF7DF, 0xF7DF, 0xF7DF, 0xF7DF, 0xF7DF, 0xF7DF, 0xF7DF, 0xF7DF, 0xF7DF, 0xF7DF, 0xF7DF, 0xF7DF, 0xF7DF, 0xF7DF, 0xF7DF, 0xF7DF,
    0xF7DF, 0xF7DF, 0xF7DF, 0xF7DF, 0xF7DF, 0xF7DF, 0xF7DF, 0xF7DF, 0xF7DF, 0xF7DF, 0xF7DF, 0xF7DF, 0xF7DF, 0xF7DF, 0xF7DF, 0xF7DF,
    0xF7DF, 0xF7DF, 0xB6FF, 0xAEDF, 0xB71F, 0xC75F, 0x2A4D, 0x0087, 0x00E8, 0x00C7, 0x00C7, 0x00C7, 0x00C7, 0x00C7, 0x00C7, 0x00C7,
    0x00C7, 0x00E7, 0x00E7, 0x00E7, 0x00C8, 0x00C8, 0x00C7, 0x00C8, 0x00E8, 0x00E8, 0x00E9, 0x00E9, 0x012A, 0x014B, 0x014B, 0x014B,
    0x012B, 0x010B, 0x010A, 0x010A, 0x010A, 0x010A, 0x010A, 0x0109, 0x0109, 0x00E9, 0x00E9, 0x00E9, 0x00E9, 0x00E9, 0x00E9, 0x00E9,
    0x00E9, 0x00EA, 0x00EA, 0x010B, 0x010A, 0x00E9, 0x00E9, 0x00E8, 0x00C8, 0x00E8, 0x00E8, 0x00E8, 0x00E8, 0x00C8, 0x00E8, 0x00E8,
    0x00E7, 0x00E7, 0x00E7, 0x00E7, 0x00E7, 0x00C7, 0x00E7, 0x00E7, 0x00C7, 0x00C7, 0x00E7, 0x00E7, 0x00E7, 0x00E7, 0x00E7, 0x00C7,
    0x00E7, 0x00E7, 0x00E8, 0x00C7, 0x00C8, 0x00C8, 0x00C8, 0x00E8, 0x00E8, 0x00E9, 0x010A, 0x010B, 0x00E9, 0x00EA, 0x00EA, 0x00EA,
    0x00EA, 0x00EA, 0x00EA, 0x00EA, 0x00EA, 0x010A, 0x010A, 0x010A, 0x010A, 0x010A, 0x010A, 0x012B, 0x012B, 0x012B, 0x012C, 0x014C,
    0x096C, 0x096C, 0x014C, 0x010A, 0x00E9, 0x00E9, 0x00E9, 0x00C8, 0x00C8, 0x00C7, 0x00C7, 0x00C7, 0x00C7, 0x00C7, 0x00C7, 0x00C7,
    0x00C7, 0x00C7, 0x00C7, 0x00C6, 0x00C6, 0x00C6, 0x00A6, 0x00A6, 0x00C6, 0x0065, 0x9599, 0xCF7F, 0xB71F, 0xA6DF, 0xDF9F, 0xF7FF,
    0xF7DF, 0xF7DF, 0xF7DF, 0xF7DF, 0xF7DF, 0xF7DF, 0xF7DF, 0xF7DF, 0xF7DF, 0xF7DF, 0xF7DF, 0xF7DF, 0xF7DF, 0xF7DF, 0xF7DF, 0xF7DF,
    0xF7DF, 0xF7DF, 0xF7DF, 0xF7DF, 0xF7DF, 0xF7DF, 0xF7DF, 0xF7DF, 0xF7DF, 0xF7DF, 0xF7DF, 0xF7DF, 0xF7DF, 0xF7DF, 0xF7DF, 0xF7DF,
    0xF7DF, 0xF7DF, 0xF7DF, 0xF7DF, 0xF7DF, 0xF7BF, 0xFFFF, 0x4ACD, 0x0023, 0x1106, 0x08C5, 0x10C5, 0x10C5, 0x10E5, 0x0883, 0x08A4,
    0x08A4, 0x0883, 0x0883, 0x08A4, 0x08A4, 0x08A4, 0x08C4, 0x0042, 0x2967, 0xF7BF, 0xF7DF, 0xF7DF, 0xF7DF, 0xF7DF, 0xF7DF, 0xF7DF,
    0xF7DF, 0xF7DF, 0xF7DF, 0xF7DF, 0xF7DF, 0xF7DF, 0xF7DF, 0xF7DF, 0xF7DF, 0xF7DF, 0xF7DF, 0xF7DF, 0xF7DF, 0xF7DF, 0xF7DF, 0xF7DF,
    0xF7DF, 0xF7DF, 0xF7DF, 0xF7DF, 0xF7DF, 0xF7DF, 0xF7DF, 0xF7DF, 0xF7DF, 0xF7DF, 0xF7DF, 0xF7DF, 0xF7DF, 0xF7DF, 0xF7DF, 0xF7DF,
    0xF7DF, 0xDF9F, 0xA6DF, 0xB6FF, 0xC77F, 0x8558, 0x0087, 0x00E8, 0x00C7, 0x00C7, 0x00C7, 0x00C7, 0x00C7, 0x00C7, 0x00E7, 0x00E7,
    0x00C7, 0x00E7, 0x00C7, 0x00E7, 0x00C8, 0x00E8, 0x00C8, 0x00C8, 0x00C8, 0x00E8, 0x00E9, 0x010A, 0x012A, 0x012B, 0x012B, 0x012B,
    0x012B, 0x012A, 0x012A, 0x010A, 0x010A, 0x010A, 0x010A, 0x010A, 0x00E9, 0x0109, 0x00E9, 0x0109, 0x00E9, 0x0109, 0x00E9, 0x00EA,
    0x00EA, 0x00EA, 0x00EA, 0x00EA, 0x00EA, 0x010A, 0x00E9, 0x00E9, 0x00E8, 0x00E8, 0x00E8, 0x00E8, 0x00C8, 0x00E8, 0x00C7, 0x00E8,
    0x00E7, 0x00E7, 0x00E7, 0x00E7, 0x00E7, 0x00E7, 0x00C7, 0x00C7, 0x00C7, 0x00C7, 0x00C7, 0x00E7, 0x00C7, 0x00E7, 0x00C7, 0x00E7,
    0x00E7, 0x00E7, 0x00E7, 0x00C7, 0x00C8, 0x00E8, 0x00E8, 0x00E9, 0x00E9, 0x010A, 0x00E9, 0x00EA, 0x00E9, 0x00EA, 0x00EA, 0x00EA,
    0x00EA, 0x010A, 0x00EA, 0x010A, 0x00EA, 0x010A, 0x010A, 0x010A, 0x010A, 0x010A, 0x010B, 0x012B, 0x012B, 0x012B, 0x012B, 0x014C,
    0x014C, 0x014C, 0x014B, 0x012B, 0x010A, 0x00E9, 0x00E9, 0x00C8, 0x00C8, 0x00C8, 0x00C7, 0x00C7, 0x00C7, 0x00C7, 0x00C7, 0x00C7,
    0x00C7, 0x00C7, 0x00C7, 0x00C6, 0x00C6, 0x00C6, 0x00C6, 0x00C6, 0x00C6, 0x0065, 0x3A8D, 0xC77F, 0xBF1F, 0xAEDF, 0xBF1F, 0xFFFF,
    0xF7DF, 0xF7DF, 0xF7DF, 0xF7DF, 0xF7DF, 0xF7DF, 0xF7DF, 0xF7DF, 0xF7DF, 0xF7DF, 0xF7DF, 0xF7DF, 0xF7DF, 0xF7DF, 0xF7DF, 0xF7DF,
    0xF7DF, 0xF7DF, 0xF7DF, 0xF7DF, 0xF7DF, 0xF7DF, 0xF7DF, 0xF7DF, 0xF7DF, 0xF7DF, 0xF7DF, 0xF7DF, 0xF7DF, 0xF7DF, 0xF7DF, 0xF7DF,
    0xF7DF, 0xF7DF, 0xF7DF, 0xF7DF, 0xF7DF, 0xF7BF, 0xFFFF, 0x4ACD, 0x0023, 0x10E6, 0x08C5, 0x10E5, 0x10C5, 0x10E5, 0x0883, 0x08A4,
    0x08A4, 0x0883, 0x0883, 0x08A4, 0x08A4, 0x08A4, 0x08C4, 0x0042, 0x2967, 0xF7BF, 0xF7DF, 0xF7DF, 0xF7DF, 0xF7DF, 0xF7DF, 0xF7DF,
    0xF7DF, 0xF7DF, 0xF7DF, 0xF7DF, 0xF7DF, 0xF7DF, 0xF7DF, 0xF7DF, 0xF7DF, 0xF7DF, 0xF7DF, 0xF7DF, 0xF7DF, 0xF7DF, 0xF7DF, 0xF7DF,
    0xF7DF, 0xF7DF, 0xF7DF, 0xF7DF, 0xF7DF, 0xF7DF, 0xF7DF, 0xF7DF, 0xF7DF, 0xF7DF, 0xF7DF, 0xF7DF, 0xF7DF, 0xF7DF, 0xF7DF, 0xEFDF,
    0xF7FF, 0xBF1F, 0xAEFF, 0xBF1F, 0xC77F, 0x328E, 0x0086, 0x00E8, 0x00C7, 0x00C7, 0x00C7, 0x00C7, 0x00C7, 0x00C7, 0x00C7, 0x00C7,
    0x00E7, 0x00C7, 0x00C7, 0x00C7, 0x00E8, 0x00C8, 0x00C8, 0x00E8, 0x00E8, 0x00E8, 0x00E9, 0x0109, 0x010A, 0x012A, 0x012B, 0x012B,
    0x012B, 0x012A, 0x012A, 0x012A, 0x010A, 0x010A, 0x010A, 0x010A, 0x010A, 0x0109, 0x00E9, 0x010A, 0x00EA, 0x010A, 0x00EA, 0x010A,
    0x00EA, 0x00EA, 0x00EA, 0x00EA, 0x00EA, 0x00EA, 0x010B, 0x00E9, 0x00E9, 0x00E8, 0x00E8, 0x00E8, 0x00E8, 0x00C8, 0x00C7, 0x00C8,
    0x00E7, 0x00C7, 0x00E7, 0x00E7, 0x00E7, 0x00C7, 0x00C7, 0x00E7, 0x00C7, 0x00E7, 0x00E7, 0x00C7, 0x00C7, 0x00C7, 0x00E7, 0x00E7,
    0x00E7, 0x00C7, 0x00C8, 0x00C7, 0x00C8, 0x00E8, 0x00E9, 0x00E9, 0x010B, 0x00EA, 0x00E9, 0x00E9, 0x0109, 0x00EA, 0x010A, 0x00EA,
    0x010A, 0x00EA, 0x00EA, 0x00EA, 0x010A, 0x010A, 0x010A, 0x010A, 0x010A, 0x010A, 0x012B, 0x012B, 0x012B, 0x012B, 0x012B, 0x014C,
    0x014C, 0x012B, 0x012B, 0x012A, 0x0109, 0x00E9, 0x00EA, 0x00E9, 0x00E8, 0x00C8, 0x00C8, 0x00C7, 0x00C7, 0x00C7, 0x00C7, 0x00C7,
    0x00C7, 0x00C7, 0x00C7, 0x00C6, 0x00C6, 0x00C6, 0x00C6, 0x00C6, 0x00C6, 0x00C6, 0x0086, 0x9DDA, 0xC75F, 0xB6FF, 0xA6BF, 0xEFBF,
    0xF7DF, 0xF7DF, 0xF7DF, 0xF7DF, 0xF7DF, 0xF7DF, 0xF7DF, 0xF7DF, 0xF7DF, 0xF7DF, 0xF7DF, 0xF7DF, 0xF7DF, 0xF7DF, 0xF7DF, 0xF7DF,
    0xF7DF, 0xF7DF, 0xF7DF, 0xF7DF, 0xF7DF, 0xF7DF, 0xF7DF, 0xF7DF, 0xF7DF, 0xF7DF, 0xF7DF, 0xF7DF, 0xF7DF, 0xF7DF, 0xF7DF, 0xF7DF,
    0xF7DF, 0xF7DF, 0xF7DF, 0xF7DF, 0xF7DF, 0xF7DF, 0xFFFF, 0x4AAD, 0x0023, 0x10E6, 0x08C5, 0x08C5, 0x10C5, 0x10E5, 0x0883, 0x08A4,
    0x08A4, 0x0883, 0x0883, 0x08A4, 0x08A4, 0x08A4, 0x08C4, 0x0042, 0x2967, 0xF7BF, 0xF7DF, 0xF7DF, 0xF7DF, 0xF7DF, 0xF7DF, 0xF7DF,
    0xF7DF, 0xF7DF, 0xF7DF, 0xF7DF, 0xF7DF, 0xF7DF, 0xF7DF, 0xF7DF, 0xF7DF, 0xF7DF, 0xF7DF, 0xF7DF, 0xF7DF, 0xF7DF, 0xF7DF, 0xF7DF,
    0xF7DF, 0xF7DF, 0xF7DF, 0xF7DF, 0xF7DF, 0xF7DF, 0xF7DF, 0xF7DF, 0xF7DF, 0xF7DF, 0xF7DF, 0xF7DF, 0xF7DF, 0xF7DF, 0xF7DF, 0xF7DF,
    0xEFBF, 0xA6DF, 0xB6FF, 0xC77F, 0x9E1B, 0x00C8, 0x00E8, 0x00C7, 0x00C7, 0x00C7, 0x00C7, 0x00C7, 0x00C7, 0x00C7, 0x00C7, 0x00C7,
    0x00C7, 0x00E7, 0x00C8, 0x00C7, 0x00C8, 0x00E8, 0x00E8, 0x00C8, 0x00E8, 0x00E8, 0x00E8, 0x00E9, 0x0109, 0x010A, 0x012A, 0x012B,
    0x012B, 0x012B, 0x012A, 0x010A, 0x010A, 0x010A, 0x010A, 0x010A, 0x010A, 0x010A, 0x0109, 0x00E9, 0x00E9, 0x00E9, 0x00EA, 0x00EA,
    0x00EA, 0x010A, 0x00EA, 0x00EA, 0x00E9, 0x00EA, 0x00EA, 0x00E9, 0x00EA, 0x00E9, 0x00E8, 0x00E8, 0x00C8, 0x00C7, 0x00C8, 0x00E8,
    0x00E7, 0x00E7, 0x00E7, 0x00E7, 0x00E7, 0x00C7, 0x00C7, 0x00E7, 0x00C7, 0x00C7, 0x00C7, 0x00C7, 0x00C7, 0x00C7, 0x00E7, 0x00E7,
    0x00C7, 0x00C7, 0x00C8, 0x00C8, 0x00E8, 0x00E8, 0x00E9, 0x00E9, 0x00E9, 0x00E9, 0x00E9, 0x00E9, 0x00EA, 0x010A, 0x00EA, 0x00EA,
    0x00EA, 0x010A, 0x010A, 0x00EA, 0x00EA, 0x010A, 0x010A, 0x010A, 0x010A, 0x010B, 0x012B, 0x012B, 0x012B, 0x012B, 0x012C, 0x014C,
    0x012B, 0x012B, 0x012A, 0x010A, 0x00E9, 0x00E9, 0x00E9, 0x00C9, 0x00E9, 0x00C8, 0x00C8, 0x00C7, 0x00C7, 0x00C7, 0x00C7, 0x00C7,
    0x00C7, 0x00C7, 0x00C7, 0x00C6, 0x00C6, 0x00C6, 0x00C6, 0x00C6, 0x00C6, 0x00C7, 0x0045, 0x4B30, 0xCF9F, 0xB71F, 0xA6BF, 0xCF5F,
    0xFFFF, 0xF7DF, 0xF7DF, 0xF7DF, 0xF7DF, 0xF7DF, 0xF7DF, 0xF7DF, 0xF7DF, 0xF7DF, 0xF7DF, 0xF7DF, 0xF7DF, 0xF7DF, 0xF7DF, 0xF7DF,
    0xF7DF, 0xF7DF, 0xF7DF, 0xF7DF, 0xF7DF, 0xF7DF, 0xF7DF, 0xF7DF, 0xF7DF, 0xF7DF, 0xF7DF, 0xF7DF, 0xF7DF, 0xF7DF, 0xF7DF, 0xF7DF,
    0xF7DF, 0xF7DF, 0xF7DF, 0xF7DF, 0xF7DF, 0xF7DF, 0xFFFF, 0x4ACD, 0x0023, 0x1106, 0x08C5, 0x10C5, 0x10C5, 0x10E5, 0x0883, 0x08A4,
    0x08A4, 0x0883, 0x0883, 0x08A4, 0x08A4, 0x08A4, 0x08C4, 0x0042, 0x2967, 0xF7BF, 0xF7DF, 0xF7DF, 0xF7DF, 0xF7DF, 0xF7DF, 0xF7DF,
    0xF7DF, 0xF7DF, 0xF7DF, 0xF7DF, 0xF7DF, 0xF7DF, 0xF7DF, 0xF7DF, 0xF7DF, 0xF7DF, 0xF7DF, 0xF7DF, 0xF7DF, 0xF7DF, 0xF7DF, 0xF7DF,
    0xF7DF, 0xF7DF, 0xF7DF, 0xF7DF, 0xF7DF, 0xF7DF, 0xF7DF, 0xF7DF, 0xF7DF, 0xF7DF, 0xF7DF, 0xF7DF, 0xF7DF, 0xF7DF, 0xEFBF, 0xF7DF,
    0xD75F, 0xA6BF, 0xB71F, 0xCF9F, 0x5BD3, 0x0066, 0x00E8, 0x00C7, 0x00C7, 0x00C7, 0x00C7, 0x00C7, 0x00C7, 0x00C7, 0x00C7, 0x00C7,
    0x00C7, 0x00E7, 0x00C8, 0x00C8, 0x00C8, 0x00E8, 0x00C8, 0x00E8, 0x00E8, 0x00E8, 0x00E8, 0x00E9, 0x0109, 0x010A, 0x012A, 0x012A,
    0x012B, 0x012A, 0x012A, 0x010A, 0x010A, 0x010A, 0x010A, 0x010A, 0x010A, 0x010A, 0x00E9, 0x00EA, 0x010A, 0x010A, 0x010A, 0x00EA,
    0x010A, 0x00EA, 0x00EA, 0x00EA, 0x00EA, 0x00E9, 0x00E9, 0x00E9, 0x00E9, 0x00EA, 0x00E9, 0x00E8, 0x00C8, 0x00C8, 0x00C8, 0x00C7,
    0x00C7, 0x00C7, 0x00E7, 0x00E7, 0x00C7, 0x00E7, 0x00C7, 0x00E7, 0x00C7, 0x00C7, 0x00C7, 0x00C7, 0x00C7, 0x00C7, 0x00E7, 0x00E7,
    0x00E7, 0x00C7, 0x00C8, 0x00C8, 0x00E8, 0x00E9, 0x00E9, 0x00E9, 0x00E9, 0x00E9, 0x00E9, 0x00EA, 0x010A, 0x00EA, 0x00EA, 0x010A,
    0x010A, 0x00EA, 0x00EA, 0x010A, 0x010A, 0x010A, 0x010A, 0x010A, 0x010A, 0x010B, 0x012B, 0x012B, 0x012B, 0x012B, 0x012B, 0x012B,
    0x012B, 0x012B, 0x010A, 0x010A, 0x00E9, 0x00E9, 0x00E9, 0x00C8, 0x00C8, 0x00E9, 0x00C8, 0x00C8, 0x00C7, 0x00C7, 0x00C7, 0x00C7,
    0x00C7, 0x00C7, 0x00C7, 0x00C7, 0x00C6, 0x00C6, 0x00C6, 0x00C6, 0x00C6, 0x00C6, 0x00A6, 0x1128, 0xB6BE, 0xC75F, 0xAEFF, 0xB6FF,
    0xF7DF, 0xF7DF, 0xF7DF, 0xF7DF, 0xF7DF, 0xF7DF, 0xF7DF, 0xF7DF, 0xF7DF, 0xF7DF, 0xF7DF, 0xF7DF, 0xF7DF, 0xF7DF, 0xF7DF, 0xF7DF,
    0xF7DF, 0xF7DF, 0xF7DF, 0xF7DF, 0xF7DF, 0xF7DF, 0xF7DF, 0xF7DF, 0xF7DF, 0xF7DF, 0xF7DF, 0xF7DF, 0xF7DF, 0xF7DF, 0xF7DF, 0xF7DF,
    0xF7DF, 0xF7DF, 0xF7DF, 0xF7DF, 0xF7DF, 0xF7DF, 0xFFFF, 0x4ACD, 0x0023, 0x1106, 0x10E5, 0x10E5, 0x10C5, 0x10E5, 0x0883, 0x08A4,
    0x08A4, 0x0883, 0x0883, 0x08A4, 0x08A4, 0x08A4, 0x08C4, 0x0042, 0x2967, 0xF7BF, 0xF7DF, 0xF7DF, 0xF7DF, 0xF7DF, 0xF7DF, 0xF7DF,
    0xF7DF, 0xF7DF, 0xF7DF, 0xF7DF, 0xF7DF, 0xF7DF, 0xF7DF, 0xF7DF, 0xF7DF, 0xF7DF, 0xF7DF, 0xF7DF, 0xF7DF, 0xF7DF, 0xF7DF, 0xF7DF,
    0xF7DF, 0xF7DF, 0xF7DF, 0xF7DF, 0xF7DF, 0xF7DF, 0xF7DF, 0xF7DF, 0xF7DF, 0xF7DF, 0xF7DF, 0xF7DF, 0xF7DF, 0xF7DF, 0xF7DF, 0xF7DF,
    0xB6FF, 0xAEFF, 0xBF3F, 0xBF3F, 0x19CB, 0x00A7, 0x00E7, 0x00C7, 0x00C7, 0x00C7, 0x00C7, 0x00C7, 0x00E7, 0x00C7, 0x00C7, 0x00C7,
    0x00C7, 0x00C7, 0x00C8, 0x00E8, 0x00E8, 0x00C8, 0x00E8, 0x00C8, 0x00E8, 0x00E8, 0x00E8, 0x00E9, 0x0109, 0x010A, 0x010A, 0x012A,
    0x012A, 0x012A, 0x012A, 0x012A, 0x010A, 0x010A, 0x010A, 0x010A, 0x010A, 0x010A, 0x010A, 0x010A, 0x00EA, 0x00EA, 0x00EA, 0x00EA,
    0x00EA, 0x010A, 0x00EA, 0x00EA, 0x010A, 0x00EA, 0x00E9, 0x00E9, 0x00E9, 0x00E9, 0x00EA, 0x00E9, 0x00C8, 0x00C8, 0x00C8, 0x00C8,
    0x00C7, 0x00C7, 0x00E7, 0x00C7, 0x00C7, 0x00C7, 0x00E7, 0x00C7, 0x00C7, 0x00C7, 0x00C7, 0x00C7, 0x00C7, 0x00C7, 0x00C7, 0x00C7,
    0x00C8, 0x00C8, 0x00C8, 0x00E8, 0x00E9, 0x00E8, 0x00E8, 0x00E9, 0x00E9, 0x00E9, 0x00E9, 0x00E9, 0x00E9, 0x00EA, 0x010A, 0x00EA,
    0x00EA, 0x010A, 0x010A, 0x00EA, 0x010A, 0x010A, 0x010A, 0x010A, 0x010A, 0x012B, 0x012B, 0x012B, 0x012B, 0x012B, 0x012B, 0x012B,
    0x012B, 0x012A, 0x010A, 0x010A, 0x00E9, 0x00E9, 0x00E9, 0x00E8, 0x00C8, 0x00C8, 0x00E9, 0x00C8, 0x00C8, 0x00C7, 0x00C7, 0x00C7,
    0x00C7, 0x00C7, 0x00C7, 0x00C7, 0x00C6, 0x00C6, 0x00C6, 0x00C6, 0x00A6, 0x00A6, 0x00C6, 0x0045, 0x84F6, 0xCF9F, 0xB6FF, 0xA6DF,
    0xE7BF, 0xF7DF, 0xF7DF, 0xF7DF, 0xF7DF, 0xF7DF, 0xF7DF, 0xF7DF, 0xF7DF, 0xF7DF, 0xF7DF, 0xF7DF, 0xF7DF, 0xF7DF, 0xF7DF, 0xF7DF,
    0xF7DF, 0xF7DF, 0xF7DF, 0xF7DF, 0xF7DF, 0xF7DF, 0xF7DF, 0xF7DF, 0xF7DF, 0xF7DF, 0xF7DF, 0xF7DF, 0xF7DF, 0xF7DF, 0xF7DF, 0xF7DF,
    0xF7DF, 0xF7DF, 0xF7DF, 0xF7DF, 0xF7DF, 0xF7DF, 0xFFFF, 0x4AAD, 0x0043, 0x1106, 0x10C5, 0x10C5, 0x10C5, 0x10E5, 0x0883, 0x08A4,
    0x08A4, 0x0883, 0x0883, 0x08A4, 0x08A4, 0x08A4, 0x08C4, 0x0042, 0x2967, 0xF7DF, 0xF7DF, 0xF7DF, 0xF7DF, 0xF7DF, 0xF7DF, 0xF7DF,
    0xF7DF, 0xF7DF, 0xF7DF, 0xF7DF, 0xF7DF, 0xF7DF, 0xF7DF, 0xF7DF, 0xF7DF, 0xF7DF, 0xF7DF, 0xF7DF, 0xF7DF, 0xF7DF, 0xF7DF, 0xF7DF,
    0xF7DF, 0xF7DF, 0xF7DF, 0xF7DF, 0xF7DF, 0xF7DF, 0xF7DF, 0xF7DF, 0xF7DF, 0xF7DF, 0xF7DF, 0xF7DF, 0xF7DF, 0xF7DF, 0xF7DF, 0xEFBF,
    0xAEDF, 0xB71F, 0xCF7F, 0x95DA, 0x0087, 0x00E7, 0x00C7, 0x00C7, 0x00C7, 0x00C7, 0x00C7, 0x00C7, 0x00E7, 0x00C7, 0x00E7, 0x00C7,
    0x00C7, 0x00C7, 0x00C8, 0x00E8, 0x00C8, 0x00E8, 0x00C8, 0x00E8, 0x00E8, 0x00E8, 0x00E8, 0x00E9, 0x0109, 0x0109, 0x010A, 0x012A,
    0x012A, 0x012A, 0x010A, 0x010A, 0x010A, 0x010A, 0x010A, 0x010A, 0x010A, 0x010A, 0x010A, 0x00EA, 0x010A, 0x010A, 0x010A, 0x00EA,
    0x010A, 0x00EA, 0x00EA, 0x00EA, 0x00E9, 0x00E9, 0x00E9, 0x00E9, 0x00E9, 0x00E9, 0x00E9, 0x00E9, 0x00E9, 0x00E8, 0x00C8, 0x00C7,
    0x00C8, 0x00C7, 0x00C7, 0x00C7, 0x00C7, 0x00E7, 0x00C7, 0x00C7, 0x00C7, 0x00C7, 0x00C7, 0x00C7, 0x00C7, 0x00C7, 0x00C7, 0x00C8,
    0x00C8, 0x00C8, 0x00C8, 0x00E9, 0x00C8, 0x00E8, 0x00E8, 0x00E9, 0x00E9, 0x00E9, 0x00E9, 0x00E9, 0x00E9, 0x00EA, 0x00EA, 0x00EA,
    0x010A, 0x00EA, 0x00EA, 0x010A, 0x010A, 0x010A, 0x010A, 0x010A, 0x010A, 0x012B, 0x012B, 0x012B, 0x012B, 0x012B, 0x012B, 0x012B,
    0x012B, 0x010A, 0x010A, 0x0109, 0x00E9, 0x00E9, 0x00E9, 0x00C8, 0x00E8, 0x00C8, 0x00C8, 0x00C9, 0x00C8, 0x00C7, 0x00C7, 0x00C7,
    0x00C7, 0x00C7, 0x00C7, 0x00C6, 0x00C6, 0x00C6, 0x00C6, 0x00C6, 0x00A6, 0x00A6, 0x00C6, 0x0045, 0x42CE, 0xC77F, 0xB6FF, 0xA6DF,
    0xCF5F, 0xFFFF, 0xF7DF, 0xF7DF, 0xF7DF, 0xF7DF, 0xF7DF, 0xF7DF, 0xF7DF, 0xF7DF, 0xF7DF, 0xF7DF, 0xF7DF, 0xF7DF, 0xF7DF, 0xF7DF,
    0xF7DF, 0xF7DF, 0xF7DF, 0xF7DF, 0xF7DF, 0xF7DF, 0xF7DF, 0xF7DF, 0xF7DF, 0xF7DF, 0xF7DF, 0xF7DF, 0xF7DF, 0xF7DF, 0xF7DF, 0xF7DF,
    0xF7DF, 0xF7DF, 0xF7DF, 0xF7DF, 0xF7DF, 0xF7DF, 0xFFFF, 0x4AAD, 0x0023, 0x1106, 0x08E5, 0x10C5, 0x10C5, 0x10E5, 0x0883, 0x08A4,
    0x08A4, 0x0883, 0x0883, 0x08A4, 0x08A4, 0x08A4, 0x08C4, 0x0042, 0x2967, 0xF7BF, 0xF7DF, 0xF7DF, 0xF7DF, 0xF7DF, 0xF7DF, 0xF7DF,
    0xF7DF, 0xF7DF, 0xF7DF, 0xF7DF, 0xF7DF, 0xF7DF, 0xF7DF, 0xF7DF, 0xF7DF, 0xF7DF, 0xF7DF, 0xF7DF, 0xF7DF, 0xF7DF, 0xF7DF, 0xF7DF,
    0xF7DF, 0xF7DF, 0xF7DF, 0xF7DF, 0xF7DF, 0xF7DF, 0xF7DF, 0xF7DF, 0xF7DF, 0xF7DF, 0xF7DF, 0xF7DF, 0xF7DF, 0xF7DF, 0xF7DF, 0xDF7F,
    0xA6DF, 0xB71F, 0xCF9F, 0x5BD3, 0x0046, 0x00E8, 0x00C7, 0x00C7, 0x00C7, 0x00C7, 0x00C7, 0x00C7, 0x00C7, 0x00C7, 0x00C7, 0x00C7,
    0x00C7, 0x00C8, 0x00C8, 0x00C8, 0x00E8, 0x00C8, 0x00E8, 0x00C8, 0x00E8, 0x00E8, 0x00E8, 0x00E9, 0x00E9, 0x0109, 0x010A, 0x010A,
    0x012A, 0x012A, 0x012A, 0x012A, 0x010A, 0x010A, 0x010A, 0x010A, 0x010A, 0x010A, 0x00EA, 0x010A, 0x00EA, 0x00EA, 0x00EA, 0x00EA,
    0x00EA, 0x010A, 0x00EA, 0x00EA, 0x0109, 0x00E9, 0x00E9, 0x00E9, 0x00E9, 0x00E9, 0x00E9, 0x00E9, 0x00E9, 0x00E8, 0x00C8, 0x00C8,
    0x00C8, 0x00C7, 0x00C7, 0x00C7, 0x00C7, 0x00C7, 0x00C7, 0x00E7, 0x00C7, 0x00C7, 0x00C7, 0x00E7, 0x00C7, 0x00C7, 0x00C7, 0x00C8,
    0x00C8, 0x00C8, 0x00E8, 0x00C8, 0x00E8, 0x00E8, 0x00E8, 0x00E9, 0x00E9, 0x00E9, 0x00E9, 0x00E9, 0x00E9, 0x00E9, 0x00EA, 0x00EA,
    0x00EA, 0x010A, 0x010A, 0x010A, 0x010A, 0x010A, 0x010A, 0x010A, 0x010B, 0x010B, 0x012B, 0x012B, 0x012B, 0x012B, 0x012B, 0x012B,
    0x012A, 0x010A, 0x010A, 0x00E9, 0x00E9, 0x00E9, 0x00E9, 0x00E8, 0x00C8, 0x00C8, 0x00C8, 0x00C8, 0x00C8, 0x00C8, 0x00C7, 0x00C7,
    0x00C7, 0x00C7, 0x00C7, 0x00C6, 0x00C6, 0x00C6, 0x00C6, 0x00C6, 0x00A6, 0x00A6, 0x00C6, 0x0085, 0x1148, 0xB6BE, 0xBF3F, 0xAEDF,
    0xBF1F, 0xF7DF, 0xF7DF, 0xF7DF, 0xF7DF, 0xF7DF, 0xF7DF, 0xF7DF, 0xF7DF, 0xF7DF, 0xF7DF, 0xF7DF, 0xF7DF, 0xF7DF, 0xF7DF, 0xF7DF,
    0xF7DF, 0xF7DF, 0xF7DF, 0xF7DF, 0xF7DF, 0xF7DF, 0xF7DF, 0xF7DF, 0xF7DF, 0xF7DF, 0xF7DF, 0xF7DF, 0xF7DF, 0xF7DF, 0xF7DF, 0xF7DF,
    0xF7DF, 0xF7DF, 0xF7DF, 0xF7DF, 0xF7DF, 0xF7BF, 0xFFFF, 0x4AAD, 0x0023, 0x1106, 0x10C5, 0x10C5, 0x10C5, 0x10E5, 0x0883, 0x08A4,
    0x08A4, 0x0883, 0x0883, 0x08A4, 0x08A4, 0x08A4, 0x08C4, 0x0042, 0x2967, 0xF7BF, 0xF7DF, 0xF7DF, 0xF7DF, 0xF7DF, 0xF7DF, 0xF7DF,
    0xF7DF, 0xF7DF, 0xF7DF, 0xF7DF, 0xF7DF, 0xF7DF, 0xF7DF, 0xF7DF, 0xF7DF, 0xF7DF, 0xF7DF, 0xF7DF, 0xF7DF, 0xF7DF, 0xF7DF, 0xF7DF,
    0xF7DF, 0xF7DF, 0xF7DF, 0xF7DF, 0xF7DF, 0xF7DF, 0xF7DF, 0xF7DF, 0xF7DF, 0xF7DF, 0xF7DF, 0xF7DF, 0xF7DF, 0xF7DF, 0xFFFF, 0xC73F,
    0xA6DF, 0xBF1F, 0xBF3F, 0x2A2D, 0x0086, 0x00C7, 0x00C7, 0x00C7, 0x00C7, 0x00C7, 0x00C7, 0x00C7, 0x00C7, 0x00C7, 0x00C7, 0x00E7,
    0x00C8, 0x00C8, 0x00E8, 0x00C8, 0x00C8, 0x00E8, 0x00C8, 0x00E8, 0x00E8, 0x00E8, 0x00E8, 0x00E9, 0x00E9, 0x0109, 0x0109, 0x010A,
    0x010A, 0x012A, 0x010A, 0x010A, 0x012A, 0x010A, 0x010A, 0x010A, 0x010A, 0x010A, 0x010A, 0x00EA, 0x010A, 0x010A, 0x010A, 0x00EA,
    0x010A, 0x00EA, 0x00EA, 0x00E9, 0x00E9, 0x00E9, 0x00E9, 0x00E9, 0x00E9, 0x00E9, 0x00E9, 0x00E9, 0x00E8, 0x00E9, 0x00C8, 0x00C8,
    0x00C8, 0x00C7, 0x00C7, 0x00E7, 0x00C7, 0x00C7, 0x00C7, 0x00C7, 0x00C7, 0x00C7, 0x00C7, 0x00C7, 0x00E8, 0x00E7, 0x00C7, 0x00C8,
    0x00C8, 0x00E8, 0x00C8, 0x00E8, 0x00C8, 0x00E8, 0x00E8, 0x00E8, 0x00E9, 0x00E9, 0x00E9, 0x00E9, 0x00E9, 0x00E9, 0x00EA, 0x010A,
    0x00EA, 0x00EA, 0x010A, 0x00EA, 0x010A, 0x010A, 0x010A, 0x010A, 0x010B, 0x012B, 0x012B, 0x012B, 0x012B, 0x012B, 0x012B, 0x012B,
    0x010A, 0x010A, 0x0109, 0x00E9, 0x00E9, 0x00E9, 0x00E8, 0x00C8, 0x00E8, 0x00C8, 0x00C8, 0x00C8, 0x00C8, 0x00C8, 0x00C7, 0x00C7,
    0x00C7, 0x00C7, 0x00C7, 0x00C6, 0x00C6, 0x00C6, 0x00A6, 0x00C6, 0x00A6, 0x00A6, 0x00A6, 0x00C6, 0x0085, 0x9599, 0xC77F, 0xB6FF,
    0xAEFF, 0xEFDF, 0xF7DF, 0xF7DF, 0xF7DF, 0xF7DF, 0xF7DF, 0xF7DF, 0xF7DF, 0xF7DF, 0xF7DF, 0xF7DF, 0xF7DF, 0xF7DF, 0xF7DF, 0xF7DF,
    0xF7DF, 0xF7DF, 0xF7DF, 0xF7DF, 0xF7DF, 0xF7DF, 0xF7DF, 0xF7DF, 0xF7DF, 0xF7DF, 0xF7DF, 0xF7DF, 0xF7DF, 0xF7DF, 0xF7DF, 0xF7DF,
    0xF7DF, 0xF7DF, 0xF7DF, 0xF7DF, 0xF7DF, 0xF7BF, 0xFFFF, 0x4AAD, 0x0023, 0x1106, 0x08C5, 0x10C5, 0x10C5, 0x10E5, 0x0883, 0x08A4,
    0x08A4, 0x0883, 0x0883, 0x08A4, 0x08A4, 0x08A4, 0x08C4, 0x0042, 0x2967, 0xF7BF, 0xF7DF, 0xF7DF, 0xF7DF, 0xF7DF, 0xF7DF, 0xF7DF,
    0xF7DF, 0xF7DF, 0xF7DF, 0xF7DF, 0xF7DF, 0xF7DF, 0xF7DF, 0xF7DF, 0xF7DF, 0xF7DF, 0xF7DF, 0xF7DF, 0xF7DF, 0xF7DF, 0xF7DF, 0xF7DF,
    0xF7DF, 0xF7DF, 0xF7DF, 0xF7DF, 0xF7DF, 0xF7DF, 0xF7DF, 0xF7DF, 0xF7DF, 0xF7DF, 0xF7DF, 0xF7DF, 0xF7DF, 0xF7DF, 0xF7DF, 0xB6FF,
    0xAEDF, 0xBF3F, 0xAE7D, 0x0929, 0x00C7, 0x00C7, 0x00C7, 0x00C7, 0x00C7, 0x00C7, 0x00C7, 0x00C7, 0x00C7, 0x00C7, 0x00C7, 0x00C7,
    0x00E8, 0x00E8, 0x00C8, 0x00E8, 0x00E8, 0x00C8, 0x00E8, 0x00C8, 0x00E8, 0x00E8, 0x00E8, 0x00E8, 0x00E9, 0x0109, 0x0109, 0x010A,
    0x010A, 0x010A, 0x012A, 0x012A, 0x010A, 0x010A, 0x012A, 0x010A, 0x010A, 0x010A, 0x010A, 0x010A, 0x010A, 0x00EA, 0x00EA, 0x00EA,
    0x00EA, 0x010A, 0x00EA, 0x00E9, 0x00E9, 0x00E9, 0x00E9, 0x00E9, 0x00E9, 0x00E9, 0x00E9, 0x00E8, 0x00E9, 0x00E9, 0x00E8, 0x00C8,
    0x00C8, 0x00C8, 0x00C7, 0x00E7, 0x00E7, 0x00C7, 0x00C7, 0x00C7, 0x00C7, 0x00C7, 0x00C7, 0x00C7, 0x00E8, 0x00E8, 0x00C8, 0x00C8,
    0x00C8, 0x00E8, 0x00C8, 0x00C8, 0x00E8, 0x00C8, 0x00E8, 0x00E8, 0x00E9, 0x00E9, 0x00E9, 0x00E9, 0x00E9, 0x00E9, 0x00E9, 0x00EA,
    0x010A, 0x010A, 0x010A, 0x010A, 0x010A, 0x010A, 0x010A, 0x010A, 0x010B, 0x012B, 0x012B, 0x012B, 0x012B, 0x012B, 0x012B, 0x012A,
    0x010A, 0x010A, 0x00E9, 0x00E9, 0x00E9, 0x00E9, 0x00E8, 0x00C8, 0x00C8, 0x00C8, 0x00C8, 0x00C8, 0x00C8, 0x00C8, 0x00C7, 0x00C7,
    0x00C7, 0x00C7, 0x00C7, 0x00C6, 0x00C6, 0x00A6, 0x00C6, 0x00A6, 0x00A6, 0x00A6, 0x00A6, 0x00C6, 0x0044, 0x6C54, 0xCF9F, 0xB6FF,
    0xA6DF, 0xE79F, 0xF7DF, 0xF7DF, 0xF7DF, 0xF7DF, 0xF7DF, 0xF7DF, 0xF7DF, 0xF7DF, 0xF7DF, 0xF7DF, 0xF7DF, 0xF7DF, 0xF7DF, 0xF7DF,
    0xF7DF, 0xF7DF, 0xF7DF, 0xF7DF, 0xF7DF, 0xF7DF, 0xF7DF, 0xF7DF, 0xF7DF, 0xF7DF, 0xF7DF, 0xF7DF, 0xF7DF, 0xF7DF, 0xF7DF, 0xF7DF,
    0xF7DF, 0xF7DF, 0xF7DF, 0xF7DF, 0xF7DF, 0xF7DF, 0xFFFF, 0x42AD, 0x0023, 0x1106, 0x08C5, 0x10C5, 0x08C5, 0x10E5, 0x0883, 0x08A4,
    0x08A4, 0x0883, 0x0883, 0x08A4, 0x08A4, 0x08A4, 0x08C4, 0x0042, 0x2967, 0xF7DF, 0xF7DF, 0xF7DF, 0xF7DF, 0xF7DF, 0xF7DF, 0xF7DF,
    0xF7DF, 0xF7DF, 0xF7DF, 0xF7DF, 0xF7DF, 0xF7DF, 0xF7DF, 0xF7DF, 0xF7DF, 0xF7DF, 0xF7DF, 0xF7DF, 0xF7DF, 0xF7DF, 0xF7DF, 0xF7DF,
    0xF7DF, 0xF7DF, 0xF7DF, 0xF7DF, 0xF7DF, 0xF7DF, 0xF7DF, 0xF7DF, 0xF7DF, 0xF7DF, 0xF7DF, 0xF7DF, 0xF7DF, 0xF7DF, 0xEFBF, 0xA6BF,
    0xB6FF, 0xC77F, 0x8D79, 0x0087, 0x00E8, 0x00C7, 0x00C7, 0x00C7, 0x00C7, 0x00C7, 0x00C7, 0x00C7, 0x00C7, 0x00C7, 0x00C7, 0x00C8,
    0x00E8, 0x00C8, 0x00C8, 0x00C8, 0x00C8, 0x00E8, 0x00C8, 0x00E8, 0x00E8, 0x00E8, 0x00E8, 0x00E8, 0x00E9, 0x00E9, 0x0109, 0x0109,
    0x010A, 0x010A, 0x010A, 0x010A, 0x012A, 0x012A, 0x010A, 0x010A, 0x010A, 0x010A, 0x010A, 0x010A, 0x010A, 0x010A, 0x010A, 0x010A,
    0x00EA, 0x00EA, 0x0109, 0x00E9, 0x00E9, 0x00E9, 0x00E9, 0x00E9, 0x00E9, 0x00E9, 0x00E9, 0x00E8, 0x00C8, 0x00E8, 0x00E9, 0x00E8,
    0x00C8, 0x00C8, 0x00C7, 0x00C7, 0x00C7, 0x00C7, 0x00C7, 0x00C7, 0x00C7, 0x00C7, 0x00C7, 0x00C7, 0x00C7, 0x00C7, 0x00C7, 0x00C8,
    0x00C8, 0x00C8, 0x00C8, 0x00E8, 0x00C8, 0x00E8, 0x00C8, 0x00E8, 0x00E8, 0x00E9, 0x00E9, 0x00E9, 0x00E9, 0x00E9, 0x00E9, 0x00EA,
    0x00EA, 0x00EA, 0x010A, 0x010A, 0x010A, 0x010A, 0x010A, 0x010B, 0x012A, 0x012B, 0x012B, 0x012B, 0x012B, 0x012B, 0x012A, 0x010A,
    0x010A, 0x0109, 0x00E9, 0x00E9, 0x00E9, 0x00E8, 0x00C8, 0x00C8, 0x00C8, 0x00C8, 0x00C8, 0x00C8, 0x00C8, 0x00C8, 0x00C8, 0x00C7,
    0x00C7, 0x00C7, 0x00C7, 0x00C6, 0x00C6, 0x00C6, 0x00A6, 0x00A6, 0x00A6, 0x00A6, 0x00A6, 0x00C6, 0x0044, 0x42EF, 0xC77F, 0xB6FF,
    0xA6BF, 0xD77F, 0xF7DF, 0xF7DF, 0xF7DF, 0xF7DF, 0xF7DF, 0xF7DF, 0xF7DF, 0xF7DF, 0xF7DF, 0xF7DF, 0xF7DF, 0xF7DF, 0xF7DF, 0xF7DF,
    0xF7DF, 0xF7DF, 0xF7DF, 0xF7DF, 0xF7DF, 0xF7DF, 0xF7DF, 0xF7DF, 0xF7DF, 0xF7DF, 0xF7DF, 0xF7DF, 0xF7DF, 0xF7DF, 0xF7DF, 0xF7DF,
    0xF7DF, 0xF7DF, 0xF7DF, 0xF7DF, 0xF7DF, 0xF7DF, 0xFFFF, 0x42AC, 0x0023, 0x1106, 0x08C5, 0x08C5, 0x10C5, 0x10E5, 0x0883, 0x08A4,
    0x08A4, 0x0883, 0x0883, 0x08A4, 0x08A4, 0x08A4, 0x08C5, 0x0042, 0x2967, 0xF7DF, 0xF7DF, 0xF7DF, 0xF7DF, 0xF7DF, 0xF7DF, 0xF7DF,
    0xF7DF, 0xF7DF, 0xF7DF, 0xF7DF, 0xF7DF, 0xF7DF, 0xF7DF, 0xF7DF, 0xF7DF, 0xF7DF, 0xF7DF, 0xF7DF, 0xF7DF, 0xF7DF, 0xF7DF, 0xF7DF,
    0xF7DF, 0xF7DF, 0xF7DF, 0xF7DF, 0xF7DF, 0xF7DF, 0xF7DF, 0xF7DF, 0xF7DF, 0xF7DF, 0xF7DF, 0xF7DF, 0xF7DF, 0xF7DF, 0xE79F, 0xA6BF,
    0xB6FF, 0xD7BF, 0x6C55, 0x0066, 0x00E7, 0x00C7, 0x00C7, 0x00C7, 0x00C7, 0x00C7, 0x00C7, 0x00C7, 0x00C7, 0x00C7, 0x00C7, 0x00C8,
    0x00C8, 0x00E8, 0x00C8, 0x00E8, 0x00C8, 0x00C8, 0x00E8, 0x00C8, 0x00E8, 0x00E8, 0x00E8, 0x00E8, 0x00E8, 0x00E9, 0x0109, 0x0109,
    0x010A, 0x010A, 0x010A, 0x012A, 0x010A, 0x010A, 0x012A, 0x010A, 0x010A, 0x010A, 0x010A, 0x010A, 0x010A, 0x00EA, 0x00EA, 0x00EA,
    0x00EA, 0x00E9, 0x00E9, 0x00E9, 0x00E9, 0x00E9, 0x00E9, 0x00E9, 0x00E9, 0x00E9, 0x00E9, 0x00E8, 0x00E8, 0x00E8, 0x00C8, 0x00E8,
    0x00C8, 0x00C8, 0x00C7, 0x00C7, 0x00C7, 0x00C7, 0x00C7, 0x00C7, 0x00C7, 0x00C7, 0x00C7, 0x00C7, 0x00C7, 0x00C7, 0x00C7, 0x00C8,
    0x00E8, 0x00C8, 0x00E8, 0x00C8, 0x00E8, 0x00C8, 0x00E8, 0x00E8, 0x00E8, 0x00E9, 0x00E9, 0x00E9, 0x00E9, 0x00E9, 0x00E9, 0x00E9,
    0x010A, 0x010A, 0x00EA, 0x010A, 0x010A, 0x010A, 0x010A, 0x010A, 0x010B, 0x012B, 0x012B, 0x012B, 0x012B, 0x012B, 0x010A, 0x010A,
    0x010A, 0x0109, 0x00E9, 0x00E9, 0x00E8, 0x00E8, 0x00C8, 0x00C8, 0x00C8, 0x00C8, 0x00C8, 0x00C8, 0x00C8, 0x00C7, 0x00C7, 0x00C7,
    0x00C7, 0x00C7, 0x00C7, 0x00C7, 0x00C6, 0x00C6, 0x00A6, 0x00A6, 0x00A6, 0x00A6, 0x00A6, 0x00C6, 0x0065, 0x21CA, 0xBF3F, 0xBF1F,
    0xA6DF, 0xC73F, 0xFFFF, 0xF7DF, 0xF7DF, 0xF7DF, 0xF7DF, 0xF7DF, 0xF7DF, 0xF7DF, 0xF7DF, 0xF7DF, 0xF7DF, 0xF7DF, 0xF7DF, 0xF7DF,
    0xF7DF, 0xF7DF, 0xF7DF, 0xF7DF, 0xF7DF, 0xF7DF, 0xF7DF, 0xF7DF, 0xF7DF, 0xF7DF, 0xF7DF, 0xF7DF, 0xF7DF, 0xF7DF, 0xF7DF, 0xF7DF,
    0xF7DF, 0xF7DF, 0xF7DF, 0xF7DF, 0xF7DF, 0xF7BF, 0xFFFF, 0x4AAD, 0x0023, 0x1106, 0x08C5, 0x08C5, 0x08C5, 0x10E5, 0x0883, 0x08A4,
    0x08A4, 0x0883, 0x08A4, 0x08A4, 0x08A4, 0x08A4, 0x08C5, 0x0042, 0x2967, 0xF7DF, 0xF7DF, 0xF7DF, 0xF7DF, 0xF7DF, 0xF7DF, 0xF7DF,
    0xF7DF, 0xF7DF, 0xF7DF, 0xF7DF, 0xF7DF, 0xF7DF, 0xF7DF, 0xF7DF, 0xF7DF, 0xF7DF, 0xF7DF, 0xF7DF, 0xF7DF, 0xF7DF, 0xF7DF, 0xF7DF,
    0xF7DF, 0xF7DF, 0xF7DF, 0xF7DF, 0xF7DF, 0xF7DF, 0xF7DF, 0xF7DF, 0xF7DF, 0xF7DF, 0xF7DF, 0xF7DF, 0xF7DF, 0xF7DF, 0xD77F, 0xA6DF,
    0xBF1F, 0xCF9F, 0x4B30, 0x0066, 0x00E7, 0x00C7, 0x00C7, 0x00C7, 0x00C7, 0x00C7, 0x00C7, 0x00C7, 0x00C7, 0x00C7, 0x00C7, 0x00C7,
    0x00E8, 0x00C8, 0x00C8, 0x00C8, 0x00E8, 0x00E8, 0x00C8, 0x00E8, 0x00E8, 0x00E8, 0x00E8, 0x00E8, 0x00E8, 0x00E9, 0x0109, 0x0109,
    0x0109, 0x010A, 0x010A, 0x010A, 0x010A, 0x010A, 0x010A, 0x010A, 0x010A, 0x010A, 0x010A, 0x010A, 0x010A, 0x010A, 0x010A, 0x010A,
    0x00E9, 0x00E9, 0x00E9, 0x00E9, 0x00E9, 0x00E9, 0x00E9, 0x00E9, 0x00E9, 0x00E9, 0x00E8, 0x00E8, 0x00C8, 0x00E8, 0x00E8, 0x00C8,
    0x00C8, 0x00C8, 0x00C8, 0x00C7, 0x00C7, 0x00C7, 0x00C7, 0x00C7, 0x00C7, 0x00C7, 0x00C7, 0x00C7, 0x00C7, 0x00C7, 0x00C8, 0x00E7,
    0x00C8, 0x00E8, 0x00C8, 0x00E8, 0x00C8, 0x00E8, 0x00C8, 0x00E8, 0x00E8, 0x00E8, 0x00E9, 0x00E9, 0x00E9, 0x00E9, 0x00E9, 0x00E9,
    0x00EA, 0x00EA, 0x010A, 0x010A, 0x010A, 0x010A, 0x010A, 0x012B, 0x012B, 0x012B, 0x012B, 0x012B, 0x012B, 0x012A, 0x010A, 0x010A,
    0x0109, 0x00E9, 0x00E9, 0x00E9, 0x00E8, 0x00C8, 0x00C8, 0x00C8, 0x00C8, 0x00C8, 0x00C8, 0x00C8, 0x00C8, 0x00C7, 0x00C7, 0x00C7,
    0x00C7, 0x00C7, 0x00C7, 0x00C7, 0x00C6, 0x00C6, 0x00A6, 0x00A6, 0x00A6, 0x00A6, 0x00A6, 0x00A6, 0x0085, 0x1128, 0xAEBE, 0xBF3F,
    0xAEDF, 0xBF1F, 0xFFFF, 0xF7DF, 0xF7DF, 0xF7DF, 0xF7DF, 0xF7DF, 0xF7DF, 0xF7DF, 0xF7DF, 0xF7DF, 0xF7DF, 0xF7DF, 0xF7DF, 0xF7DF,
    0xF7DF, 0xF7DF, 0xF7DF, 0xF7DF, 0xF7DF, 0xF7DF, 0xF7DF, 0xF7DF, 0xF7DF, 0xF7DF, 0xF7DF, 0xF7DF, 0xF7DF, 0xF7DF, 0xF7DF, 0xF7DF,
    0xF7DF, 0xF7DF, 0xF7DF, 0xF7DF, 0xF7DF, 0xF7BF, 0xFFFF, 0x4AAD, 0x0023, 0x1106, 0x08C5, 0x08C5, 0x08C5, 0x10E5, 0x0883, 0x08A4,
    0x08A4, 0x0883, 0x0883, 0x08A4, 0x08A4, 0x08A4, 0x08C4, 0x0042, 0x2967, 0xF7BF, 0xF7DF, 0xF7DF, 0xF7DF, 0xF7DF, 0xF7DF, 0xF7DF,
    0xF7DF, 0xF7DF, 0xF7DF, 0xF7DF, 0xF7DF, 0xF7DF, 0xF7DF, 0xF7DF, 0xF7DF, 0xF7DF, 0xF7DF, 0xF7DF, 0xF7DF, 0xF7DF, 0xF7DF, 0xF7DF,
    0xF7DF, 0xF7DF, 0xF7DF, 0xF7DF, 0xF7DF, 0xF7DF, 0xF7DF, 0xF7DF, 0xF7DF, 0xF7DF, 0xF7DF, 0xF7DF, 0xF7DF, 0xFFFF, 0xCF5F, 0xA6DF,
    0xBF1F, 0xC77F, 0x324D, 0x0066, 0x00E7, 0x00C7, 0x00C7, 0x00C7, 0x00C7, 0x00C7, 0x00C7, 0x00C7, 0x00C7, 0x00C7, 0x00C8, 0x00C7,
    0x00C8, 0x00E8, 0x00C8, 0x00E8, 0x00C8, 0x00C8, 0x00E8, 0x00C8, 0x00E8, 0x00E8, 0x00E8, 0x00E8, 0x00E8, 0x00E8, 0x00E9, 0x0109,
    0x0109, 0x010A, 0x010A, 0x010A, 0x010A, 0x010A, 0x012A, 0x012A, 0x010A, 0x010A, 0x010A, 0x010A, 0x010A, 0x010A, 0x00EA, 0x00E9,
    0x00E9, 0x00E9, 0x00E9, 0x00E9, 0x00E9, 0x00E9, 0x00E9, 0x00E9, 0x00E9, 0x00E8, 0x00E8, 0x00E8, 0x00E8, 0x00E8, 0x00C8, 0x00C8,
    0x00E8, 0x00C8, 0x00C7, 0x00C7, 0x00C7, 0x00C7, 0x00C7, 0x00C7, 0x00C7, 0x00C7, 0x00C7, 0x00C7, 0x00C7, 0x00C7, 0x00C8, 0x00C7,
    0x00E8, 0x00C8, 0x00C8, 0x00C8, 0x00E8, 0x00C8, 0x00E8, 0x00E8, 0x00E8, 0x00E8, 0x00E8, 0x00E9, 0x00E9, 0x00E9, 0x00E9, 0x00E9,
    0x00E9, 0x010A, 0x00EA, 0x010A, 0x010A, 0x010A, 0x010A, 0x010A, 0x010B, 0x012B, 0x012B, 0x012B, 0x012A, 0x010A, 0x010A, 0x010A,
    0x0109, 0x00E9, 0x00E9, 0x00E8, 0x00E8, 0x00C8, 0x00C8, 0x00C8, 0x00C8, 0x00C8, 0x00C8, 0x00C8, 0x00C7, 0x00C7, 0x00C7, 0x00C7,
    0x00C7, 0x00C7, 0x00C7, 0x00C6, 0x00C6, 0x00A6, 0x00A6, 0x00A6, 0x00A6, 0x00A6, 0x00A6, 0x00A6, 0x00A6, 0x00C6, 0xA63B, 0xC75F,
    0xAEFF, 0xB6FF, 0xF7DF, 0xF7DF, 0xF7DF, 0xF7DF, 0xF7DF, 0xF7DF, 0xF7DF, 0xF7DF, 0xF7DF, 0xF7DF, 0xF7DF, 0xF7DF, 0xF7DF, 0xF7DF,
    0xF7DF, 0xF7DF, 0xF7DF, 0xF7DF, 0xF7DF, 0xF7DF, 0xF7DF, 0xF7DF, 0xF7DF, 0xF7DF, 0xF7DF, 0xF7DF, 0xF7DF, 0xF7DF, 0xF7DF, 0xF7DF,
    0xF7DF, 0xF7DF, 0xF7DF, 0xF7DF, 0xF7DF, 0xF7BF, 0xFFFF, 0x4AAD, 0x0023, 0x1106, 0x10C5, 0x08C5, 0x08C5, 0x10E5, 0x0883, 0x08A4,
    0x08A4, 0x0883, 0x0883, 0x08A4, 0x08A4, 0x08A4, 0x08C5, 0x0042, 0x2967, 0xF7BF, 0xF7DF, 0xF7DF, 0xF7DF, 0xF7DF, 0xF7DF, 0xF7DF,
    0xF7DF, 0xF7DF, 0xF7DF, 0xF7DF, 0xF7DF, 0xF7DF, 0xF7DF, 0xF7DF, 0xF7DF, 0xF7DF, 0xF7DF, 0xF7DF, 0xF7DF, 0xF7DF, 0xF7DF, 0xF7DF,
    0xF7DF, 0xF7DF, 0xF7DF, 0xF7DF, 0xF7DF, 0xF7DF, 0xF7DF, 0xF7DF, 0xF7DF, 0xF7DF, 0xF7DF, 0xF7DF, 0xF7DF, 0xFFDF, 0xC73F, 0xA6DF,
    0xBF1F, 0xBF1F, 0x19CB, 0x0086, 0x00C7, 0x00C7, 0x00C7, 0x00C7, 0x00C7, 0x00C7, 0x00C7, 0x00C7, 0x00E7, 0x00C8, 0x00E8, 0x00C7,
    0x00E8, 0x00C7, 0x00E8, 0x00C8, 0x00E8, 0x00C8, 0x00E8, 0x00E8, 0x00E8, 0x00E8, 0x00E8, 0x00E8, 0x00E8, 0x00E8, 0x00E9, 0x0109,
    0x0109, 0x0109, 0x010A, 0x010A, 0x010A, 0x010A, 0x010A, 0x010A, 0x010A, 0x010A, 0x010A, 0x010A, 0x010A, 0x00EA, 0x010A, 0x0109,
    0x00E9, 0x00E9, 0x00E9, 0x00E9, 0x00E9, 0x00E9, 0x00E9, 0x00E9, 0x00E8, 0x00E8, 0x00E8, 0x00E8, 0x00C8, 0x00E8, 0x00C8, 0x00C8,
    0x00E8, 0x00C8, 0x00C8, 0x00C7, 0x00C7, 0x00C7, 0x00C7, 0x00C7, 0x00C7, 0x00C7, 0x00C7, 0x00C7, 0x00C7, 0x00C7, 0x00C8, 0x00C7,
    0x00E8, 0x00C8, 0x00E8, 0x00C8, 0x00E8, 0x00E8, 0x00C8, 0x00E8, 0x00E8, 0x00E8, 0x00E8, 0x00E9, 0x00E9, 0x00E9, 0x00E9, 0x00E9,
    0x00E9, 0x00E9, 0x010A, 0x010A, 0x010A, 0x010A, 0x010A, 0x012A, 0x012B, 0x012B, 0x012B, 0x012B, 0x010A, 0x010A, 0x010A, 0x0109,
    0x00E9, 0x00E9, 0x00E9, 0x00E8, 0x00C8, 0x00C8, 0x00C8, 0x00C8, 0x00C8, 0x00C8, 0x00C7, 0x00C7, 0x00C7, 0x00C7, 0x00C7, 0x00C7,
    0x00C7, 0x00C7, 0x00A7, 0x00C6, 0x00A6, 0x00A6, 0x00A6, 0x00A6, 0x00A6, 0x00A6, 0x00A6, 0x00A6, 0x00C6, 0x0085, 0x9DB9, 0xC77F,
    0xAEFF, 0xAEDF, 0xF7DF, 0xF7DF, 0xF7DF, 0xF7DF, 0xF7DF, 0xF7DF, 0xF7DF, 0xF7DF, 0xF7DF, 0xF7DF, 0xF7DF, 0xF7DF, 0xF7DF, 0xF7DF,
    0xF7DF, 0xF7DF, 0xF7DF, 0xF7DF, 0xF7DF, 0xF7DF, 0xF7DF, 0xF7DF, 0xF7DF, 0xF7DF, 0xF7DF, 0xF7DF, 0xF7DF, 0xF7DF, 0xF7DF, 0xF7DF,
    0xF7DF, 0xF7DF, 0xF7DF, 0xF7DF, 0xF7DF, 0xF7BF, 0xFFFF, 0x4AAD, 0x0023, 0x10E6, 0x08C5, 0x08C5, 0x10C5, 0x10E5, 0x0883, 0x08A4,
    0x08A4, 0x0883, 0x0883, 0x08A4, 0x08A4, 0x08A4, 0x08C4, 0x0042, 0x2967, 0xF7BF, 0xF7DF, 0xF7DF, 0xF7DF, 0xF7DF, 0xF7DF, 0xF7DF,
    0xF7DF, 0xF7DF, 0xF7DF, 0xF7DF, 0xF7DF, 0xF7DF, 0xF7DF, 0xF7DF, 0xF7DF, 0xF7DF, 0xF7DF, 0xF7DF, 0xF7DF, 0xF7DF, 0xF7DF, 0xF7DF,
    0xF7DF, 0xF7DF, 0xF7DF, 0xF7DF, 0xF7DF, 0xF7DF, 0xF7DF, 0xF7DF, 0xF7DF, 0xF7DF, 0xF7DF, 0xF7DF, 0xF7DF, 0xF7DF, 0xBF1F, 0xAEDF,
    0xC73F, 0xB6DE, 0x116A, 0x00A7, 0x00C7, 0x00C7, 0x00C7, 0x00C7, 0x00C7, 0x00C7, 0x00C7, 0x00C7, 0x00C7, 0x00C8, 0x00C7, 0x00E7,
    0x00C8, 0x00C8, 0x00C8, 0x00E8, 0x00C8, 0x00E8, 0x00C8, 0x00E8, 0x00E8, 0x00E8, 0x00E8, 0x00E8, 0x00E8, 0x00E8, 0x00E8, 0x00E9,
    0x0109, 0x0109, 0x010A, 0x010A, 0x010A, 0x010A, 0x010A, 0x010A, 0x010A, 0x010A, 0x010A, 0x010A, 0x010A, 0x010A, 0x00E9, 0x00E9,
    0x00E9, 0x00E9, 0x00E9, 0x00E9, 0x00E9, 0x00E9, 0x00E9, 0x00E8, 0x00E8, 0x00E8, 0x00E8, 0x00E8, 0x00C8, 0x00E8, 0x00C8, 0x00C8,
    0x00C8, 0x00C8, 0x00C8, 0x00C7, 0x00C7, 0x00C7, 0x00C7, 0x00C7, 0x00C7, 0x00C7, 0x00C7, 0x00C7, 0x00C7, 0x00C8, 0x00C7, 0x00E7,
    0x00C7, 0x00C8, 0x00C8, 0x00E8, 0x00C8, 0x00E8, 0x00C8, 0x00E8, 0x00E8, 0x00E8, 0x00E8, 0x00E8, 0x00E9, 0x00E9, 0x00E9, 0x00E9,
    0x00E9, 0x00E9, 0x00EA, 0x010A, 0x010A, 0x010A, 0x010A, 0x010A, 0x010B, 0x012B, 0x012B, 0x012A, 0x010A, 0x010A, 0x0109, 0x00E9,
    0x00E9, 0x00E9, 0x00E8, 0x00E8, 0x00C8, 0x00C8, 0x00C8, 0x00C8, 0x00C8, 0x00C7, 0x00C7, 0x00C7, 0x00C7, 0x00C7, 0x00C7, 0x00C7,
    0x00C7, 0x00C7, 0x00C7, 0x00C7, 0x00C6, 0x00C6, 0x00A6, 0x00A6, 0x00A6, 0x00A6, 0x00A6, 0x00A6, 0x00C6, 0x0065, 0x8D58, 0xC77F,
    0xAEFF, 0xA6DF, 0xEFBF, 0xF7DF, 0xF7DF, 0xF7DF, 0xF7DF, 0xF7DF, 0xF7DF, 0xF7DF, 0xF7DF, 0xF7DF, 0xF7DF, 0xF7DF, 0xF7DF, 0xF7DF,
    0xF7DF, 0xF7DF, 0xF7DF, 0xF7DF, 0xF7DF, 0xF7DF, 0xF7DF, 0xF7DF, 0xF7DF, 0xF7DF, 0xF7DF, 0xF7DF, 0xF7DF, 0xF7DF, 0xF7DF, 0xF7DF,
    0xF7DF, 0xF7DF, 0xF7DF, 0xF7DF, 0xF7DF, 0xF7BF, 0xFFFF, 0x4AAD, 0x0023, 0x10E6, 0x08C5, 0x08C5, 0x10C5, 0x10E5, 0x0883, 0x08A4,
    0x08A4, 0x0883, 0x0883, 0x08A4, 0x08A4, 0x08A4, 0x08C5, 0x0042, 0x2967, 0xF7DF, 0xF7DF, 0xF7DF, 0xF7DF, 0xF7DF, 0xF7DF, 0xF7DF,
    0xF7DF, 0xF7DF, 0xF7DF, 0xF7DF, 0xF7DF, 0xF7DF, 0xF7DF, 0xF7DF, 0xF7DF, 0xF7DF, 0xF7DF, 0xF7DF, 0xF7DF, 0xF7DF, 0xF7DF, 0xF7DF,
    0xF7DF, 0xF7DF, 0xF7DF, 0xF7DF, 0xF7DF, 0xF7DF, 0xF7DF, 0xF7DF, 0xF7DF, 0xF7DF, 0xF7DF, 0xF7DF, 0xF7DF, 0xF7DF, 0xBF1F, 0xAEFF,
    0xC75F, 0xAEBD, 0x0929, 0x00C7, 0x00C7, 0x00C7, 0x00C7, 0x00C7, 0x00C7, 0x00C7, 0x00C7, 0x00C7, 0x00E7, 0x00C8, 0x00E7, 0x00C8,
    0x00C7, 0x00E8, 0x00C8, 0x00E8, 0x00C8, 0x00E8, 0x00C8, 0x00E8, 0x00E8, 0x00E8, 0x00E8, 0x00E8, 0x00E8, 0x00E8, 0x00E8, 0x00E9,
    0x0109, 0x0109, 0x0109, 0x010A, 0x010A, 0x010A, 0x010A, 0x010A, 0x010A, 0x010A, 0x010A, 0x010A, 0x00EA, 0x00E9, 0x0109, 0x00E9,
    0x00E9, 0x00E9, 0x00E9, 0x00E9, 0x00E9, 0x00E9, 0x00E8, 0x00E8, 0x00E8, 0x00E8, 0x00E8, 0x00C8, 0x00E8, 0x00C8, 0x00C8, 0x00C8,
    0x00C8, 0x00C8, 0x00C8, 0x00C7, 0x00C7, 0x00C7, 0x00C7, 0x00C7, 0x00C7, 0x00C7, 0x00C7, 0x00C7, 0x00C7, 0x00C8, 0x00C7, 0x00E8,
    0x00C8, 0x00E8, 0x00C8, 0x00E8, 0x00C8, 0x00E8, 0x00C8, 0x00C8, 0x00E8, 0x00E8, 0x00E8, 0x00E8, 0x00E8, 0x00E9, 0x00E9, 0x00E9,
    0x00E9, 0x00E9, 0x00E9, 0x010A, 0x010A, 0x010A, 0x010A, 0x012A, 0x012A, 0x012B, 0x012A, 0x010A, 0x010A, 0x010A, 0x0109, 0x00E9,
    0x00E9, 0x00E8, 0x00E8, 0x00C8, 0x00C8, 0x00C8, 0x00C8, 0x00C8, 0x00C7, 0x00C7, 0x00C7, 0x00C7, 0x00C7, 0x00C7, 0x00C7, 0x00C7,
    0x00C7, 0x00C7, 0x00A7, 0x00A6, 0x00A6, 0x00A6, 0x00A6, 0x00A6, 0x00A6, 0x00A6, 0x00A6, 0x00A6, 0x00C6, 0x0065, 0x8517, 0xC79F,
    0xAEFF, 0xA6DF, 0xEFBF, 0xF7DF, 0xF7DF, 0xF7DF, 0xF7DF, 0xF7DF, 0xF7DF, 0xF7DF, 0xF7DF, 0xF7DF, 0xF7DF, 0xF7DF, 0xF7DF, 0xF7DF,
    0xF7DF, 0xF7DF, 0xF7DF, 0xF7DF, 0xF7DF, 0xF7DF, 0xF7DF, 0xF7DF, 0xF7DF, 0xF7DF, 0xF7DF, 0xF7DF, 0xF7DF, 0xF7DF, 0xF7DF, 0xF7DF,
    0xF7DF, 0xF7DF, 0xF7DF, 0xF7DF, 0xF7DF, 0xF7BF, 0xFFFF, 0x42AC, 0x0023, 0x10E6, 0x08C5, 0x08C5, 0x08C5, 0x10E5, 0x0883, 0x08A4,
    0x08A4, 0x0883, 0x0883, 0x08A4, 0x08A4, 0x08A4, 0x08C5, 0x0042, 0x2967, 0xF7DF, 0xF7DF, 0xF7DF, 0xF7DF, 0xF7DF, 0xF7DF, 0xF7DF,
    0xF7DF, 0xF7DF, 0xF7DF, 0xF7DF, 0xF7DF, 0xF7DF, 0xF7DF, 0xF7DF, 0xF7DF, 0xF7DF, 0xF7DF, 0xF7DF, 0xF7DF, 0xF7DF, 0xF7DF, 0xF7DF,
    0xF7DF, 0xF7DF, 0xF7DF, 0xF7DF, 0xF7DF, 0xF7DF, 0xF7DF, 0xF7DF, 0xF7DF, 0xF7DF, 0xF7DF, 0xF7DF, 0xF7DF, 0xF7DF, 0xBF1F, 0xAEFF,
    0xC75F, 0xA67C, 0x0909, 0x00C7, 0x00C7, 0x00C7, 0x00C7, 0x00C7, 0x00C7, 0x00C7, 0x00C7, 0x00C7, 0x00C8, 0x00C8, 0x00C7, 0x00E7,
    0x00C8, 0x00C7, 0x00E8, 0x00C8, 0x00E8, 0x00C8, 0x00E8, 0x00E8, 0x00E8, 0x00E8, 0x00E8, 0x00E8, 0x00E8, 0x00E8, 0x00E8, 0x00E8,
    0x00E9, 0x0109, 0x0109, 0x0109, 0x010A, 0x010A, 0x010A, 0x010A, 0x010A, 0x010A, 0x010A, 0x010A, 0x0109, 0x00E9, 0x00E9, 0x00E9,
    0x00E9, 0x00E9, 0x00E9, 0x00E9, 0x00E9, 0x00E8, 0x00E8, 0x00E8, 0x00E8, 0x00E8, 0x00E8, 0x00E8, 0x00C8, 0x00C8, 0x00E8, 0x00C8,
    0x00C8, 0x00C8, 0x00C8, 0x00C7, 0x00C7, 0x00C7, 0x00C7, 0x00C7, 0x00C7, 0x00C7, 0x00C7, 0x00C7, 0x00C7, 0x00C8, 0x00C7, 0x00E7,
    0x00C8, 0x00C7, 0x00E8, 0x00C8, 0x00E8, 0x00C8, 0x00E8, 0x00E8, 0x00E8, 0x00E8, 0x00E8, 0x00E8, 0x00E8, 0x00E8, 0x00E9, 0x00E9,
    0x00E9, 0x00E9, 0x00E9, 0x00EA, 0x010A, 0x010A, 0x010A, 0x010A, 0x010A, 0x010A, 0x010A, 0x010A, 0x010A, 0x0109, 0x00E9, 0x00E9,
    0x00E8, 0x00E8, 0x00E8, 0x00E8, 0x00C8, 0x00C8, 0x00C8, 0x00C7, 0x00C7, 0x00C7, 0x00C7, 0x00C7, 0x00C7, 0x00C7, 0x00C7, 0x00C7,
    0x00C7, 0x00C7, 0x00C7, 0x00C7, 0x00C6, 0x00C6, 0x00C6, 0x00A6, 0x00C6, 0x00A6, 0x00A6, 0x00A6, 0x00C7, 0x0045, 0x7CD6, 0xC79F,
    0xB6FF, 0xA6DF, 0xEFBF, 0xF7DF, 0xF7DF, 0xF7DF, 0xF7DF, 0xF7DF, 0xF7DF, 0xF7DF, 0xF7DF, 0xF7DF, 0xF7DF, 0xF7DF, 0xF7DF, 0xF7DF,
    0xF7DF, 0xF7DF, 0xF7DF, 0xF7DF, 0xF7DF, 0xF7DF, 0xF7DF, 0xF7DF, 0xF7DF, 0xF7DF, 0xF7DF, 0xF7DF, 0xF7DF, 0xF7DF, 0xF7DF, 0xF7DF,
    0xF7DF, 0xF7DF, 0xF7DF, 0xF7DF, 0xF7DF, 0xF7BF, 0xFFFF, 0x42AC, 0x0023, 0x10E6, 0x08C5, 0x08C5, 0x10C5, 0x10E5, 0x0883, 0x08A4,
    0x08A4, 0x0883, 0x0883, 0x08A4, 0x08A4, 0x08A4, 0x08C4, 0x0042, 0x2987, 0xF7DF, 0xF7DF, 0xF7DF, 0xF7DF, 0xF7DF, 0xF7DF, 0xF7DF,
    0xF7DF, 0xF7DF, 0xF7DF, 0xF7DF, 0xF7DF, 0xF7DF, 0xF7DF, 0xF7DF, 0xF7DF, 0xF7DF, 0xF7DF, 0xF7DF, 0xF7DF, 0xF7DF, 0xF7DF, 0xF7DF,
    0xF7DF, 0xF7DF, 0xF7DF, 0xF7DF, 0xF7DF, 0xF7DF, 0xF7DF, 0xF7DF, 0xF7DF, 0xF7DF, 0xF7DF, 0xF7DF, 0xF7DF, 0xF7DF, 0xB71F, 0xAEDF,
    0xC73F, 0xA65C, 0x0908, 0x00C7, 0x00C7, 0x00C7, 0x00C7, 0x00C7, 0x00C7, 0x00C7, 0x00C7, 0x00C7, 0x00C7, 0x00E8, 0x00C7, 0x00C7,
    0x00C8, 0x00C7, 0x00E8, 0x00C7, 0x00E8, 0x00C8, 0x00E8, 0x00E8, 0x00E8, 0x00E8, 0x00E8, 0x00E8, 0x00E8, 0x00E8, 0x00E8, 0x00E8,
    0x00E9, 0x0109, 0x0109, 0x0109, 0x010A, 0x010A, 0x010A, 0x010A, 0x010A, 0x010A, 0x010A, 0x010A, 0x00E9, 0x00E9, 0x00E9, 0x00E9,
    0x00E9, 0x00E9, 0x00E9, 0x00E9, 0x00E8, 0x00E8, 0x00E8, 0x00E8, 0x00E8, 0x00E8, 0x00C8, 0x00E8, 0x00C8, 0x00C8, 0x00C8, 0x00E8,
    0x00C8, 0x00C8, 0x00C8, 0x00C7, 0x00C7, 0x00C7, 0x00C7, 0x00C7, 0x00C7, 0x00C7, 0x00C7, 0x00C7, 0x00C7, 0x00C8, 0x00E7, 0x00C8,
    0x00E7, 0x00C8, 0x00E8, 0x00C8, 0x00E8, 0x00C8, 0x00E8, 0x00C8, 0x00E8, 0x00E8, 0x00E8, 0x00E8, 0x00E8, 0x00E8, 0x00E9, 0x00E9,
    0x00E9, 0x00E9, 0x00E9, 0x0109, 0x010A, 0x010A, 0x010A, 0x010A, 0x010A, 0x010A, 0x010A, 0x010A, 0x0109, 0x0109, 0x00E9, 0x00E9,
    0x00E8, 0x00E8, 0x00C8, 0x00C8, 0x00C8, 0x00C8, 0x00C7, 0x00C7, 0x00C7, 0x00C7, 0x00C7, 0x00C7, 0x00C7, 0x00C7, 0x00C7, 0x00C7,
    0x00A7, 0x00C7, 0x00C7, 0x00A7, 0x00A6, 0x00A6, 0x00C6, 0x00A6, 0x00A6, 0x00A6, 0x00A6, 0x00A6, 0x00C7, 0x0044, 0x7CD5, 0xC79F,
    0xB6FF, 0xA6DF, 0xEFBF, 0xF7DF, 0xF7DF, 0xF7DF, 0xF7DF, 0xF7DF, 0xF7DF, 0xF7DF, 0xF7DF, 0xF7DF, 0xF7DF, 0xF7DF, 0xF7DF, 0xF7DF,
    0xF7DF, 0xF7DF, 0xF7DF, 0xF7DF, 0xF7DF, 0xF7DF, 0xF7DF, 0xF7DF, 0xF7DF, 0xF7DF, 0xF7DF, 0xF7DF, 0xF7DF, 0xF7DF, 0xF7DF, 0xF7DF,
    0xF7DF, 0xF7DF, 0xF7DF, 0xF7DF, 0xF7DF, 0xF7DF, 0xFFFF, 0x4AAD, 0x0023, 0x10E6, 0x08C5, 0x10C5, 0x08C5, 0x10E5, 0x0883, 0x08A4,
    0x08A4, 0x0883, 0x0884, 0x08A4, 0x08A4, 0x08A4, 0x08C4, 0x0042, 0x2987, 0xF7DF, 0xF7DF, 0xF7DF, 0xF7DF, 0xF7DF, 0xF7DF, 0xF7DF,
    0xF7DF, 0xF7DF, 0xF7DF, 0xF7DF, 0xF7DF, 0xF7DF, 0xF7DF, 0xF7DF, 0xF7DF, 0xF7DF, 0xF7DF, 0xF7DF, 0xF7DF, 0xF7DF, 0xF7DF, 0xF7DF,
    0xF7DF, 0xF7DF, 0xF7DF, 0xF7DF, 0xF7DF, 0xF7DF, 0xF7DF, 0xF7DF, 0xF7DF, 0xF7DF, 0xF7DF, 0xF7DF, 0xF7DF, 0xF7DF, 0xB71F, 0xAEDF,
    0xBF3F, 0xAE9D, 0x0929, 0x00C7, 0x00C7, 0x00C7, 0x00C7, 0x00C7, 0x00C7, 0x00C7, 0x00C7, 0x00C7, 0x00C7, 0x00C7, 0x00E7, 0x00C7,
    0x00E7, 0x00C8, 0x00C7, 0x00E8, 0x00C7, 0x00E8, 0x00E8, 0x00E8, 0x00C8, 0x00E8, 0x00E8, 0x00E8, 0x00E8, 0x00E8, 0x00E8, 0x00E8,
    0x00E8, 0x00E9, 0x0109, 0x0109, 0x0109, 0x010A, 0x010A, 0x010A, 0x010A, 0x010A, 0x010A, 0x0109, 0x00E9, 0x00E9, 0x00E9, 0x00E9,
    0x00E9, 0x00E9, 0x00E9, 0x00E8, 0x00E8, 0x00E8, 0x00E8, 0x00E8, 0x00E8, 0x00C8, 0x00E8, 0x00E8, 0x00C8, 0x00E8, 0x00C8, 0x00C8,
    0x00C8, 0x00C8, 0x00C8, 0x00C7, 0x00C7, 0x00C7, 0x00C7, 0x00C7, 0x00C7, 0x00C7, 0x00C7, 0x00C7, 0x00C7, 0x00C7, 0x00C7, 0x00E7,
    0x00C8, 0x00E8, 0x00C7, 0x00E8, 0x00C8, 0x00E8, 0x00C8, 0x00E8, 0x00E8, 0x00E8, 0x00E8, 0x00E8, 0x00E8, 0x00E8, 0x00E8, 0x00E9,
    0x00E9, 0x00E9, 0x00E9, 0x00E9, 0x010A, 0x010A, 0x010A, 0x010A, 0x010A, 0x010A, 0x010A, 0x010A, 0x0109, 0x00E9, 0x00E9, 0x00E8,
    0x00E8, 0x00C8, 0x00C8, 0x00C8, 0x00C8, 0x00C7, 0x00C7, 0x00C7, 0x00C7, 0x00C7, 0x00C7, 0x00C7, 0x00C7, 0x00C7, 0x00C7, 0x00C7,
    0x00C7, 0x00A7, 0x00C7, 0x00C7, 0x00C6, 0x00C6, 0x00A6, 0x00C6, 0x00C6, 0x00C6, 0x00A6, 0x00C6, 0x00C7, 0x0044, 0x84F6, 0xCF9F,
    0xB6FF, 0xA6DF, 0xEFBF, 0xF7DF, 0xF7DF, 0xF7DF, 0xF7DF, 0xF7DF, 0xF7DF, 0xF7DF, 0xF7DF, 0xF7DF, 0xF7DF, 0xF7DF, 0xF7DF, 0xF7DF,
    0xF7DF, 0xF7DF, 0xF7DF, 0xF7DF, 0xF7DF, 0xF7DF, 0xF7DF, 0xF7DF, 0xF7DF, 0xF7DF, 0xF7DF, 0xF7DF, 0xF7DF, 0xF7DF, 0xF7DF, 0xF7DF,
    0xF7DF, 0xF7DF, 0xF7DF, 0xF7DF, 0xF7DF, 0xF7BF, 0xFFFF, 0x42AD, 0x0022, 0x10E6, 0x08C5, 0x08C5, 0x08C5, 0x10E5, 0x0883, 0x08A4,
    0x08A4, 0x0883, 0x08A4, 0x08A4, 0x08A4, 0x08A4, 0x08C4, 0x0042, 0x2987, 0xF7DF, 0xF7DF, 0xF7DF, 0xF7DF, 0xF7DF, 0xF7DF, 0xF7DF,
    0xF7DF, 0xF7DF, 0xF7DF, 0xF7DF, 0xF7DF, 0xF7DF, 0xF7DF, 0xF7DF, 0xF7DF, 0xF7DF, 0xF7DF, 0xF7DF, 0xF7DF, 0xF7DF, 0xF7DF, 0xF7DF,
    0xF7DF, 0xF7DF, 0xF7DF, 0xF7DF, 0xF7DF, 0xF7DF, 0xF7DF, 0xF7DF, 0xF7DF, 0xF7DF, 0xF7DF, 0xF7DF, 0xF7DF, 0xFFFF, 0xBF1F, 0xA6DF,
    0xC75F, 0xB6DD, 0x1149, 0x00A7, 0x00C7, 0x00C7, 0x00C7, 0x00C7, 0x00C7, 0x00C7, 0x00C7, 0x00C7, 0x00C7, 0x00E7, 0x00C7, 0x00C8,
    0x00C8, 0x00E7, 0x00C7, 0x00E8, 0x00C7, 0x00E8, 0x00C8, 0x00E8, 0x00E8, 0x00E8, 0x00E8, 0x00E8, 0x00E8, 0x00E8, 0x00E8, 0x00E8,
    0x00E8, 0x00E8, 0x0109, 0x0109, 0x0109, 0x0109, 0x010A, 0x010A, 0x010A, 0x010A, 0x0109, 0x00E9, 0x00E9, 0x00E9, 0x00E9, 0x00E9,
    0x00E9, 0x00E9, 0x00E8, 0x00E8, 0x00E8, 0x00E8, 0x00E8, 0x00E8, 0x00E8, 0x00C8, 0x00E8, 0x00C8, 0x00E8, 0x00C8, 0x00C8, 0x00E8,
    0x00C8, 0x00C8, 0x00C8, 0x00C8, 0x00C7, 0x00C7, 0x00C7, 0x00C7, 0x00C7, 0x00C7, 0x00C7, 0x00C7, 0x00C8, 0x00C7, 0x00C7, 0x00E8,
    0x00C7, 0x00C8, 0x00C8, 0x00E8, 0x00C8, 0x00E8, 0x00C8, 0x00E8, 0x00E8, 0x00E8, 0x00E8, 0x00E8, 0x00E8, 0x00E8, 0x00E8, 0x00E8,
    0x00E9, 0x00E9, 0x00E9, 0x00E9, 0x0109, 0x010A, 0x010A, 0x010A, 0x010A, 0x010A, 0x010A, 0x0109, 0x00E9, 0x00E9, 0x00E8, 0x00E8,
    0x00E8, 0x00C8, 0x00E8, 0x00C7, 0x00C7, 0x00C7, 0x00C7, 0x00C7, 0x00C7, 0x00C7, 0x00C7, 0x00C7, 0x00C7, 0x00C7, 0x00C7, 0x00C7,
    0x00A7, 0x00C7, 0x00C7, 0x00C7, 0x00C6, 0x00C6, 0x00A6, 0x00A6, 0x00C6, 0x00A6, 0x00A6, 0x00C6, 0x00C6, 0x0065, 0x8D57, 0xCF9F,
    0xAEFF, 0xA6DF, 0xEFBF, 0xF7DF, 0xF7DF, 0xF7DF, 0xF7DF, 0xF7DF, 0xF7DF, 0xF7DF, 0xF7DF, 0xF7DF, 0xF7DF, 0xF7DF, 0xF7DF, 0xF7DF,
    0xF7DF, 0xF7DF, 0xF7DF, 0xF7DF, 0xF7DF, 0xF7DF, 0xF7DF, 0xF7DF, 0xF7DF, 0xF7DF, 0xF7DF, 0xF7DF, 0xF7DF, 0xF7DF, 0xF7DF, 0xF7DF,
    0xF7DF, 0xF7DF, 0xF7DF, 0xF7DF, 0xF7DF, 0xF7BF, 0xFFFF, 0x428C, 0x0022, 0x1106, 0x08C5, 0x08E5, 0x10C5, 0x10E5, 0x0883, 0x08A4,
    0x08A4, 0x0883, 0x08A4, 0x08A4, 0x08A4, 0x08A4, 0x08C4, 0x0042, 0x2987, 0xF7DF, 0xF7DF, 0xF7DF, 0xF7DF, 0xF7DF, 0xF7DF, 0xF7DF,
    0xF7DF, 0xF7DF, 0xF7DF, 0xF7DF, 0xF7DF, 0xF7DF, 0xF7DF, 0xF7DF, 0xF7DF, 0xF7DF, 0xF7DF, 0xF7DF, 0xF7DF, 0xF7DF, 0xF7DF, 0xF7DF,
    0xF7DF, 0xF7DF, 0xF7DF, 0xF7DF, 0xF7DF, 0xF7DF, 0xF7DF, 0xF7DF, 0xF7DF, 0xF7DF, 0xF7DF, 0xF7DF, 0xF7DF, 0xFFFF, 0xBF1F, 0xA6DF,
    0xC73F, 0xBF1E, 0x116A, 0x0086, 0x00C7, 0x00C7, 0x00C7, 0x00C7, 0x00C7, 0x00C7, 0x00C7, 0x00C7, 0x00C7, 0x00C7, 0x00C7, 0x00C7,
    0x00E7, 0x00C8, 0x00C7, 0x00C7, 0x00E8, 0x00C7, 0x00E8, 0x00E8, 0x00E8, 0x00E8, 0x00E8, 0x00E8, 0x00E8, 0x00E8, 0x00E8, 0x00E8,
    0x00E8, 0x00E8, 0x00E8, 0x0109, 0x0109, 0x0109, 0x0109, 0x010A, 0x010A, 0x0109, 0x0109, 0x00E9, 0x00E9, 0x00E9, 0x00E9, 0x00E9,
    0x00E8, 0x00E8, 0x00E8, 0x00E8, 0x00E8, 0x00E8, 0x00E8, 0x00C8, 0x00E8, 0x00E8, 0x00C8, 0x00C8, 0x00C8, 0x00C8, 0x00E8, 0x00C8,
    0x00E8, 0x00C8, 0x00C8, 0x00C8, 0x00C7, 0x00C7, 0x00C7, 0x00C7, 0x00C7, 0x00C7, 0x00C7, 0x00C7, 0x00C8, 0x00C7, 0x00E8, 0x00C7,
    0x00C8, 0x00C7, 0x00E8, 0x00C8, 0x00E8, 0x00C8, 0x00E8, 0x00E8, 0x00E8, 0x00E8, 0x00E8, 0x00E8, 0x00E8, 0x00E8, 0x00E8, 0x00E8,
    0x00E8, 0x00E9, 0x00E9, 0x00E9, 0x00E9, 0x0109, 0x010A, 0x010A, 0x010A, 0x010A, 0x0109, 0x00E9, 0x00E9, 0x00E8, 0x00E8, 0x00E8,
    0x00C8, 0x00C8, 0x00C7, 0x00C7, 0x00C7, 0x00C7, 0x00C7, 0x00C7, 0x00C7, 0x00C7, 0x00C7, 0x00C7, 0x00C7, 0x00C7, 0x00C7, 0x00C7,
    0x00C7, 0x00A7, 0x00C7, 0x00C7, 0x00C6, 0x00C6, 0x00A6, 0x00A6, 0x00C6, 0x00C6, 0x00A6, 0x00A6, 0x00C6, 0x0086, 0x9DB9, 0xC77F,
    0xAEDF, 0xA6DF, 0xF7DF, 0xF7DF, 0xF7DF, 0xF7DF, 0xF7DF, 0xF7DF, 0xF7DF, 0xF7DF, 0xF7DF, 0xF7DF, 0xF7DF, 0xF7DF, 0xF7DF, 0xF7DF,
    0xF7DF, 0xF7DF, 0xF7DF, 0xF7DF, 0xF7DF, 0xF7DF, 0xF7DF, 0xF7DF, 0xF7DF, 0xF7DF, 0xF7DF, 0xF7DF, 0xF7DF, 0xF7DF, 0xF7DF, 0xF7DF,
    0xF7DF, 0xF7DF, 0xF7DF, 0xF7DF, 0xF7DF, 0xF7BF, 0xFFFF, 0x42AD, 0x0022, 0x1106, 0x08C5, 0x10E5, 0x10E5, 0x10E5, 0x0883, 0x08A4,
    0x08A4, 0x0883, 0x08A4, 0x08A4, 0x08A4, 0x08A4, 0x08C4, 0x0042, 0x2987, 0xF7DF, 0xF7DF, 0xF7DF, 0xF7DF, 0xF7DF, 0xF7DF, 0xF7DF,
    0xF7DF, 0xF7DF, 0xF7DF, 0xF7DF, 0xF7DF, 0xF7DF, 0xF7DF, 0xF7DF, 0xF7DF, 0xF7DF, 0xF7DF, 0xF7DF, 0xF7DF, 0xF7DF, 0xF7DF, 0xF7DF,
    0xF7DF, 0xF7DF, 0xF7DF, 0xF7DF, 0xF7DF, 0xF7DF, 0xF7DF, 0xF7DF, 0xF7DF, 0xF7DF, 0xF7DF, 0xF7DF, 0xF7DF, 0xFFFF, 0xC73F, 0xA6DF,
    0xC73F, 0xC73F, 0x19CB, 0x0086, 0x00C7, 0x00C7, 0x00C7, 0x00C7, 0x00C7, 0x00C7, 0x00C7, 0x00C7, 0x00C7, 0x00C7, 0x00E7, 0x00C8,
    0x00C7, 0x00E7, 0x00C8, 0x00E7, 0x00E8, 0x00C7, 0x00E8, 0x00E8, 0x00E8, 0x00E8, 0x00E8, 0x00E8, 0x00E8, 0x00E8, 0x00E8, 0x00E8,
    0x00E8, 0x00E8, 0x00E8, 0x00E9, 0x0109, 0x0109, 0x0109, 0x0109, 0x00E9, 0x00E9, 0x00E9, 0x00E9, 0x00E9, 0x00E9, 0x00E9, 0x00E8,
    0x00E8, 0x00E8, 0x00E8, 0x00E8, 0x00E8, 0x00E8, 0x00E8, 0x00E8, 0x00C8, 0x00E8, 0x00C8, 0x00E8, 0x00C8, 0x00E8, 0x00C8, 0x00C8,
    0x00E8, 0x00C8, 0x00C8, 0x00C8, 0x00C8, 0x00C7, 0x00C7, 0x00C7, 0x00C7, 0x00C7, 0x00C7, 0x00C7, 0x00E8, 0x00C7, 0x00E8, 0x00C7,
    0x00E8, 0x00C8, 0x00E8, 0x00C8, 0x00E8, 0x00C8, 0x00E8, 0x00E8, 0x00E8, 0x00E8, 0x00E8, 0x00E8, 0x00E8, 0x00E8, 0x00E8, 0x00E8,
    0x00E8, 0x00E8, 0x00E9, 0x00E9, 0x00E9, 0x0109, 0x0109, 0x0109, 0x0109, 0x0109, 0x00E9, 0x00E9, 0x00E8, 0x00E8, 0x00E8, 0x00E8,
    0x00C8, 0x00E7, 0x00C7, 0x00C7, 0x00C7, 0x00C7, 0x00C7, 0x00C7, 0x00C7, 0x00C7, 0x00C7, 0x00C7, 0x00C7, 0x00C7, 0x00C7, 0x00C7,
    0x00C7, 0x00C7, 0x00C7, 0x00C7, 0x00C6, 0x00A6, 0x00C6, 0x00C6, 0x00C6, 0x00C6, 0x00C6, 0x00A6, 0x00A6, 0x00C7, 0xA63B, 0xC75F,
    0xAEDF, 0xAEFF, 0xF7DF, 0xF7DF, 0xF7DF, 0xF7DF, 0xF7DF, 0xF7DF, 0xF7DF, 0xF7DF, 0xF7DF, 0xF7DF, 0xF7DF, 0xF7DF, 0xF7DF, 0xF7DF,
    0xF7DF, 0xF7DF, 0xF7DF, 0xF7DF, 0xF7DF, 0xF7DF, 0xF7DF, 0xF7DF, 0xF7DF, 0xF7DF, 0xF7DF, 0xF7DF, 0xF7DF, 0xF7DF, 0xF7DF, 0xF7DF,
    0xF7DF, 0xF7DF, 0xF7DF, 0xF7DF, 0xF7DF, 0xF7BF, 0xFFFF, 0x4AAD, 0x0022, 0x1106, 0x10C5, 0x10E5, 0x10C5, 0x10E5, 0x0883, 0x08A4,
    0x08A4, 0x0883, 0x0884, 0x08A4, 0x08A4, 0x08A4, 0x08C4, 0x0042, 0x2987, 0xF7DF, 0xF7DF, 0xF7DF, 0xF7DF, 0xF7DF, 0xF7DF, 0xF7DF,
    0xF7DF, 0xF7DF, 0xF7DF, 0xF7DF, 0xF7DF, 0xF7DF, 0xF7DF, 0xF7DF, 0xF7DF, 0xF7DF, 0xF7DF, 0xF7DF, 0xF7DF, 0xF7DF, 0xF7DF, 0xF7DF,
    0xF7DF, 0xF7DF, 0xF7DF, 0xF7DF, 0xF7DF, 0xF7DF, 0xF7DF, 0xF7DF, 0xF7DF, 0xF7DF, 0xF7DF, 0xF7DF, 0xF7DF, 0xFFFF, 0xD75F, 0xA6DF,
    0xBF1F, 0xC77F, 0x326D, 0x0066, 0x00E7, 0x00C7, 0x00C7, 0x00C7, 0x00C7, 0x00C7, 0x00C7, 0x00C7, 0x00C7, 0x00E7, 0x00C7, 0x00C7,
    0x00E7, 0x00C8, 0x00C7, 0x00C7, 0x00C8, 0x00E7, 0x00E8, 0x00C7, 0x00E8, 0x00C8, 0x00E8, 0x00E8, 0x00E8, 0x00E8, 0x00E8, 0x00E8,
    0x00E8, 0x00E8, 0x00E8, 0x00E8, 0x00E8, 0x00E9, 0x00E9, 0x00E9, 0x00E9, 0x00E9, 0x00E9, 0x00E9, 0x00E8, 0x00E8, 0x00E8, 0x00E8,
    0x00E8, 0x00E8, 0x00E8, 0x00E8, 0x00C8, 0x00E8, 0x00E8, 0x00E8, 0x00C8, 0x00E8, 0x00C8, 0x00E8, 0x00C8, 0x00E8, 0x00C8, 0x00C8,
    0x00C8, 0x00C8, 0x00E8, 0x00C8, 0x00C7, 0x00C7, 0x00C7, 0x00C7, 0x00C7, 0x00C7, 0x00C7, 0x00C8, 0x00C8, 0x00E7, 0x00C8, 0x00C8,
    0x00C8, 0x00E8, 0x00C8, 0x00E8, 0x00C8, 0x00E8, 0x00E8, 0x00E8, 0x00E8, 0x00E8, 0x00E8, 0x00E8, 0x00E8, 0x00E8, 0x00E8, 0x00E8,
    0x00E8, 0x00E8, 0x00E8, 0x00E8, 0x00E9, 0x00E9, 0x00E9, 0x00E9, 0x00E9, 0x00E9, 0x00E8, 0x00E8, 0x00E8, 0x00E8, 0x00C8, 0x00C7,
    0x00C7, 0x00C7, 0x00C7, 0x00C7, 0x00C7, 0x00C7, 0x00C7, 0x00C7, 0x00C7, 0x00C7, 0x00C7, 0x00C7, 0x00C7, 0x00C7, 0x00C7, 0x00C7,
    0x00A7, 0x00C7, 0x00C7, 0x00C7, 0x00C6, 0x00C6, 0x00A6, 0x00A6, 0x00A6, 0x00A6, 0x00C6, 0x00A6, 0x0085, 0x0908, 0xAEBD, 0xBF3F,
    0xA6DF, 0xB71F, 0xF7FF, 0xF7DF, 0xF7DF, 0xF7DF, 0xF7DF, 0xF7DF, 0xF7DF, 0xF7DF, 0xF7DF, 0xF7DF, 0xF7DF, 0xF7DF, 0xF7DF, 0xF7DF,
    0xF7DF, 0xF7DF, 0xF7DF, 0xF7DF, 0xF7DF, 0xF7DF, 0xF7DF, 0xF7DF, 0xF7DF, 0xF7DF, 0xF7DF, 0xF7DF, 0xF7DF, 0xF7DF, 0xF7DF, 0xF7DF,
    0xF7DF, 0xF7DF, 0xF7DF, 0xF7DF, 0xF7DF, 0xF7BF, 0xFFFF, 0x4AAD, 0x0022, 0x1106, 0x10C5, 0x10E5, 0x10E5, 0x10E5, 0x0883, 0x08A4,
    0x08A4, 0x0883, 0x0883, 0x08A4, 0x08A4, 0x08A4, 0x08C4, 0x0042, 0x2967, 0xF7DF, 0xF7DF, 0xF7DF, 0xF7DF, 0xF7DF, 0xF7DF, 0xF7DF,
    0xF7DF, 0xF7DF, 0xF7DF, 0xF7DF, 0xF7DF, 0xF7DF, 0xF7DF, 0xF7DF, 0xF7DF, 0xF7DF, 0xF7DF, 0xF7DF, 0xF7DF, 0xF7DF, 0xF7DF, 0xF7DF,
    0xF7DF, 0xF7DF, 0xF7DF, 0xF7DF, 0xF7DF, 0xF7DF, 0xF7DF, 0xF7DF, 0xF7DF, 0xF7DF, 0xF7DF, 0xF7DF, 0xF7DF, 0xF7FF, 0xDF9F, 0xA6BF,
    0xB6FF, 0xC79F, 0x4B51, 0x0066, 0x00E8, 0x00C7, 0x00C7, 0x00C7, 0x00C7, 0x00C7, 0x00C7, 0x00C7, 0x00C7, 0x00E7, 0x00C7, 0x00C7,
    0x00C7, 0x00E8, 0x00C7, 0x00E7, 0x00C7, 0x00E8, 0x00C7, 0x00E8, 0x00E8, 0x00E8, 0x00E8, 0x00E8, 0x00E8, 0x00E8, 0x00E8, 0x00E8,
    0x00E8, 0x00E8, 0x00E8, 0x00E8, 0x00E8, 0x0109, 0x00E9, 0x0109, 0x0109, 0x00E9, 0x00E8, 0x00E8, 0x00E8, 0x00E8, 0x00E8, 0x00E8,
    0x00E8, 0x00E8, 0x00E8, 0x00E8, 0x00E8, 0x00E8, 0x00E8, 0x00C8, 0x00E8, 0x00C8, 0x00E8, 0x00C8, 0x00C8, 0x00C8, 0x00E8, 0x00C8,
    0x00E8, 0x00C8, 0x00E8, 0x00C8, 0x00C7, 0x00C7, 0x00C7, 0x00C7, 0x00C7, 0x00C7, 0x00C7, 0x00C7, 0x00C8, 0x00E7, 0x00C8, 0x00E8,
    0x00C8, 0x00E8, 0x00C8, 0x00E8, 0x00C8, 0x00E8, 0x00E8, 0x00E8, 0x00E8, 0x00E8, 0x00E8, 0x00E8, 0x00E8, 0x00E8, 0x00E8, 0x00E8,
    0x00E8, 0x00E8, 0x00E8, 0x00E8, 0x00E9, 0x00E9, 0x00E9, 0x0109, 0x00E9, 0x00E8, 0x00E8, 0x00E8, 0x00E8, 0x00C8, 0x00E7, 0x00C7,
    0x00C7, 0x00C7, 0x00C7, 0x00C7, 0x00C7, 0x00C7, 0x00C7, 0x00C7, 0x00C7, 0x00C7, 0x00C7, 0x00C7, 0x00C7, 0x00C7, 0x00C7, 0x00C7,
    0x00C7, 0x00C7, 0x00C7, 0x00C7, 0x00C7, 0x00C6, 0x00C6, 0x00A6, 0x00A6, 0x00C6, 0x00A6, 0x00C6, 0x0065, 0x21AA, 0xBF1F, 0xBF1F,
    0xA6DF, 0xC73F, 0xFFDF, 0xF7DF, 0xF7DF, 0xF7DF, 0xF7DF, 0xF7DF, 0xF7DF, 0xF7DF, 0xF7DF, 0xF7DF, 0xF7DF, 0xF7DF, 0xF7DF, 0xF7DF,
    0xF7DF, 0xF7DF, 0xF7DF, 0xF7DF, 0xF7DF, 0xF7DF, 0xF7DF, 0xF7DF, 0xF7DF, 0xF7DF, 0xF7DF, 0xF7DF, 0xF7DF, 0xF7DF, 0xF7DF, 0xF7DF,
    0xF7DF, 0xF7DF, 0xF7DF, 0xF7DF, 0xF7DF, 0xF7BF, 0xFFFF, 0x4AAD, 0x0023, 0x1106, 0x08C5, 0x10E5, 0x10E5, 0x10E5, 0x0883, 0x08A4,
    0x0884, 0x0883, 0x0883, 0x08A4, 0x08A4, 0x08A4, 0x08C4, 0x0042, 0x2967, 0xF7DF, 0xF7DF, 0xF7DF, 0xF7DF, 0xF7DF, 0xF7DF, 0xF7DF,
    0xF7DF, 0xF7DF, 0xF7DF, 0xF7DF, 0xF7DF, 0xF7DF, 0xF7DF, 0xF7DF, 0xF7DF, 0xF7DF, 0xF7DF, 0xF7DF, 0xF7DF, 0xF7DF, 0xF7DF, 0xF7DF,
    0xF7DF, 0xF7DF, 0xF7DF, 0xF7DF, 0xF7DF, 0xF7DF, 0xF7DF, 0xF7DF, 0xF7DF, 0xF7DF, 0xF7DF, 0xF7DF, 0xF7DF, 0xF7DF, 0xE7BF, 0xA6BF,
    0xB6FF, 0xCF9F, 0x6C55, 0x0066, 0x00E7, 0x00C7, 0x00C7, 0x00C7, 0x00C7, 0x00C7, 0x00C7, 0x00C7, 0x00C7, 0x00E7, 0x00C7, 0x00C7,
    0x00E7, 0x00C7, 0x00C7, 0x00C8, 0x00C7, 0x00E8, 0x00C7, 0x00E8, 0x00E7, 0x00E8, 0x00E8, 0x00E8, 0x00E8, 0x00E8, 0x00E8, 0x00E8,
    0x00E8, 0x00E8, 0x00E8, 0x00E8, 0x00E8, 0x00E8, 0x00E8, 0x00E9, 0x00E8, 0x00E8, 0x00E8, 0x00E8, 0x00E8, 0x00E8, 0x00E8, 0x00E8,
    0x00E8, 0x00E8, 0x00E8, 0x00E8, 0x00E8, 0x00E8, 0x00E8, 0x00C8, 0x00E8, 0x00C8, 0x00E8, 0x00C8, 0x00E8, 0x00C8, 0x00E8, 0x00C8,
    0x00E8, 0x00C8, 0x00C8, 0x00C8, 0x00C7, 0x00C7, 0x00C7, 0x00C7, 0x00C7, 0x00C7, 0x00C7, 0x00C7, 0x00C8, 0x00C8, 0x00E8, 0x00C8,
    0x00E8, 0x00C8, 0x00E8, 0x00C8, 0x00E8, 0x00E8, 0x00E8, 0x00E8, 0x00E8, 0x00E8, 0x00E8, 0x00E8, 0x00E8, 0x00E8, 0x00E8, 0x00E8,
    0x00E8, 0x00E8, 0x00E8, 0x00E8, 0x00E8, 0x00E8, 0x00E8, 0x00E8, 0x00E8, 0x00E8, 0x00E8, 0x00E8, 0x00E8, 0x00C8, 0x00E7, 0x00C7,
    0x00E7, 0x00C7, 0x00C7, 0x00C7, 0x00C7, 0x00C7, 0x00C7, 0x00C7, 0x00C7, 0x00C7, 0x00C7, 0x00C7, 0x00C7, 0x00C7, 0x00C7, 0x00C7,
    0x00C7, 0x00A7, 0x00C7, 0x00C7, 0x00C7, 0x00C6, 0x00A6, 0x00C6, 0x00A6, 0x00A6, 0x00A6, 0x00C7, 0x0045, 0x3AAE, 0xC77F, 0xBF1F,
    0xA6DF, 0xCF5F, 0xF7DF, 0xF7DF, 0xF7DF, 0xF7DF, 0xF7DF, 0xF7DF, 0xF7DF, 0xF7DF, 0xF7DF, 0xF7DF, 0xF7DF, 0xF7DF, 0xF7DF, 0xF7DF,
    0xF7DF, 0xF7DF, 0xF7DF, 0xF7DF, 0xF7DF, 0xF7DF, 0xF7DF, 0xF7DF, 0xF7DF, 0xF7DF, 0xF7DF, 0xF7DF, 0xF7DF, 0xF7DF, 0xF7DF, 0xF7DF,
    0xF7DF, 0xF7DF, 0xF7DF, 0xF7DF, 0xF7DF, 0xF7BF, 0xFFFF, 0x4AAD, 0x0023, 0x1106, 0x08C5, 0x10E5, 0x10E5, 0x10E5, 0x0883, 0x08A4,
    0x08A4, 0x0883, 0x0883, 0x08A4, 0x08A4, 0x08A4, 0x08C4, 0x0042, 0x2967, 0xF7DF, 0xF7DF, 0xF7DF, 0xF7DF, 0xF7DF, 0xF7DF, 0xF7DF,
    0xF7DF, 0xF7DF, 0xF7DF, 0xF7DF, 0xF7DF, 0xF7DF, 0xF7DF, 0xF7DF, 0xF7DF, 0xF7DF, 0xF7DF, 0xF7DF, 0xF7DF, 0xF7DF, 0xF7DF, 0xF7DF,
    0xF7DF, 0xF7DF, 0xF7DF, 0xF7DF, 0xF7DF, 0xF7DF, 0xF7DF, 0xF7DF, 0xF7DF, 0xF7DF, 0xF7DF, 0xF7DF, 0xF7DF, 0xF7DF, 0xEFDF, 0xAEDF,
    0xAEFF, 0xC77F, 0x9599, 0x0087, 0x00C7, 0x00C7, 0x00C7, 0x00C7, 0x00C7, 0x00C7, 0x00C7, 0x00C7, 0x00C7, 0x00E7, 0x00C7, 0x00C7,
    0x00C7, 0x00E8, 0x00C7, 0x00E7, 0x00C7, 0x00E8, 0x00C7, 0x00E8, 0x00E8, 0x00C8, 0x00C8, 0x00E8, 0x00E8, 0x00E8, 0x00E8, 0x00E8,
    0x00E8, 0x00E8, 0x00E8, 0x00E8, 0x00E8, 0x00E8, 0x00E8, 0x00E8, 0x00E8, 0x00E8, 0x00E8, 0x00E8, 0x00E8, 0x00E8, 0x00E8, 0x00E8,
    0x00E8, 0x00E8, 0x00E8, 0x00E8, 0x00E8, 0x00E8, 0x00C8, 0x00E8, 0x00C8, 0x00E8, 0x00C8, 0x00E8, 0x00C8, 0x00C8, 0x00C8, 0x00E8,
    0x00C8, 0x00C8, 0x00C8, 0x00C8, 0x00C7, 0x00C7, 0x00C7, 0x00C7, 0x00C7, 0x00C8, 0x00C8, 0x00C7, 0x00C8, 0x00C8, 0x00E8, 0x00C8,
    0x00C8, 0x00E8, 0x00C8, 0x00E8, 0x00E8, 0x00E8, 0x00E8, 0x00E8, 0x00E8, 0x00E8, 0x00E8, 0x00E8, 0x00E8, 0x00E8, 0x00E8, 0x00E8,
    0x00E8, 0x00E8, 0x00E8, 0x00E8, 0x0108, 0x00E8, 0x00E8, 0x00E8, 0x00E8, 0x00E8, 0x00E8, 0x00E8, 0x00C8, 0x00C8, 0x00C7, 0x00C7,
    0x00C7, 0x00E7, 0x00C7, 0x00C7, 0x00C7, 0x00C7, 0x00C7, 0x00C7, 0x00C7, 0x00C7, 0x00C7, 0x00C7, 0x00C7, 0x00C7, 0x00C7, 0x00C7,
    0x00C7, 0x00C7, 0x00C7, 0x00C7, 0x00C7, 0x00A6, 0x00A6, 0x00A6, 0x00A6, 0x00A6, 0x00A6, 0x00C7, 0x0045, 0x5BF3, 0xC79F, 0xB6FF,
    0xA6DF, 0xDF9F, 0xF7DF, 0xF7DF, 0xF7DF, 0xF7DF, 0xF7DF, 0xF7DF, 0xF7DF, 0xF7DF, 0xF7DF, 0xF7DF, 0xF7DF, 0xF7DF, 0xF7DF, 0xF7DF,
    0xF7DF, 0xF7DF, 0xF7DF, 0xF7DF, 0xF7DF, 0xF7DF, 0xF7DF, 0xF7DF, 0xF7DF, 0xF7DF, 0xF7DF, 0xF7DF, 0xF7DF, 0xF7DF, 0xF7DF, 0xF7DF,
    0xF7DF, 0xF7DF, 0xF7DF, 0xF7DF, 0xF7DF, 0xEFBF, 0xFFFF, 0x4AAD, 0x0023, 0x10E6, 0x08C5, 0x10E5, 0x10E5, 0x10E5, 0x0883, 0x08A4,
    0x08A4, 0x0883, 0x0883, 0x08A4, 0x08A4, 0x08A4, 0x08C4, 0x0042, 0x2967, 0xF7DF, 0xF7DF, 0xF7DF, 0xF7DF, 0xF7DF, 0xF7DF, 0xF7DF,
    0xF7DF, 0xF7DF, 0xF7DF, 0xF7DF, 0xF7DF, 0xF7DF, 0xF7DF, 0xF7DF, 0xF7DF, 0xF7DF, 0xF7DF, 0xF7DF, 0xF7DF, 0xF7DF, 0xF7DF, 0xF7DF,
    0xF7DF, 0xF7DF, 0xF7DF, 0xF7DF, 0xF7DF, 0xF7DF, 0xF7DF, 0xF7DF, 0xF7DF, 0xF7DF, 0xF7DF, 0xF7DF, 0xF7DF, 0xF7DF, 0xF7DF, 0xB6FF,
    0xAEDF, 0xC75F, 0xB6BD, 0x0929, 0x00A7, 0x00C7, 0x00C7, 0x00C7, 0x00C7, 0x00C7, 0x00C7, 0x00C7, 0x00C7, 0x00C7, 0x00C7, 0x00C7,
    0x00E8, 0x00C7, 0x00C7, 0x00C7, 0x00E8, 0x00C7, 0x00E8, 0x00E7, 0x00C8, 0x00E8, 0x00E8, 0x00C8, 0x00E8, 0x00E8, 0x00E8, 0x00E8,
    0x00E8, 0x00E8, 0x00E8, 0x00E8, 0x00E8, 0x00E8, 0x00E9, 0x00E9, 0x00E8, 0x00E8, 0x00E8, 0x00E8, 0x00E8, 0x00E8, 0x00E8, 0x00E8,
    0x00E8, 0x00E8, 0x00E8, 0x00E8, 0x00E8, 0x00E8, 0x00C8, 0x00E8, 0x00C8, 0x00E8, 0x00C8, 0x00C8, 0x00E8, 0x00C8, 0x00E8, 0x00C8,
    0x00C8, 0x00E8, 0x00C8, 0x00C8, 0x00C7, 0x00C7, 0x00C7, 0x00C7, 0x00C8, 0x00C8, 0x00C8, 0x00C7, 0x00C8, 0x00E8, 0x00E8, 0x00C8,
    0x00E8, 0x00C8, 0x00E8, 0x00E8, 0x00E8, 0x00E8, 0x00E8, 0x00E8, 0x00E8, 0x00E8, 0x00E8, 0x00E8, 0x00E8, 0x00E8, 0x00E8, 0x00E8,
    0x00E8, 0x00E8, 0x00E8, 0x00E8, 0x00E8, 0x0108, 0x00E8, 0x00E8, 0x00E8, 0x00E8, 0x00E8, 0x00E8, 0x00E8, 0x00E8, 0x00E8, 0x00C7,
    0x00C7, 0x00C7, 0x00C7, 0x00C7, 0x00C7, 0x00C7, 0x00C7, 0x00C7, 0x00C7, 0x00C7, 0x00C7, 0x00C7, 0x00C7, 0x00C7, 0x00C7, 0x00C7,
    0x00C7, 0x00C7, 0x00C7, 0x00C7, 0x00C7, 0x00C6, 0x00C6, 0x00A6, 0x00A6, 0x00A6, 0x00A6, 0x00C6, 0x0086, 0x8D79, 0xC77F, 0xAEFF,
    0xA6DF, 0xEFBF, 0xF7DF, 0xF7DF, 0xF7DF, 0xF7DF, 0xF7DF, 0xF7DF, 0xF7DF, 0xF7DF, 0xF7DF, 0xF7DF, 0xF7DF, 0xF7DF, 0xF7DF, 0xF7DF,
    0xF7DF, 0xF7DF, 0xF7DF, 0xF7DF, 0xF7DF, 0xF7DF, 0xF7DF, 0xF7DF, 0xF7DF, 0xF7DF, 0xF7DF, 0xF7DF, 0xF7DF, 0xF7DF, 0xF7DF, 0xF7DF,
    0xF7DF, 0xF7DF, 0xF7DF, 0xF7DF, 0xF7DF, 0xF7BF, 0xFFFF, 0x4AAD, 0x0022, 0x10E6, 0x08C5, 0x10C5, 0x10E5, 0x10E5, 0x0883, 0x08A4,
    0x08A4, 0x0883, 0x0883, 0x08A4, 0x08A4, 0x08A4, 0x08C4, 0x0042, 0x2967, 0xF7DF, 0xF7DF, 0xF7DF, 0xF7DF, 0xF7DF, 0xF7DF, 0xF7DF,
    0xF7DF, 0xF7DF, 0xF7DF, 0xF7DF, 0xF7DF, 0xF7DF, 0xF7DF, 0xF7DF, 0xF7DF, 0xF7DF, 0xF7DF, 0xF7DF, 0xF7DF, 0xF7DF, 0xF7DF, 0xF7DF,
    0xF7DF, 0xF7DF, 0xF7DF, 0xF7DF, 0xF7DF, 0xF7DF, 0xF7DF, 0xF7DF, 0xF7DF, 0xF7DF, 0xF7DF, 0xF7DF, 0xF7DF, 0xF7DF, 0xFFFF, 0xCF3F,
    0xAEDF, 0xBF1F, 0xC77F, 0x324D, 0x0066, 0x00E8, 0x00C7, 0x00C7, 0x00C7, 0x00C7, 0x00C7, 0x00C7, 0x00C7, 0x00C8, 0x00C7, 0x00C7,
    0x00C7, 0x00C7, 0x00E7, 0x00C7, 0x00E8, 0x00C7, 0x00E8, 0x00C8, 0x00E8, 0x00E8, 0x00C8, 0x00E8, 0x00E8, 0x00E8, 0x00E8, 0x00E8,
    0x00E8, 0x00E8, 0x00E8, 0x00E8, 0x00E8, 0x00E9, 0x00E8, 0x00E8, 0x00E8, 0x00E8, 0x00E8, 0x00E8, 0x00E8, 0x00E8, 0x00E8, 0x00E8,
    0x00E8, 0x00E8, 0x00E8, 0x00E8, 0x00E8, 0x00C8, 0x00E8, 0x00C8, 0x00E8, 0x00C8, 0x00E8, 0x00C8, 0x00E8, 0x00C8, 0x00C8, 0x00E8,
    0x00C8, 0x00C8, 0x00C7, 0x00C7, 0x00C7, 0x00C7, 0x00C8, 0x00C7, 0x00C8, 0x00C7, 0x00C7, 0x00C8, 0x00C8, 0x00C8, 0x00C8, 0x00E8,
    0x00C8, 0x00E8, 0x00C8, 0x00E8, 0x00E8, 0x00E8, 0x00E8, 0x00E8, 0x00E8, 0x00E8, 0x00E8, 0x00E8, 0x00E8, 0x00E8, 0x00E8, 0x00E8,
    0x00E8, 0x00E8, 0x00E8, 0x00E8, 0x00E8, 0x00E8, 0x00E8, 0x00E8, 0x00E8, 0x00E8, 0x00E8, 0x00E8, 0x00C8, 0x00C8, 0x00C8, 0x00C8,
    0x00C7, 0x00C7, 0x00C7, 0x00C7, 0x00C7, 0x00C7, 0x00C7, 0x00C7, 0x00C7, 0x00C7, 0x00C7, 0x00C7, 0x00C7, 0x00C7, 0x00C7, 0x00C7,
    0x00C7, 0x00C7, 0x00C7, 0x00C7, 0x00C7, 0x00C6, 0x00C6, 0x00C6, 0x00C6, 0x00A6, 0x00C6, 0x0086, 0x1128, 0xB6DE, 0xBF3F, 0xA6DF,
    0xB6FF, 0xF7DF, 0xF7DF, 0xF7DF, 0xF7DF, 0xF7DF, 0xF7DF, 0xF7DF, 0xF7DF, 0xF7DF, 0xF7DF, 0xF7DF, 0xF7DF, 0xF7DF, 0xF7DF, 0xF7DF,
    0xF7DF, 0xF7DF, 0xF7DF, 0xF7DF, 0xF7DF, 0xF7DF, 0xF7DF, 0xF7DF, 0xF7DF, 0xF7DF, 0xF7DF, 0xF7DF, 0xF7DF, 0xF7DF, 0xF7DF, 0xF7DF,
    0xF7DF, 0xF7DF, 0xF7DF, 0xF7DF, 0xF7DF, 0xF7BF, 0xFFFF, 0x42AD, 0x0022, 0x10E6, 0x08C5, 0x10C5, 0x10C5, 0x10E5, 0x0883, 0x08A4,
    0x08A4, 0x0883, 0x0883, 0x08A4, 0x08A4, 0x08A4, 0x08C4, 0x0042, 0x2967, 0xF7DF, 0xF7DF, 0xF7DF, 0xF7DF, 0xF7DF, 0xF7DF, 0xF7DF,
    0xF7DF, 0xF7DF, 0xF7DF, 0xF7DF, 0xF7DF, 0xF7DF, 0xF7DF, 0xF7DF, 0xF7DF, 0xF7DF, 0xF7DF, 0xF7DF, 0xF7DF, 0xF7DF, 0xF7DF, 0xF7DF,
    0xF7DF, 0xF7DF, 0xF7DF, 0xF7DF, 0xF7DF, 0xF7DF, 0xF7DF, 0xF7DF, 0xF7DF, 0xF7DF, 0xF7DF, 0xF7DF, 0xF7DF, 0xF7DF, 0xF7DF, 0xDF9F,
    0xA6DF, 0xB6FF, 0xCF9F, 0x6414, 0x0046, 0x00E8, 0x00C7, 0x00C7, 0x00C7, 0x00C7, 0x00C7, 0x00C7, 0x00C7, 0x00C8, 0x00C7, 0x00E7,
    0x00C7, 0x00E8, 0x00C7, 0x00C8, 0x00E8, 0x00C8, 0x00E8, 0x00C8, 0x00E8, 0x00C8, 0x00E8, 0x00E8, 0x00E8, 0x00E8, 0x00E8, 0x00E8,
    0x00E8, 0x00E8, 0x00E8, 0x00E8, 0x00E8, 0x00E9, 0x00E9, 0x00E9, 0x00E8, 0x00E8, 0x00E8, 0x00E8, 0x00E8, 0x00E8, 0x00E8, 0x00E8,
    0x00E8, 0x00E8, 0x00E8, 0x00E8, 0x00E8, 0x00E8, 0x00E8, 0x00C8, 0x00E8, 0x00C8, 0x00C8, 0x00E8, 0x00C8, 0x00E8, 0x00C8, 0x00C7,
    0x00C8, 0x00C8, 0x00C7, 0x00C8, 0x00C8, 0x00C8, 0x00C8, 0x00C8, 0x00C8, 0x00C8, 0x00C8, 0x00C8, 0x00C8, 0x00E8, 0x00C8, 0x00E8,
    0x00C8, 0x00E8, 0x00C8, 0x00E8, 0x00E8, 0x00E8, 0x00E8, 0x00E8, 0x00E8, 0x00E8, 0x00E8, 0x00E8, 0x00E8, 0x00E8, 0x00E8, 0x00E8,
    0x00E8, 0x00E8, 0x00E8, 0x00E8, 0x00E8, 0x00E8, 0x00E8, 0x00E8, 0x00E8, 0x00E8, 0x00E8, 0x00E8, 0x00E8, 0x00E8, 0x00E8, 0x00E8,
    0x00C8, 0x00C7, 0x00C7, 0x00C7, 0x00C7, 0x00C7, 0x00C7, 0x00C7, 0x00C7, 0x00C7, 0x00C7, 0x00C7, 0x00C7, 0x00C7, 0x00C7, 0x00C7,
    0x00C7, 0x00C7, 0x00C7, 0x00C7, 0x00C7, 0x00C6, 0x00C6, 0x00C6, 0x00A6, 0x00A6, 0x00C7, 0x0045, 0x3AAE, 0xC77F, 0xB71F, 0x9EBF,
    0xC73F, 0xFFFF, 0xEFDF, 0xF7DF, 0xF7DF, 0xF7DF, 0xF7DF, 0xF7DF, 0xF7DF, 0xF7DF, 0xF7DF, 0xF7DF, 0xF7DF, 0xF7DF, 0xF7DF, 0xF7DF,
    0xF7DF, 0xF7DF, 0xF7DF, 0xF7DF, 0xF7DF, 0xF7DF, 0xF7DF, 0xF7DF, 0xF7DF, 0xF7DF, 0xF7DF, 0xF7DF, 0xF7DF, 0xF7DF, 0xF7DF, 0xF7DF,
    0xF7DF, 0xF7DF, 0xF7DF, 0xF7DF, 0xF7DF, 0xEFBF, 0xFFFF, 0x42AD, 0x0022, 0x1106, 0x08C5, 0x10C5, 0x10C5, 0x10E5, 0x0883, 0x08A4,
    0x08A4, 0x0883, 0x0883, 0x08A4, 0x08A4, 0x08A4, 0x08C4, 0x0042, 0x2967, 0xF7DF, 0xF7DF, 0xF7DF, 0xF7DF, 0xF7DF, 0xF7DF, 0xF7DF,
    0xF7DF, 0xF7DF, 0xF7DF, 0xF7DF, 0xF7DF, 0xF7DF, 0xF7DF, 0xF7DF, 0xF7DF, 0xF7DF, 0xF7DF, 0xF7DF, 0xF7DF, 0xF7DF, 0xF7DF, 0xF7DF,
    0xF7DF, 0xF7DF, 0xF7DF, 0xF7DF, 0xF7DF, 0xF7DF, 0xF7DF, 0xF7DF, 0xF7DF, 0xF7DF, 0xF7DF, 0xF7DF, 0xF7DF, 0xF7DF, 0xF7DF, 0xEFDF,
    0xAEDF, 0xB6FF, 0xC75F, 0x9E1B, 0x00C8, 0x00C7, 0x00C7, 0x00C7, 0x00C7, 0x00C7, 0x00C7, 0x00C7, 0x00C7, 0x00C7, 0x00C7, 0x00E7,
    0x00C8, 0x00C7, 0x00C7, 0x00E7, 0x00C7, 0x00C8, 0x00E8, 0x00E8, 0x00E8, 0x00E8, 0x00C8, 0x00E8, 0x00E8, 0x00E8, 0x00E8, 0x00E8,
    0x00E8, 0x00E8, 0x00E8, 0x00E8, 0x00E9, 0x00E9, 0x00E9, 0x00E9, 0x00E8, 0x00E8, 0x00E8, 0x00E8, 0x00E8, 0x00E8, 0x00E8, 0x00E8,
    0x00E8, 0x00E8, 0x00E8, 0x00E8, 0x00E8, 0x00E8, 0x00E8, 0x00E8, 0x00E8, 0x00E8, 0x00C8, 0x00E8, 0x00C8, 0x00E8, 0x00C8, 0x00E8,
    0x00C8, 0x00C8, 0x00C7, 0x00C7, 0x00C8, 0x00E8, 0x00E8, 0x00C8, 0x00E8, 0x00E8, 0x00C8, 0x00C8, 0x00E8, 0x00E8, 0x00C8, 0x00E8,
    0x00E8, 0x00C8, 0x00E8, 0x00E8, 0x00E8, 0x00E8, 0x00E8, 0x00E8, 0x00E8, 0x00E8, 0x00E8, 0x00E8, 0x00E8, 0x00E8, 0x00E8, 0x00E8,
    0x00E8, 0x00E8, 0x00E8, 0x00E8, 0x00E8, 0x00E8, 0x00E8, 0x00E8, 0x00E8, 0x00E8, 0x00E8, 0x00E8, 0x00C8, 0x00C8, 0x00C8, 0x00C8,
    0x00C8, 0x00E7, 0x00C7, 0x00C7, 0x00C7, 0x00C7, 0x00C7, 0x00C7, 0x00C7, 0x00C7, 0x00C7, 0x00C7, 0x00C7, 0x00C7, 0x00C7, 0x00C7,
    0x00C7, 0x00C7, 0x00C7, 0x00C7, 0x00C7, 0x00C7, 0x00C7, 0x00C6, 0x00C6, 0x00C6, 0x00C7, 0x0045, 0x74B6, 0xC79F, 0xB6FF, 0x9EBF,
    0xDF9F, 0xF7DF, 0xF7DF, 0xF7DF, 0xF7DF, 0xF7DF, 0xF7DF, 0xF7DF, 0xF7DF, 0xF7DF, 0xF7DF, 0xF7DF, 0xF7DF, 0xF7DF, 0xF7DF, 0xF7DF,
    0xF7DF, 0xF7DF, 0xF7DF, 0xF7DF, 0xF7DF, 0xF7DF, 0xF7DF, 0xF7DF, 0xF7DF, 0xF7DF, 0xF7DF, 0xF7DF, 0xF7DF, 0xF7DF, 0xF7DF, 0xF7DF,
    0xF7DF, 0xF7DF, 0xF7DF, 0xF7DF, 0xF7DF, 0xF7BF, 0xFFFF, 0x42AC, 0x0022, 0x10E6, 0x08C5, 0x10C5, 0x10C5, 0x10E5, 0x0883, 0x08A4,
    0x0884, 0x0883, 0x0883, 0x08A4, 0x08A4, 0x08A4, 0x08C4, 0x0042, 0x2987, 0xF7DF, 0xF7DF, 0xF7DF, 0xF7DF, 0xF7DF, 0xF7DF, 0xF7DF,
    0xF7DF, 0xF7DF, 0xF7DF, 0xF7DF, 0xF7DF, 0xF7DF, 0xF7DF, 0xF7DF, 0xF7DF, 0xF7DF, 0xF7DF, 0xF7DF, 0xF7DF, 0xF7DF, 0xF7DF, 0xF7DF,
    0xF7DF, 0xF7DF, 0xF7DF, 0xF7DF, 0xF7DF, 0xF7DF, 0xF7DF, 0xF7DF, 0xF7DF, 0xF7DF, 0xF7DF, 0xF7DF, 0xF7DF, 0xF7DF, 0xF7DF, 0xFFFF,
    0xBF1F, 0xAEDF, 0xBF3F, 0xC75F, 0x2A2D, 0x0086, 0x00C7, 0x00C7, 0x00C7, 0x00C7, 0x00C7, 0x00C7, 0x00C7, 0x00C7, 0x00E7, 0x00C8,
    0x00E7, 0x00C8, 0x00C7, 0x00C8, 0x00C8, 0x00E8, 0x00C8, 0x00C8, 0x00E8, 0x00C8, 0x00E8, 0x00E8, 0x00E8, 0x00E8, 0x00E8, 0x00E8,
    0x00E8, 0x00E8, 0x00E8, 0x00E8, 0x00E9, 0x00E9, 0x00E9, 0x00E9, 0x00E8, 0x00E8, 0x00E8, 0x00E8, 0x00E8, 0x00E8, 0x00E8, 0x00E8,
    0x00E8, 0x00E8, 0x00E8, 0x00E8, 0x00E8, 0x00E8, 0x00E8, 0x00E8, 0x00C8, 0x00C8, 0x00E8, 0x00C8, 0x00E8, 0x00C8, 0x00E7, 0x00C8,
    0x00C7, 0x00C8, 0x00C8, 0x00C8, 0x00C7, 0x00C8, 0x00E8, 0x00E8, 0x00E8, 0x00C8, 0x00C8, 0x00E8, 0x00E8, 0x00E8, 0x00C8, 0x00E8,
    0x00E8, 0x00E8, 0x00C8, 0x00E8, 0x00E8, 0x00E8, 0x00E8, 0x00E8, 0x00E8, 0x00E8, 0x00E8, 0x00E8, 0x00E8, 0x00E8, 0x00E8, 0x00E8,
    0x00E8, 0x00E8, 0x00E8, 0x00E8, 0x00E8, 0x00E8, 0x00E8, 0x00E8, 0x00E8, 0x00E8, 0x00E8, 0x00E8, 0x00E8, 0x00E8, 0x00E8, 0x00C8,
    0x00E8, 0x00C8, 0x00C7, 0x00E7, 0x00C7, 0x00C7, 0x00C7, 0x00C7, 0x00C7, 0x00C7, 0x00C7, 0x00C7, 0x00C7, 0x00C7, 0x00C7, 0x00C7,
    0x00C7, 0x00C7, 0x00C7, 0x00C7, 0x00C7, 0x00C7, 0x00C6, 0x00C7, 0x00C7, 0x00C7, 0x00A6, 0x1128, 0xAE9D, 0xB73F, 0xAEDF, 0xA6DF,
    0xF7DF, 0xF7DF, 0xF7DF, 0xF7DF, 0xF7DF, 0xF7DF, 0xF7DF, 0xF7DF, 0xF7DF, 0xF7DF, 0xF7DF, 0xF7DF, 0xF7DF, 0xF7DF, 0xF7DF, 0xF7DF,
    0xF7DF, 0xF7DF, 0xF7DF, 0xF7DF, 0xF7DF, 0xF7DF, 0xF7DF, 0xF7DF, 0xF7DF, 0xF7DF, 0xF7DF, 0xF7DF, 0xF7DF, 0xF7DF, 0xF7DF, 0xF7DF,
    0xF7DF, 0xF7DF, 0xF7DF, 0xF7DF, 0xF7DF, 0xF7BF, 0xFFFF, 0x428C, 0x0022, 0x10E5, 0x10C5, 0x10C5, 0x10C5, 0x10C5, 0x0883, 0x08A4,
    0x0883, 0x0883, 0x0883, 0x08A4, 0x08A4, 0x08A4, 0x08C4, 0x0042, 0x2987, 0xF7DF, 0xF7DF, 0xF7DF, 0xF7DF, 0xF7DF, 0xF7DF, 0xF7DF,
    0xF7DF, 0xF7DF, 0xF7DF, 0xF7DF, 0xF7DF, 0xF7DF, 0xF7DF, 0xF7DF, 0xF7DF, 0xF7DF, 0xF7DF, 0xF7DF, 0xF7DF, 0xF7DF, 0xF7DF, 0xF7DF,
    0xF7DF, 0xF7DF, 0xF7DF, 0xF7DF, 0xF7DF, 0xF7DF, 0xF7DF, 0xF7DF, 0xF7DF, 0xF7DF, 0xF7DF, 0xF7DF, 0xF7DF, 0xF7DF, 0xF7DF, 0xF7FF,
    0xDF7F, 0xA6BF, 0xBEFF, 0xD7BF, 0x7475, 0x0046, 0x00E8, 0x00C7, 0x00C7, 0x00C7, 0x00C7, 0x00C7, 0x00C7, 0x00C7, 0x00C7, 0x00C7,
    0x00E8, 0x00C7, 0x00E7, 0x00C8, 0x00E8, 0x00C8, 0x00C8, 0x00E8, 0x00E8, 0x00E8, 0x00E8, 0x00E8, 0x00E8, 0x00E8, 0x00E8, 0x00E8,
    0x00E8, 0x00E8, 0x00E8, 0x00E9, 0x00E9, 0x00E9, 0x00E9, 0x00E9, 0x00E8, 0x00E8, 0x00E8, 0x00E8, 0x00E8, 0x00E8, 0x00E8, 0x00E8,
    0x00E8, 0x00E8, 0x00E8, 0x00E8, 0x00E8, 0x00C8, 0x00E8, 0x00E8, 0x00E8, 0x00C8, 0x00E8, 0x00C8, 0x00E8, 0x00C8, 0x00C8, 0x00E7,
    0x00C8, 0x00C8, 0x00C8, 0x00C7, 0x00E8, 0x00E8, 0x00C8, 0x00E8, 0x00C8, 0x00C8, 0x00C8, 0x00E8, 0x00C8, 0x00E8, 0x00C8, 0x00E8,
    0x00E8, 0x00C8, 0x00E8, 0x00E8, 0x00E8, 0x00E8, 0x00E8, 0x00E8, 0x00E8, 0x00E8, 0x00E8, 0x00E8, 0x00E8, 0x00E8, 0x00E8, 0x00E8,
    0x00E8, 0x00E8, 0x00E8, 0x00E8, 0x00E8, 0x00E8, 0x00E8, 0x00E8, 0x00E8, 0x00E8, 0x00E8, 0x00E8, 0x00C8, 0x00C8, 0x00C8, 0x00E8,
    0x00C8, 0x00C8, 0x00E8, 0x00C7, 0x00C7, 0x00C7, 0x00C7, 0x00C7, 0x00C7, 0x00C7, 0x00C7, 0x00C7, 0x00C7, 0x00C7, 0x00C7, 0x00C7,
    0x00C7, 0x00C7, 0x00C7, 0x00C7, 0x00C7, 0x00C7, 0x00C7, 0x00C7, 0x00C7, 0x00E7, 0x0045, 0x4B30, 0xC77F, 0xB6FF, 0x9EBF, 0xC73F,
    0xFFFF, 0xF7DF, 0xF7DF, 0xF7DF, 0xF7DF, 0xF7DF, 0xF7DF, 0xF7DF, 0xF7DF, 0xF7DF, 0xF7DF, 0xF7DF, 0xF7DF, 0xF7DF, 0xF7DF, 0xF7DF,
    0xF7DF, 0xF7DF, 0xF7DF, 0xF7DF, 0xF7DF, 0xF7DF, 0xF7DF, 0xF7DF, 0xF7DF, 0xF7DF, 0xF7DF, 0xF7DF, 0xF7DF, 0xF7DF, 0xF7DF, 0xF7DF,
    0xF7DF, 0xF7DF, 0xF7DF, 0xF7DF, 0xF7DF, 0xEFBF, 0xFFFF, 0x428C, 0x0022, 0x1106, 0x08C5, 0x10C5, 0x10C5, 0x10C5, 0x0883, 0x08A4,
    0x0883, 0x0883, 0x08A3, 0x08A4, 0x08A4, 0x08A4, 0x08C4, 0x0042, 0x2987, 0xF7DF, 0xF7DF, 0xF7DF, 0xF7DF, 0xF7DF, 0xF7DF, 0xF7DF,
    0xF7DF, 0xF7DF, 0xF7DF, 0xF7DF, 0xF7DF, 0xF7DF, 0xF7DF, 0xF7DF, 0xF7DF, 0xF7DF, 0xF7DF, 0xF7DF, 0xF7DF, 0xF7DF, 0xF7DF, 0xF7DF,
    0xF7DF, 0xF7DF, 0xF7DF, 0xF7DF, 0xF7DF, 0xF7DF, 0xF7DF, 0xF7DF, 0xF7DF, 0xF7DF, 0xF7DF, 0xF7DF, 0xF7DF, 0xF7DF, 0xF7DF, 0xF7DF,
    0xF7DF, 0xAEDF, 0xB6FF, 0xC75F, 0xB6BD, 0x0908, 0x00C7, 0x00E7, 0x00C7, 0x00C7, 0x00C7, 0x00C7, 0x00C7, 0x00C7, 0x00C7, 0x00C7,
    0x00E8, 0x00C7, 0x00C8, 0x00E8, 0x00C8, 0x00C8, 0x00E8, 0x00C8, 0x00E8, 0x00E8, 0x00E8, 0x00E8, 0x00E8, 0x00E8, 0x00E8, 0x00E8,
    0x00E8, 0x00E8, 0x00E8, 0x00E9, 0x00E9, 0x00E9, 0x00E9, 0x00E9, 0x00E9, 0x00E8, 0x00E8, 0x00E8, 0x00E8, 0x00E8, 0x00E8, 0x00E8,
    0x00E8, 0x00E8, 0x00C8, 0x00E8, 0x00E8, 0x00E8, 0x00E8, 0x00C8, 0x00E8, 0x00C8, 0x00E8, 0x00C8, 0x00C8, 0x00C8, 0x00C8, 0x00E8,
    0x00C8, 0x00C8, 0x00C8, 0x00C8, 0x00E8, 0x00E8, 0x00E8, 0x00E8, 0x00E8, 0x00C8, 0x00C8, 0x00E8, 0x00E8, 0x00E8, 0x00C8, 0x00E8,
    0x00E8, 0x00C8, 0x00E8, 0x00E8, 0x00E8, 0x00E8, 0x00E8, 0x00E8, 0x00E8, 0x00E8, 0x00E8, 0x00E8, 0x00E8, 0x00E8, 0x00E8, 0x00E8,
    0x00E8, 0x00E8, 0x00E8, 0x00E8, 0x00E8, 0x00E8, 0x00E8, 0x00E8, 0x00E8, 0x00E8, 0x00E8, 0x00E8, 0x00E8, 0x00E8, 0x00E8, 0x00C8,
    0x00E8, 0x00C8, 0x00C8, 0x00E7, 0x00C7, 0x00E7, 0x00C7, 0x00C7, 0x00C7, 0x00C7, 0x00C7, 0x00C7, 0x00C7, 0x00C7, 0x00C7, 0x00C7,
    0x00C7, 0x00C7, 0x00C7, 0x00C7, 0x00C7, 0x00C7, 0x00C7, 0x00C7, 0x00C7, 0x00C7, 0x00A6, 0x95DA, 0xBF5F, 0xAEFF, 0x9EBF, 0xE7BF,
    0xF7DF, 0xF7DF, 0xF7DF, 0xF7DF, 0xF7DF, 0xF7DF, 0xF7DF, 0xF7DF, 0xF7DF, 0xF7DF, 0xF7DF, 0xF7DF, 0xF7DF, 0xF7DF, 0xF7DF, 0xF7DF,
    0xF7DF, 0xF7DF, 0xF7DF, 0xF7DF, 0xF7DF, 0xF7DF, 0xF7DF, 0xF7DF, 0xF7DF, 0xF7DF, 0xF7DF, 0xF7DF, 0xF7DF, 0xF7DF, 0xF7DF, 0xF7DF,
    0xF7DF, 0xF7DF, 0xF7DF, 0xF7DF, 0xF7DF, 0xF7BF, 0xFFFF, 0x428C, 0x0022, 0x10E5, 0x10C5, 0x10C5, 0x08C5, 0x10C5, 0x0883, 0x08A4,
    0x0883, 0x0883, 0x0883, 0x08A4, 0x08A4, 0x08A4, 0x08C4, 0x0042, 0x2987, 0xF7DF, 0xF7DF, 0xF7DF, 0xF7DF, 0xF7DF, 0xF7DF, 0xF7DF,
    0xF7DF, 0xF7DF, 0xF7DF, 0xF7DF, 0xF7DF, 0xF7DF, 0xF7DF, 0xF7DF, 0xF7DF, 0xF7DF, 0xF7DF, 0xF7DF, 0xF7DF, 0xF7DF, 0xF7DF, 0xF7DF,
    0xF7DF, 0xF7DF, 0xF7DF, 0xF7DF, 0xF7DF, 0xF7DF, 0xF7DF, 0xF7DF, 0xF7DF, 0xF7DF, 0xF7DF, 0xF7DF, 0xF7DF, 0xF7DF, 0xF7DF, 0xF7DF,
    0xFFFF, 0xCF3F, 0xAEDF, 0xBF1F, 0xCF9F, 0x53B2, 0x0066, 0x00E8, 0x00C7, 0x00C7, 0x00C7, 0x00C7, 0x00C7, 0x00C7, 0x00C7, 0x00C7,
    0x00E8, 0x00C7, 0x00E8, 0x00C8, 0x00C8, 0x00E8, 0x00C8, 0x00E8, 0x00E8, 0x00E8, 0x00E8, 0x00E8, 0x00E8, 0x00E8, 0x00E8, 0x00E8,
    0x00E8, 0x00E8, 0x00E9, 0x00E9, 0x00E9, 0x00E9, 0x00E9, 0x00E9, 0x00E8, 0x00E8, 0x00E8, 0x00E8, 0x00E8, 0x00E8, 0x00E8, 0x00E8,
    0x00E8, 0x00E8, 0x00E8, 0x00E8, 0x00E8, 0x00E8, 0x00C8, 0x00E8, 0x00C8, 0x00E8, 0x00C8, 0x00E8, 0x00C8, 0x00E8, 0x00C8, 0x00C7,
    0x00C8, 0x00C8, 0x00E8, 0x00E8, 0x00E8, 0x00C8, 0x00C8, 0x00E8, 0x00E8, 0x00C8, 0x00C8, 0x00E8, 0x00C8, 0x00C8, 0x00C8, 0x00E8,
    0x00E8, 0x00E8, 0x00C8, 0x00E8, 0x00E8, 0x00E8, 0x00E8, 0x00E8, 0x00E8, 0x00E8, 0x00E8, 0x00E8, 0x00E8, 0x00E8, 0x00E8, 0x00E8,
    0x00E8, 0x00E8, 0x00E8, 0x00E8, 0x00E8, 0x00E8, 0x00E8, 0x00E8, 0x00E8, 0x00E8, 0x00E8, 0x00E8, 0x00E8, 0x00C8, 0x00C8, 0x00E8,
    0x00C8, 0x00E8, 0x00C8, 0x00C8, 0x00C7, 0x00C7, 0x00C7, 0x00C7, 0x00C7, 0x00C7, 0x00C7, 0x00C7, 0x00C7, 0x00C7, 0x00C7, 0x00C7,
    0x00C7, 0x00C7, 0x00C7, 0x00C7, 0x00C7, 0x00C7, 0x00C7, 0x00C7, 0x00C7, 0x0065, 0x3AAE, 0xBF7F, 0xB6FF, 0xA6DF, 0xB6FF, 0xF7DF,
    0xF7DF, 0xF7DF, 0xF7DF, 0xF7DF, 0xF7DF, 0xF7DF, 0xF7DF, 0xF7DF, 0xF7DF, 0xF7DF, 0xF7DF, 0xF7DF, 0xF7DF, 0xF7DF, 0xF7DF, 0xF7DF,
    0xF7DF, 0xF7DF, 0xF7DF, 0xF7DF, 0xF7DF, 0xF7DF, 0xF7DF, 0xF7DF, 0xF7DF, 0xF7DF, 0xF7DF, 0xF7DF, 0xF7DF, 0xF7DF, 0xF7DF, 0xF7DF,
    0xF7DF, 0xF7DF, 0xF7DF, 0xF7DF, 0xF7DF, 0xEFBF, 0xFFFF, 0x42AC, 0x0022, 0x10E5, 0x08C5, 0x08C5, 0x10C5, 0x10E5, 0x0883, 0x08A4,
    0x0883, 0x0883, 0x0883, 0x08A4, 0x08A4, 0x08A4, 0x08C4, 0x0042, 0x2967, 0xF7DF, 0xF7DF, 0xF7DF, 0xF7DF, 0xF7DF, 0xF7DF, 0xF7DF,
    0xF7DF, 0xF7DF, 0xF7DF, 0xF7DF, 0xF7DF, 0xF7DF, 0xF7DF, 0xF7DF, 0xF7DF, 0xF7DF, 0xF7DF, 0xF7DF, 0xF7DF, 0xF7DF, 0xF7DF, 0xF7DF,
    0xF7DF, 0xF7DF, 0xF7DF, 0xF7DF, 0xF7DF, 0xF7DF, 0xF7DF, 0xF7DF, 0xF7DF, 0xF7DF, 0xF7DF, 0xF7DF, 0xF7DF, 0xF7DF, 0xF7DF, 0xF7DF,
    0xF7DF, 0xEFBF, 0xAEDF, 0xB6FF, 0xC75F, 0xAE7C, 0x0908, 0x00C7, 0x00E8, 0x00C7, 0x00C7, 0x00C7, 0x00C7, 0x00C7, 0x00C7, 0x00E8,
    0x00C7, 0x00C8, 0x00E8, 0x00C8, 0x00E8, 0x00C8, 0x00E8, 0x00E8, 0x00C8, 0x00E8, 0x00E8, 0x00E8, 0x00E8, 0x00E8, 0x00E8, 0x00E8,
    0x00E8, 0x00E8, 0x00E9, 0x00E9, 0x00E9, 0x00E9, 0x00E9, 0x00E9, 0x00E9, 0x00E8, 0x00E8, 0x00E8, 0x00E8, 0x00E8, 0x00E8, 0x00E8,
    0x00E8, 0x00E8, 0x00E8, 0x00C8, 0x00E8, 0x00C8, 0x00E8, 0x00C8, 0x00E8, 0x00C8, 0x00E8, 0x00C8, 0x00E8, 0x00C8, 0x00E7, 0x00C8,
    0x00C8, 0x00C8, 0x00C8, 0x00E8, 0x00C8, 0x00E8, 0x00E8, 0x00E8, 0x00C8, 0x00E8, 0x00C8, 0x00E8, 0x00E8, 0x00E8, 0x00C8, 0x00E8,
    0x00E8, 0x00E8, 0x00E8, 0x00E8, 0x00E8, 0x00E8, 0x00E8, 0x00E8, 0x00E8, 0x00E8, 0x00E8, 0x00E8, 0x00E8, 0x00E8, 0x00E8, 0x00E8,
    0x00E8, 0x00E8, 0x00E8, 0x00E8, 0x00E8, 0x00E8, 0x00E8, 0x00E8, 0x00E8, 0x00E8, 0x00E8, 0x00E8, 0x00E8, 0x00E8, 0x00E8, 0x00C8,
    0x00E8, 0x00C8, 0x00C8, 0x00E8, 0x00C8, 0x00C7, 0x00C7, 0x00C7, 0x00C7, 0x00C7, 0x00C7, 0x00C7, 0x00C7, 0x00C7, 0x00C7, 0x00C7,
    0x00C7, 0x00C7, 0x00C7, 0x00C7, 0x00C7, 0x00C7, 0x00C7, 0x00C7, 0x00C7, 0x0065, 0x9599, 0xC77F, 0xB6FF, 0x9EBF, 0xDF9F, 0xF7FF,
    0xF7DF, 0xF7DF, 0xF7DF, 0xF7DF, 0xF7DF, 0xF7DF, 0xF7DF, 0xF7DF, 0xF7DF, 0xF7DF, 0xF7DF, 0xF7DF, 0xF7DF, 0xF7DF, 0xF7DF, 0xF7DF,
    0xF7DF, 0xF7DF, 0xF7DF, 0xF7DF, 0xF7DF, 0xF7DF, 0xF7DF, 0xF7DF, 0xF7DF, 0xF7DF, 0xF7DF, 0xF7DF, 0xF7DF, 0xF7DF, 0xF7DF, 0xF7DF,
    0xF7DF, 0xF7DF, 0xF7DF, 0xF7DF, 0xF7DF, 0xEFBF, 0xFFFF, 0x42AD, 0x0022, 0x10E5, 0x10C5, 0x10C5, 0x10C5, 0x10E5, 0x0883, 0x08A4,
    0x0883, 0x0883, 0x0883, 0x08A4, 0x08A4, 0x08A4, 0x08C4, 0x0042, 0x2967, 0xF7DF, 0xF7DF, 0xF7DF, 0xF7DF, 0xF7DF, 0xF7DF, 0xF7DF,
    0xF7DF, 0xF7DF, 0xF7DF, 0xF7DF, 0xF7DF, 0xF7DF, 0xF7DF, 0xF7DF, 0xF7DF, 0xF7DF, 0xF7DF, 0xF7DF, 0xF7DF, 0xF7DF, 0xF7DF, 0xF7DF,
    0xF7DF, 0xF7DF, 0xF7DF, 0xF7DF, 0xF7DF, 0xF7DF, 0xF7DF, 0xF7DF, 0xF7DF, 0xF7DF, 0xF7DF, 0xF7DF, 0xF7DF, 0xF7DF, 0xF7DF, 0xF7DF,
    0xF7DF, 0xFFFF, 0xC73F, 0xA6DF, 0xBF1F, 0xCF9F, 0x5BD3, 0x0066, 0x00E8, 0x00C7, 0x00C7, 0x00C7, 0x00C7, 0x00C7, 0x00C7, 0x00C8,
    0x00C7, 0x00E8, 0x00C8, 0x00C8, 0x00C8, 0x00E8, 0x00C8, 0x00C8, 0x00E8, 0x00E8, 0x00E8, 0x00E8, 0x00E8, 0x00E8, 0x00E8, 0x00E8,
    0x00E8, 0x00E9, 0x00E9, 0x00E9, 0x00E9, 0x00E9, 0x00E9, 0x00E9, 0x00E8, 0x00E9, 0x00E8, 0x00E8, 0x00E8, 0x00E8, 0x00E8, 0x00C8,
    0x00E8, 0x00E8, 0x00C8, 0x00E8, 0x00C8, 0x00E8, 0x00C8, 0x00E8, 0x00C8, 0x00E8, 0x00C8, 0x00E8, 0x00C8, 0x00C8, 0x00E7, 0x00C8,
    0x00C8, 0x00C7, 0x00C8, 0x00C8, 0x00E8, 0x00E8, 0x00C7, 0x00C8, 0x00C8, 0x00C8, 0x00E8, 0x00E8, 0x00C8, 0x00E8, 0x00E8, 0x00E8,
    0x00E8, 0x00E8, 0x00E8, 0x00E8, 0x00E8, 0x00E8, 0x00E8, 0x00E8, 0x00E8, 0x00E8, 0x00E8, 0x00E8, 0x00E8, 0x00E8, 0x00E8, 0x00E8,
    0x00E8, 0x00E8, 0x00E8, 0x00E8, 0x00E8, 0x00E8, 0x00E8, 0x00E8, 0x00E8, 0x00E8, 0x00E8, 0x00E8, 0x00C8, 0x00C8, 0x00C8, 0x00E8,
    0x00C8, 0x00E8, 0x00C8, 0x00C8, 0x00C8, 0x00C7, 0x00C7, 0x00C7, 0x00C7, 0x00C7, 0x00C7, 0x00C7, 0x00C7, 0x00C7, 0x00C7, 0x00C7,
    0x00C7, 0x00C7, 0x00C7, 0x00C7, 0x00C7, 0x00C7, 0x00C7, 0x00C7, 0x0045, 0x3AAE, 0xBF7F, 0xB71F, 0xA6DF, 0xAEFF, 0xF7DF, 0xF7DF,
    0xF7DF, 0xF7DF, 0xF7DF, 0xF7DF, 0xF7DF, 0xF7DF, 0xF7DF, 0xF7DF, 0xF7DF, 0xF7DF, 0xF7DF, 0xF7DF, 0xF7DF, 0xF7DF, 0xF7DF, 0xF7DF,
    0xF7DF, 0xF7DF, 0xF7DF, 0xF7DF, 0xF7DF, 0xF7DF, 0xF7DF, 0xF7DF, 0xF7DF, 0xF7DF, 0xF7DF, 0xF7DF, 0xF7DF, 0xF7DF, 0xF7DF, 0xF7DF,
    0xF7DF, 0xF7DF, 0xF7DF, 0xF7DF, 0xF7DF, 0xEFBF, 0xFFFF, 0x42AD, 0x0022, 0x10E5, 0x08C5, 0x10C5, 0x10E5, 0x10E5, 0x0883, 0x08A4,
    0x0883, 0x0883, 0x0883, 0x08A4, 0x08A4, 0x08A4, 0x08C4, 0x0042, 0x2967, 0xF7DF, 0xF7DF, 0xF7DF, 0xF7DF, 0xF7DF, 0xF7DF, 0xF7DF,
    0xF7DF, 0xF7DF, 0xF7DF, 0xF7DF, 0xF7DF, 0xF7DF, 0xF7DF, 0xF7DF, 0xF7DF, 0xF7DF, 0xF7DF, 0xF7DF, 0xF7DF, 0xF7DF, 0xF7DF, 0xF7DF,
    0xF7DF, 0xF7DF, 0xF7DF, 0xF7DF, 0xF7DF, 0xF7DF, 0xF7DF, 0xF7DF, 0xF7DF, 0xF7DF, 0xF7DF, 0xF7DF, 0xF7DF, 0xF7DF, 0xF7DF, 0xF7DF,
    0xF7DF, 0xF7DF, 0xEFBF, 0xA6BF, 0xB6FF, 0xC73F, 0xBEFE, 0x116A, 0x00A7, 0x00C7, 0x00C7, 0x00C7, 0x00C7, 0x00C8, 0x00C8, 0x00C8,
    0x00E8, 0x00C8, 0x00E8, 0x00C8, 0x00E8, 0x00C8, 0x00E8, 0x00E8, 0x00C8, 0x00E8, 0x00E8, 0x00E8, 0x00E8, 0x00E8, 0x00E8, 0x00E8,
    0x00E9, 0x00E9, 0x00E9, 0x00E9, 0x00E9, 0x00E9, 0x00E9, 0x00E9, 0x00E9, 0x00E8, 0x00E8, 0x00E8, 0x00E8, 0x00E8, 0x00E8, 0x00E8,
    0x00E8, 0x00C8, 0x00E8, 0x00C8, 0x00E8, 0x00C8, 0x00E8, 0x00C8, 0x00E8, 0x00C8, 0x00E8, 0x00C8, 0x00C8, 0x00E8, 0x00C8, 0x00C8,
    0x00C8, 0x00C8, 0x00C8, 0x00C8, 0x00E8, 0x00C8, 0x00E8, 0x00C8, 0x00C8, 0x00C8, 0x00E8, 0x00C8, 0x00C8, 0x00E8, 0x00E8, 0x00E8,
    0x00E8, 0x00E8, 0x00E8, 0x00E8, 0x00E8, 0x00E8, 0x00E8, 0x00E8, 0x00E8, 0x00E8, 0x00E8, 0x00E8, 0x00E8, 0x00E8, 0x00E8, 0x00E8,
    0x00E8, 0x00E8, 0x00E8, 0x00E8, 0x00E8, 0x00E8, 0x00E8, 0x00E9, 0x00E8, 0x00E8, 0x00E8, 0x00E8, 0x00E8, 0x00E8, 0x00E8, 0x00C8,
    0x00E8, 0x00C8, 0x00C8, 0x00E8, 0x00C8, 0x00E8, 0x00C7, 0x00C7, 0x00C7, 0x00C7, 0x00C7, 0x00C7, 0x00C7, 0x00C7, 0x00C7, 0x00C7,
    0x00C7, 0x00C7, 0x00C7, 0x00C7, 0x00C7, 0x00C7, 0x00C7, 0x00A7, 0x00C7, 0x9E3B, 0xBF3F, 0xB6FF, 0x9EBF, 0xD77F, 0xF7FF, 0xF7DF,
    0xF7DF, 0xF7DF, 0xF7DF, 0xF7DF, 0xF7DF, 0xF7DF, 0xF7DF, 0xF7DF, 0xF7DF, 0xF7DF, 0xF7DF, 0xF7DF, 0xF7DF, 0xF7DF, 0xF7DF, 0xF7DF,
    0xF7DF, 0xF7DF, 0xF7DF, 0xF7DF, 0xF7DF, 0xF7DF, 0xF7DF, 0xF7DF, 0xF7DF, 0xF7DF, 0xF7DF, 0xF7DF, 0xF7DF, 0xF7DF, 0xF7DF, 0xF7DF,
    0xF7DF, 0xF7DF, 0xF7DF, 0xF7DF, 0xF7DF, 0xEFBF, 0xFFFF, 0x42AD, 0x0022, 0x1106, 0x08C5, 0x10C5, 0x10E5, 0x10E5, 0x0883, 0x08A4,
    0x0883, 0x0883, 0x0883, 0x08A4, 0x08A4, 0x08A4, 0x08C4, 0x0042, 0x2967, 0xF7DF, 0xF7DF, 0xF7DF, 0xF7DF, 0xF7DF, 0xF7DF, 0xF7DF,
    0xF7DF, 0xF7DF, 0xF7DF, 0xF7DF, 0xF7DF, 0xF7DF, 0xF7DF, 0xF7DF, 0xF7DF, 0xF7DF, 0xF7DF, 0xF7DF, 0xF7DF, 0xF7DF, 0xF7DF, 0xF7DF,
    0xF7DF, 0xF7DF, 0xF7DF, 0xF7DF, 0xF7DF, 0xF7DF, 0xF7DF, 0xF7DF, 0xF7DF, 0xF7DF, 0xF7DF, 0xF7DF, 0xF7DF, 0xF7DF, 0xF7DF, 0xF7DF,
    0xF7DF, 0xF7DF, 0xFFFF, 0xC73F, 0xA6DF, 0xBF1F, 0xCF9F, 0x7CF6, 0x0045, 0x00E8, 0x00C7, 0x00C7, 0x00C7, 0x00C8, 0x00C8, 0x00C7,
    0x00C8, 0x00C8, 0x00E8, 0x00C8, 0x00C8, 0x00E8, 0x00C8, 0x00C8, 0x00E8, 0x00C8, 0x00E8, 0x00E8, 0x00E8, 0x00E8, 0x00E8, 0x00E8,
    0x00E8, 0x00E9, 0x00E9, 0x00E9, 0x00E9, 0x00E9, 0x00E8, 0x00E9, 0x00E8, 0x00E8, 0x00E8, 0x00E8, 0x00E8, 0x00E8, 0x00E8, 0x00E8,
    0x00C8, 0x00E8, 0x00C8, 0x00E8, 0x00C8, 0x00E8, 0x00C8, 0x00E8, 0x00C8, 0x00C8, 0x00C8, 0x00C8, 0x00E8, 0x00C8, 0x00C8, 0x00C8,
    0x00C8, 0x00C8, 0x00C8, 0x00C8, 0x00C8, 0x00C8, 0x00C8, 0x00C8, 0x00E8, 0x00E8, 0x00E8, 0x00E8, 0x00E8, 0x00E8, 0x00E8, 0x00E8,
    0x00E8, 0x00E8, 0x00C8, 0x00E8, 0x00E8, 0x00E8, 0x00E8, 0x00E8, 0x00E8, 0x00E8, 0x00E8, 0x00E8, 0x00E8, 0x00E8, 0x00E8, 0x00E8,
    0x00E8, 0x00E8, 0x00E8, 0x00E8, 0x00E8, 0x00E8, 0x00E8, 0x00E8, 0x00E8, 0x00E8, 0x00E8, 0x00C8, 0x00E8, 0x00C8, 0x00C8, 0x00E8,
    0x00E8, 0x00C8, 0x00E8, 0x00C8, 0x00E8, 0x00C8, 0x00C7, 0x00C7, 0x00C7, 0x00C7, 0x00C7, 0x00C7, 0x00C7, 0x00C7, 0x00C7, 0x00C7,
    0x00C7, 0x00C7, 0x00C7, 0x00C7, 0x00C7, 0x00C7, 0x00E7, 0x0045, 0x5BF3, 0xBF7F, 0xB6FF, 0xA6DF, 0xAEFF, 0xF7DF, 0xF7DF, 0xF7DF,
    0xF7DF, 0xF7DF, 0xF7DF, 0xF7DF, 0xF7DF, 0xF7DF, 0xF7DF, 0xF7DF, 0xF7DF, 0xF7DF, 0xF7DF, 0xF7DF, 0xF7DF, 0xF7DF, 0xF7DF, 0xF7DF,
    0xF7DF, 0xF7DF, 0xF7DF, 0xF7DF, 0xF7DF, 0xF7DF, 0xF7DF, 0xF7DF, 0xF7DF, 0xF7DF, 0xF7DF, 0xF7DF, 0xF7DF, 0xF7DF, 0xF7DF, 0xF7DF,
    0xF7DF, 0xF7DF, 0xF7DF, 0xF7DF, 0xF7DF, 0xEFBF, 0xFFFF, 0x42AD, 0x0022, 0x10E5, 0x08C5, 0x10C5, 0x10C5, 0x10E5, 0x0883, 0x08A4,
    0x0883, 0x0883, 0x0883, 0x08A4, 0x08A4, 0x08A4, 0x08C4, 0x0042, 0x2967, 0xF7DF, 0xF7DF, 0xF7DF, 0xF7DF, 0xF7DF, 0xF7DF, 0xF7DF,
    0xF7DF, 0xF7DF, 0xF7DF, 0xF7DF, 0xF7DF, 0xF7DF, 0xF7DF, 0xF7DF, 0xF7DF, 0xF7DF, 0xF7DF, 0xF7DF, 0xF7DF, 0xF7DF, 0xF7DF, 0xF7DF,
    0xF7DF, 0xF7DF, 0xF7DF, 0xF7DF, 0xF7DF, 0xF7DF, 0xF7DF, 0xF7DF, 0xF7DF, 0xF7DF, 0xF7DF, 0xF7DF, 0xF7DF, 0xF7DF, 0xF7DF, 0xF7DF,
    0xF7DF, 0xF7DF, 0xF7DF, 0xEFDF, 0xA6DF, 0xB71F, 0xBF1F, 0xC77F, 0x3ACF, 0x0066, 0x00E8, 0x00C7, 0x00C8, 0x00C8, 0x00C7, 0x00C7,
    0x00C7, 0x00C8, 0x00C8, 0x00C8, 0x00E8, 0x00C8, 0x00C8, 0x00E8, 0x00C8, 0x00E8, 0x00C8, 0x00E8, 0x00E8, 0x00E8, 0x00E8, 0x00E9,
    0x00E9, 0x00E9, 0x00E9, 0x00E9, 0x00E9, 0x00E9, 0x00E9, 0x00E9, 0x00E9, 0x00E9, 0x00E8, 0x00E8, 0x00E8, 0x00E8, 0x00C8, 0x00C8,
    0x00E8, 0x00C8, 0x00E8, 0x00C8, 0x00C8, 0x00E8, 0x00C8, 0x00E8, 0x00C8, 0x00E8, 0x00C8, 0x00E8, 0x00C8, 0x00C8, 0x00C8, 0x00C8,
    0x00C8, 0x00C8, 0x00C7, 0x00E8, 0x00C8, 0x00C8, 0x00C8, 0x00E8, 0x00E8, 0x00C8, 0x00E8, 0x00C8, 0x00E8, 0x00E8, 0x00E8, 0x00E8,
    0x00E8, 0x00E8, 0x00E8, 0x00E8, 0x00E8, 0x00E8, 0x00E8, 0x00E8, 0x00E8, 0x00E8, 0x00E8, 0x00E8, 0x00E8, 0x00E8, 0x00E8, 0x00E8,
    0x00E8, 0x00E8, 0x00E8, 0x00E8, 0x00E8, 0x00E8, 0x00E8, 0x00E9, 0x00E8, 0x00E8, 0x00E8, 0x00E8, 0x00E8, 0x00E8, 0x00E8, 0x00C8,
    0x00C8, 0x00E8, 0x00C8, 0x00E8, 0x00C8, 0x00E8, 0x00C8, 0x00C7, 0x00C7, 0x00C7, 0x00C7, 0x00C7, 0x00C7, 0x00C7, 0x00C7, 0x00C7,
    0x00C7, 0x00C7, 0x00C7, 0x00C7, 0x00C7, 0x00E7, 0x0066, 0x2A2C, 0xBF5F, 0xB71F, 0xAEFF, 0x96BF, 0xE79F, 0xF7DF, 0xF7DF, 0xF7DF,
    0xF7DF, 0xF7DF, 0xF7DF, 0xF7DF, 0xF7DF, 0xF7DF, 0xF7DF, 0xF7DF, 0xF7DF, 0xF7DF, 0xF7DF, 0xF7DF, 0xF7DF, 0xF7DF, 0xF7DF, 0xF7DF,
    0xF7DF, 0xF7DF, 0xF7DF, 0xF7DF, 0xF7DF, 0xF7DF, 0xF7DF, 0xF7DF, 0xF7DF, 0xF7DF, 0xF7DF, 0xF7DF, 0xF7DF, 0xF7DF, 0xF7DF, 0xF7DF,
    0xF7DF, 0xF7DF, 0xF7DF, 0xF7DF, 0xF7DF, 0xEFBF, 0xFFFF, 0x4AAD, 0x0022, 0x10E5, 0x10C5, 0x10C5, 0x10C5, 0x10E5, 0x0883, 0x08A4,
    0x0883, 0x0863, 0x0883, 0x08A4, 0x08A4, 0x08A4, 0x08C4, 0x0042, 0x2967, 0xF7DF, 0xF7DF, 0xF7DF, 0xF7DF, 0xF7DF, 0xF7DF, 0xF7DF,
    0xF7DF, 0xF7DF, 0xF7DF, 0xF7DF, 0xF7DF, 0xF7DF, 0xF7DF, 0xF7DF, 0xF7DF, 0xF7DF, 0xF7DF, 0xF7DF, 0xF7DF, 0xF7DF, 0xF7DF, 0xF7DF,
    0xF7DF, 0xF7DF, 0xF7DF, 0xF7DF, 0xF7DF, 0xF7DF, 0xF7DF, 0xF7DF, 0xF7DF, 0xF7DF, 0xF7DF, 0xF7DF, 0xF7DF, 0xF7DF, 0xF7DF, 0xF7DF,
    0xF7DF, 0xF7DF, 0xF7DF, 0xF7FF, 0xD77F, 0xA6BF, 0xB71F, 0xBF3F, 0xB6DD, 0x196A, 0x00A7, 0x00E8, 0x00C8, 0x00C8, 0x00C8, 0x00C8,
    0x00C8, 0x00E8, 0x00E8, 0x00E8, 0x00C8, 0x00E8, 0x00E8, 0x00C8, 0x00E8, 0x00C8, 0x00E8, 0x00E8, 0x00E8, 0x00E8, 0x00E8, 0x00E8,
    0x00E9, 0x00E9, 0x00E9, 0x00E9, 0x00E9, 0x00E9, 0x00E9, 0x00E8, 0x00E8, 0x00E8, 0x00E8, 0x00C8, 0x00C8, 0x00E8, 0x00E8, 0x00C8,
    0x00C8, 0x00E8, 0x00C8, 0x00E8, 0x00C8, 0x00C8, 0x00E8, 0x00C8, 0x00E8, 0x00C8, 0x00C8, 0x00C8, 0x00C8, 0x00C8, 0x00C8, 0x00E8,
    0x00C8, 0x00C8, 0x00C7, 0x00C8, 0x00C8, 0x00C8, 0x00C8, 0x00C8, 0x00C8, 0x00C8, 0x00C8, 0x00E8, 0x00E8, 0x00E8, 0x00E8, 0x00E8,
    0x00E8, 0x00E8, 0x00E8, 0x00E9, 0x00E8, 0x00E8, 0x00E8, 0x00E8, 0x00E8, 0x00E8, 0x00E8, 0x00E8, 0x00E8, 0x00E8, 0x00E8, 0x00E8,
    0x00E8, 0x00E8, 0x00E8, 0x00E8, 0x00E8, 0x00E8, 0x00E8, 0x00E8, 0x00E8, 0x00E8, 0x00E8, 0x00E8, 0x00C8, 0x00C8, 0x00C8, 0x00E8,
    0x00C8, 0x00C8, 0x00C8, 0x00C8, 0x00C8, 0x00C8, 0x00C8, 0x00C8, 0x00C7, 0x00C7, 0x00C7, 0x00C7, 0x00C7, 0x00C7, 0x00C7, 0x00C7,
    0x00C7, 0x00C7, 0x00C7, 0x00A7, 0x00C7, 0x00A6, 0x08E8, 0xA65B, 0xBF5F, 0xB6FF, 0x96BF, 0xBF3F, 0xFFFF, 0xEFDF, 0xF7DF, 0xF7DF,
    0xF7DF, 0xF7DF, 0xF7DF, 0xF7DF, 0xF7DF, 0xF7DF, 0xF7DF, 0xF7DF, 0xF7DF, 0xF7DF, 0xF7DF, 0xF7DF, 0xF7DF, 0xF7DF, 0xF7DF, 0xF7DF,
    0xF7DF, 0xF7DF, 0xF7DF, 0xF7DF, 0xF7DF, 0xF7DF, 0xF7DF, 0xF7DF, 0xF7DF, 0xF7DF, 0xF7DF, 0xF7DF, 0xF7DF, 0xF7DF, 0xF7DF, 0xF7DF,
    0xF7DF, 0xF7DF, 0xF7DF, 0xF7DF, 0xF7DF, 0xEFBF, 0xFFFF, 0x42AD, 0x0022, 0x10E5, 0x10C5, 0x10C5, 0x10C5, 0x10E5, 0x0883, 0x08A4,
    0x0883, 0x0863, 0x0883, 0x08A4, 0x08A4, 0x08A4, 0x08C4, 0x0042, 0x2967, 0xF7DF, 0xF7DF, 0xF7DF, 0xF7DF, 0xF7DF, 0xF7DF, 0xF7DF,
    0xF7DF, 0xF7DF, 0xF7DF, 0xF7DF, 0xF7DF, 0xF7DF, 0xF7DF, 0xF7DF, 0xF7DF, 0xF7DF, 0xF7DF, 0xF7DF, 0xF7DF, 0xF7DF, 0xF7DF, 0xF7DF,
    0xF7DF, 0xF7DF, 0xF7DF, 0xF7DF, 0xF7DF, 0xF7DF, 0xF7DF, 0xF7DF, 0xF7DF, 0xF7DF, 0xF7DF, 0xF7DF, 0xF7DF, 0xF7DF, 0xF7DF, 0xF7DF,
    0xF7DF, 0xF7DF, 0xF7DF, 0xF7DF, 0xFFFF, 0xB6FF, 0xA6BF, 0xBF1F, 0xCF9F, 0x9DFA, 0x00C8, 0x00C8, 0x00E8, 0x00C7, 0x00C7, 0x00C8,
    0x00C8, 0x00C8, 0x00C8, 0x00C8, 0x00E8, 0x00C8, 0x00C8, 0x00E8, 0x00C8, 0x00E8, 0x00C8, 0x00E8, 0x00E8, 0x00E8, 0x00E9, 0x00E9,
    0x00E9, 0x00E9, 0x00E8, 0x00E9, 0x00E9, 0x00E9, 0x00E9, 0x00E9, 0x00E9, 0x00E9, 0x00E8, 0x00E8, 0x00E8, 0x00E8, 0x00C8, 0x00E8,
    0x00C8, 0x00E8, 0x00C8, 0x00C8, 0x00C8, 0x00E8, 0x00C8, 0x00C8, 0x00C8, 0x00E8, 0x00C8, 0x00C8, 0x00C8, 0x00C8, 0x00C8, 0x00C8,
    0x00C8, 0x00C8, 0x00C8, 0x00C7, 0x00C7, 0x00C8, 0x00C7, 0x00C8, 0x00C8, 0x00C8, 0x00C8, 0x00C8, 0x00E8, 0x00E8, 0x00E8, 0x00E8,
    0x00E8, 0x00E8, 0x00E8, 0x00E8, 0x00E8, 0x00E8, 0x00E8, 0x00E8, 0x00E8, 0x00E8, 0x00E8, 0x00E8, 0x00E8, 0x00E8, 0x00E8, 0x00E8,
    0x00E8, 0x00E8, 0x00E8, 0x00E8, 0x00E8, 0x00E8, 0x00E9, 0x00E9, 0x00E9, 0x00C8, 0x00E8, 0x00C8, 0x00E8, 0x00E8, 0x00E8, 0x00C8,
    0x00C8, 0x00E8, 0x00C8, 0x00E8, 0x00C8, 0x00E8, 0x00C8, 0x00C8, 0x00C7, 0x00C7, 0x00C8, 0x00C7, 0x00C7, 0x00C7, 0x00C7, 0x00C7,
    0x00C7, 0x00C7, 0x00C7, 0x00C7, 0x00C7, 0x0045, 0x7D17, 0xBF7F, 0xAEFF, 0xA6DF, 0xA6DF, 0xF7DF, 0xF7DF, 0xF7DF, 0xF7DF, 0xF7DF,
    0xF7DF, 0xF7DF, 0xF7DF, 0xF7DF, 0xF7DF, 0xF7DF, 0xF7DF, 0xF7DF, 0xF7DF, 0xF7DF, 0xF7DF, 0xF7DF, 0xF7DF, 0xF7DF, 0xF7DF, 0xF7DF,
    0xF7DF, 0xF7DF, 0xF7DF, 0xF7DF, 0xF7DF, 0xF7DF, 0xF7DF, 0xF7DF, 0xF7DF, 0xF7DF, 0xF7DF, 0xF7DF, 0xF7DF, 0xF7DF, 0xF7DF, 0xF7DF,
    0xF7DF, 0xF7DF, 0xF7DF, 0xF7DF, 0xF7DF, 0xEFBF, 0xFFFF, 0x42AD, 0x0022, 0x10E5, 0x10C5, 0x10C5, 0x10C5, 0x10E5, 0x0883, 0x08A3,
    0x0883, 0x0863, 0x0883, 0x08A4, 0x08A4, 0x08A4, 0x08C4, 0x0022, 0x2967, 0xF7DF, 0xF7DF, 0xF7DF, 0xF7DF, 0xF7DF, 0xF7DF, 0xF7DF,
    0xF7DF, 0xF7DF, 0xF7DF, 0xF7DF, 0xF7DF, 0xF7DF, 0xF7DF, 0xF7DF, 0xF7DF, 0xF7DF, 0xF7DF, 0xF7DF, 0xF7DF, 0xF7DF, 0xF7DF, 0xF7DF,
    0xF7DF, 0xF7DF, 0xF7DF, 0xF7DF, 0xF7DF, 0xF7DF, 0xF7DF, 0xF7DF, 0xF7DF, 0xF7DF, 0xF7DF, 0xF7DF, 0xF7DF, 0xF7DF, 0xF7DF, 0xF7DF,
    0xF7DF, 0xF7DF, 0xF7DF, 0xF7DF, 0xF7DF, 0xEFBF, 0x9EBF, 0xAEFF, 0xBF1F, 0xCFBF, 0x84F7, 0x0067, 0x00E8, 0x00C7, 0x00C7, 0x00C8,
    0x00C8, 0x00C8, 0x00C8, 0x00C8, 0x00C8, 0x00E8, 0x00C8, 0x00C8, 0x00E8, 0x00C8, 0x00E8, 0x00E8, 0x00E8, 0x00E8, 0x00E8, 0x00E9,
    0x00E9, 0x00E9, 0x00E9, 0x00E9, 0x00E9, 0x00E9, 0x00E9, 0x00E9, 0x00E8, 0x00E8, 0x00E8, 0x00E8, 0x00E8, 0x00E8, 0x00E8, 0x00C8,
    0x00E8, 0x00C8, 0x00E8, 0x00C8, 0x00E8, 0x00C8, 0x00E8, 0x00E8, 0x00C8, 0x00C8, 0x00C8, 0x00C8, 0x00C8, 0x00E8, 0x00E8, 0x00E8,
    0x00C8, 0x00C8, 0x00C8, 0x00C8, 0x00C8, 0x00E8, 0x00C8, 0x00C8, 0x00C8, 0x00C8, 0x00C8, 0x00C8, 0x00C8, 0x00E8, 0x00E8, 0x00E8,
    0x00E8, 0x00C8, 0x00E8, 0x00E8, 0x00E8, 0x00E8, 0x00E8, 0x00E8, 0x00C8, 0x00E8, 0x00E8, 0x00E8, 0x00E8, 0x00E8, 0x00E8, 0x00E8,
    0x00E8, 0x00E8, 0x00E8, 0x00E8, 0x00E8, 0x00E9, 0x00E8, 0x00E8, 0x00E8, 0x00E8, 0x00E8, 0x00C8, 0x00C8, 0x00C8, 0x00C8, 0x00E8,
    0x00E8, 0x00C8, 0x00E8, 0x00C8, 0x00E8, 0x00C8, 0x00C8, 0x00C7, 0x00C7, 0x00C8, 0x00C7, 0x00C7, 0x00C7, 0x00C7, 0x00C7, 0x00C7,
    0x00C7, 0x00C7, 0x00C7, 0x00E7, 0x0045, 0x5BF3, 0xB77F, 0xAEFF, 0xA6FF, 0x96BF, 0xE79F, 0xF7DF, 0xF7DF, 0xF7DF, 0xF7DF, 0xF7DF,
    0xF7DF, 0xF7DF, 0xF7DF, 0xF7DF, 0xF7DF, 0xF7DF, 0xF7DF, 0xF7DF, 0xF7DF, 0xF7DF, 0xF7DF, 0xF7DF, 0xF7DF, 0xF7DF, 0xF7DF, 0xF7DF,
    0xF7DF, 0xF7DF, 0xF7DF, 0xF7DF, 0xF7DF, 0xF7DF, 0xF7DF, 0xF7DF, 0xF7DF, 0xF7DF, 0xF7DF, 0xF7DF, 0xF7DF, 0xF7DF, 0xF7DF, 0xF7DF,
    0xF7DF, 0xF7DF, 0xF7DF, 0xF7DF, 0xF7DF, 0xEFBF, 0xFFFF, 0x42AD, 0x0022, 0x1106, 0x10C5, 0x10C5, 0x10C5, 0x10E5, 0x0883, 0x0883,
    0x0883, 0x0862, 0x0883, 0x08A4, 0x08A4, 0x08A4, 0x08C4, 0x0042, 0x2946, 0xF7BF, 0xF7DF, 0xF7DF, 0xF7DF, 0xF7DF, 0xF7DF, 0xF7DF,
    0xF7DF, 0xF7DF, 0xF7DF, 0xF7DF, 0xF7DF, 0xF7DF, 0xF7DF, 0xF7DF, 0xF7DF, 0xF7DF, 0xF7DF, 0xF7DF, 0xF7DF, 0xF7DF, 0xF7DF, 0xF7DF,
    0xF7DF, 0xF7DF, 0xF7DF, 0xF7DF, 0xF7DF, 0xF7DF, 0xF7DF, 0xF7DF, 0xF7DF, 0xF7DF, 0xF7DF, 0xF7DF, 0xF7DF, 0xF7DF, 0xF7DF, 0xF7DF,
    0xF7DF, 0xF7DF, 0xF7DF, 0xF7DF, 0xF7DF, 0xF7FF, 0xDF9F, 0x9EBF, 0xB71F, 0xBF1F, 0xD7BF, 0x6414, 0x0025, 0x00C8, 0x00E8, 0x00C8,
    0x00C8, 0x00C8, 0x00C8, 0x00C8, 0x00C8, 0x00E8, 0x00E8, 0x00C8, 0x00C8, 0x00E8, 0x00E8, 0x00C8, 0x00E8, 0x00E8, 0x00E9, 0x00E9,
    0x00E9, 0x00E9, 0x00E9, 0x00E9, 0x00E8, 0x00E9, 0x00E8, 0x00E8, 0x00E9, 0x00E9, 0x00C8, 0x00E8, 0x00C8, 0x00C8, 0x00C8, 0x00E8,
    0x00C8, 0x00C8, 0x00C8, 0x00C8, 0x00C8, 0x00E8, 0x00C8, 0x00C8, 0x00C8, 0x00C8, 0x00C8, 0x00C7, 0x00C8, 0x00E8, 0x00E8, 0x00C8,
    0x00E8, 0x00C8, 0x00E8, 0x00C8, 0x00E8, 0x00C8, 0x00E8, 0x00E8, 0x00E8, 0x00E8, 0x00E8, 0x00C8, 0x00E8, 0x00C8, 0x00C8, 0x00E8,
    0x00E8, 0x00C8, 0x00E8, 0x00E8, 0x00E8, 0x00E8, 0x00E8, 0x00E8, 0x00E8, 0x00E8, 0x00E8, 0x00E8, 0x00C8, 0x00E8, 0x00E8, 0x00E8,
    0x00C8, 0x00E8, 0x00E8, 0x00E8, 0x00C8, 0x00E8, 0x00E9, 0x00E9, 0x00E9, 0x00E9, 0x00C8, 0x00E8, 0x00E8, 0x00E8, 0x00C8, 0x00C8,
    0x00C8, 0x00E8, 0x00C8, 0x00E8, 0x00C8, 0x00C8, 0x00C8, 0x00C8, 0x00C8, 0x00C7, 0x00C7, 0x00C7, 0x00C7, 0x00C7, 0x00C7, 0x00C7,
    0x00C7, 0x00C7, 0x00E8, 0x0045, 0x5391, 0xBF7F, 0xAEFF, 0xAEFF, 0x969F, 0xCF5F, 0xFFDF, 0xEFDF, 0xF7DF, 0xF7DF, 0xF7DF, 0xF7DF,
    0xF7DF, 0xF7DF, 0xF7DF, 0xF7DF, 0xF7DF, 0xF7DF, 0xF7DF, 0xF7DF, 0xF7DF, 0xF7DF, 0xF7DF, 0xF7DF, 0xF7DF, 0xF7DF, 0xF7DF, 0xF7DF,
    0xF7DF, 0xF7DF, 0xF7DF, 0xF7DF, 0xF7DF, 0xF7DF, 0xF7DF, 0xF7DF, 0xF7DF, 0xF7DF, 0xF7DF, 0xF7DF, 0xF7DF, 0xF7DF, 0xF7DF, 0xF7DF,
    0xF7DF, 0xF7DF, 0xF7DF, 0xF7DF, 0xF7DF, 0xEFBF, 0xFFFF, 0x42AD, 0x0022, 0x10E5, 0x10C5, 0x10C5, 0x10C5, 0x10E5, 0x0883, 0x0883,
    0x0883, 0x0862, 0x0883, 0x08A4, 0x08A4, 0x08A4, 0x08C4, 0x0042, 0x2947, 0xF7BF, 0xF7DF, 0xF7DF, 0xF7DF, 0xF7DF, 0xF7DF, 0xF7DF,
    0xF7DF, 0xF7DF, 0xF7DF, 0xF7DF, 0xF7DF, 0xF7DF, 0xF7DF, 0xF7DF, 0xF7DF, 0xF7DF, 0xF7DF, 0xF7DF, 0xF7DF, 0xF7DF, 0xF7DF, 0xF7DF,
    0xF7DF, 0xF7DF, 0xF7DF, 0xF7DF, 0xF7DF, 0xF7DF, 0xF7DF, 0xF7DF, 0xF7DF, 0xF7DF, 0xF7DF, 0xF7DF, 0xF7DF, 0xF7DF, 0xF7DF, 0xF7DF,
    0xF7DF, 0xF7DF, 0xF7DF, 0xF7DF, 0xF7DF, 0xEFDF, 0xFFFF, 0xCF5F, 0x9EBF, 0xBF1F, 0xBF1F, 0xC79F, 0x63F3, 0x0046, 0x00E8, 0x00E8,
    0x00C8, 0x00C8, 0x00C8, 0x00C8, 0x00C8, 0x00E8, 0x00C8, 0x00C8, 0x00E9, 0x00C8, 0x00E8, 0x00E8, 0x00E8, 0x00E8, 0x00E9, 0x00E9,
    0x00E9, 0x00E9, 0x00E9, 0x00E9, 0x00E8, 0x00E9, 0x00E9, 0x00E9, 0x00E8, 0x00E8, 0x00C8, 0x00E8, 0x00E8, 0x00E8, 0x00E8, 0x00C8,
    0x00E8, 0x00C8, 0x00E8, 0x00E8, 0x00E8, 0x00C8, 0x00E8, 0x00C8, 0x00C8, 0x00C8, 0x00C7, 0x00C7, 0x00C8, 0x00E8, 0x00E8, 0x00C8,
    0x00E8, 0x00C8, 0x00C8, 0x00E8, 0x00E8, 0x00E8, 0x00C8, 0x00C8, 0x00E8, 0x00C8, 0x00E8, 0x00E8, 0x00E8, 0x00E8, 0x00E8, 0x00E8,
    0x00C8, 0x00E8, 0x00E8, 0x00E8, 0x00E8, 0x00E8, 0x00E8, 0x00E8, 0x00E8, 0x00E8, 0x00E8, 0x00C8, 0x00E8, 0x00C8, 0x00C8, 0x00E8,
    0x00C8, 0x00E8, 0x00C8, 0x00E8, 0x00C8, 0x00E9, 0x00E8, 0x00C8, 0x00E8, 0x00C8, 0x00E8, 0x00C8, 0x00C8, 0x00C8, 0x00C8, 0x00E8,
    0x00C8, 0x00C8, 0x00E8, 0x00C8, 0x00E8, 0x00C8, 0x00C8, 0x00C8, 0x00C8, 0x00C7, 0x00C7, 0x00C7, 0x00C7, 0x00C7, 0x00C7, 0x00C7,
    0x00C7, 0x00E7, 0x0045, 0x5391, 0xBF7F, 0xB71F, 0xAEFF, 0x96BF, 0xBF1F, 0xFFFF, 0xF7DF, 0xF7DF, 0xF7DF, 0xF7DF, 0xF7DF, 0xF7DF,
    0xF7DF, 0xF7DF, 0xF7DF, 0xF7DF, 0xF7DF, 0xF7DF, 0xF7DF, 0xF7DF, 0xF7DF, 0xF7DF, 0xF7DF, 0xF7DF, 0xF7DF, 0xF7DF, 0xF7DF, 0xF7DF,
    0xF7DF, 0xF7DF, 0xF7DF, 0xF7DF, 0xF7DF, 0xF7DF, 0xF7DF, 0xF7DF, 0xF7DF, 0xF7DF, 0xF7DF, 0xF7DF, 0xF7DF, 0xF7DF, 0xF7DF, 0xF7DF,
    0xF7DF, 0xF7DF, 0xF7DF, 0xF7DF, 0xF7DF, 0xEFBF, 0xFFFF, 0x42AC, 0x0022, 0x10E5, 0x08C5, 0x08C5, 0x10C5, 0x10C5, 0x0883, 0x0883,
    0x0883, 0x0863, 0x0883, 0x08A4, 0x08A4, 0x08A4, 0x08C4, 0x0042, 0x2967, 0xF7BF, 0xF7DF, 0xF7DF, 0xF7DF, 0xF7DF, 0xF7DF, 0xF7DF,
    0xF7DF, 0xF7DF, 0xF7DF, 0xF7DF, 0xF7DF, 0xF7DF, 0xF7DF, 0xF7DF, 0xF7DF, 0xF7DF, 0xF7DF, 0xF7DF, 0xF7DF, 0xF7DF, 0xF7DF, 0xF7DF,
    0xF7DF, 0xF7DF, 0xF7DF, 0xF7DF, 0xF7DF, 0xF7DF, 0xF7DF, 0xF7DF, 0xF7DF, 0xF7DF, 0xF7DF, 0xF7DF, 0xF7DF, 0xF7DF, 0xF7DF, 0xF7DF,
    0xF7DF, 0xF7DF, 0xF7DF, 0xF7DF, 0xF7DF, 0xF7DF, 0xF7DF, 0xFFFF, 0xC73F, 0x9EBF, 0xBF1F, 0xBF1F, 0xCFBF, 0x6C75, 0x0087, 0x00C8,
    0x00E8, 0x00C8, 0x00C8, 0x00C8, 0x00C8, 0x00C8, 0x00C8, 0x00C8, 0x00C8, 0x00E9, 0x00C8, 0x00E8, 0x00C8, 0x00E8, 0x00E9, 0x00E9,
    0x00E8, 0x00E9, 0x00E8, 0x00E9, 0x00E9, 0x00E8, 0x00E9, 0x00E8, 0x00E9, 0x00C9, 0x00E8, 0x00E9, 0x00E8, 0x00C8, 0x00C8, 0x00E8,
    0x00C8, 0x00E8, 0x00C8, 0x00C8, 0x00C8, 0x00C8, 0x00C8, 0x00C8, 0x00C7, 0x00C7, 0x00C8, 0x00C8, 0x00C8, 0x00E8, 0x00E8, 0x00E8,
    0x00E8, 0x00E8, 0x00E8, 0x00C8, 0x00C8, 0x00C8, 0x00E8, 0x00E8, 0x00C8, 0x00E8, 0x00E8, 0x00E8, 0x00E8, 0x00E8, 0x00C8, 0x00C8,
    0x00C8, 0x00E8, 0x00C8, 0x00E8, 0x00E8, 0x00E8, 0x00E8, 0x00E8, 0x00E8, 0x00E8, 0x00C8, 0x00E8, 0x00C8, 0x00E8, 0x00E8, 0x00C8,
    0x00E8, 0x00C8, 0x00E8, 0x00E9, 0x00E8, 0x00E8, 0x00E8, 0x00E9, 0x00E9, 0x00E9, 0x00C9, 0x00E8, 0x00E8, 0x00C8, 0x00E8, 0x00C8,
    0x00E8, 0x00C8, 0x00C8, 0x00C8, 0x00C8, 0x00C8, 0x00C8, 0x00C7, 0x00C7, 0x00C7, 0x00C7, 0x00C7, 0x00C7, 0x00C7, 0x00C7, 0x00C7,
    0x00C7, 0x0045, 0x5BD2, 0xC79F, 0xAF1F, 0xAF1F, 0x9EDF, 0xAEFF, 0xF7DF, 0xF7DF, 0xF7DF, 0xF7DF, 0xF7DF, 0xF7DF, 0xF7DF, 0xF7DF,
    0xF7DF, 0xF7DF, 0xF7DF, 0xF7DF, 0xF7DF, 0xF7DF, 0xF7DF, 0xF7DF, 0xF7DF, 0xF7DF, 0xF7DF, 0xF7DF, 0xF7DF, 0xF7DF, 0xF7DF, 0xF7DF,
    0xF7DF, 0xF7DF, 0xF7DF, 0xF7DF, 0xF7DF, 0xF7DF, 0xF7DF, 0xF7DF, 0xF7DF, 0xF7DF, 0xF7DF, 0xF7DF, 0xF7DF, 0xF7DF, 0xF7DF, 0xF7DF,
    0xF7DF, 0xF7DF, 0xF7DF, 0xF7DF, 0xF7DF, 0xEFBF, 0xFFFF, 0x42AC, 0x0022, 0x10E5, 0x08C5, 0x08C5, 0x08C5, 0x10C5, 0x0883, 0x0883,
    0x0883, 0x0863, 0x0883, 0x08A4, 0x08A4, 0x08A4, 0x08C4, 0x0042, 0x2967, 0xF7DF, 0xF7DF, 0xF7DF, 0xF7DF, 0xF7DF, 0xF7DF, 0xF7DF,
    0xF7DF, 0xF7DF, 0xF7DF, 0xF7DF, 0xF7DF, 0xF7DF, 0xF7DF, 0xF7DF, 0xF7DF, 0xF7DF, 0xF7DF, 0xF7DF, 0xF7DF, 0xF7DF, 0xF7DF, 0xF7DF,
    0xF7DF, 0xF7DF, 0xF7DF, 0xF7DF, 0xF7DF, 0xF7DF, 0xF7DF, 0xF7DF, 0xF7DF, 0xF7DF, 0xF7DF, 0xF7DF, 0xF7DF, 0xF7DF, 0xF7DF, 0xF7DF,
    0xF7DF, 0xF7DF, 0xF7DF, 0xF7DF, 0xF7DF, 0xF7DF, 0xF7DF, 0xF7DF, 0xF7DF, 0xB71F, 0x9EBF, 0xBF1F, 0xBF1F, 0xCFBF, 0x8517, 0x08E8,
    0x00A7, 0x00E8, 0x00C8, 0x00C8, 0x00C8, 0x00C8, 0x00C8, 0x00C8, 0x00C8, 0x00E8, 0x00E8, 0x00E9, 0x00E8, 0x00E9, 0x00E9, 0x00E9,
    0x00E9, 0x00E8, 0x00E9, 0x00E9, 0x00E9, 0x00E9, 0x00E9, 0x00C9, 0x00E8, 0x00E8, 0x00E9, 0x00C8, 0x00C8, 0x00E8, 0x00C8, 0x00E8,
    0x00C8, 0x00C8, 0x00C8, 0x00E9, 0x00C8, 0x00C8, 0x00C8, 0x00C7, 0x00C8, 0x00C7, 0x00C7, 0x00C7, 0x00E8, 0x00E8, 0x00E8, 0x00E8,
    0x00E8, 0x00E8, 0x00E8, 0x00E8, 0x00C8, 0x00E8, 0x00E8, 0x00E8, 0x00C8, 0x00E8, 0x00E8, 0x00E8, 0x00E8, 0x00C8, 0x00C8, 0x00C8,
    0x00E8, 0x00E8, 0x00E8, 0x00E8, 0x00E8, 0x00E8, 0x00C8, 0x00C8, 0x00E8, 0x00E8, 0x00E8, 0x00E8, 0x00E8, 0x00E8, 0x00C8, 0x00E8,
    0x00E8, 0x00E8, 0x00E8, 0x00C8, 0x00E9, 0x00E9, 0x00E9, 0x00E9, 0x00E9, 0x00E9, 0x00E9, 0x00C8, 0x00C8, 0x00E8, 0x00C8, 0x00C8,
    0x00C8, 0x00C8, 0x00C8, 0x00C8, 0x00C8, 0x00C8, 0x00C7, 0x00C7, 0x00C7, 0x00C7, 0x00C7, 0x00C7, 0x00C7, 0x00C7, 0x00E7, 0x0086,
    0x0086, 0x6C74, 0xBF7F, 0xAF1F, 0xB71F, 0x9EDF, 0xAEFF, 0xF7DF, 0xF7DF, 0xF7DF, 0xF7DF, 0xF7DF, 0xF7DF, 0xF7DF, 0xF7DF, 0xF7DF,
    0xF7DF, 0xF7DF, 0xF7DF, 0xF7DF, 0xF7DF, 0xF7DF, 0xF7DF, 0xF7DF, 0xF7DF, 0xF7DF, 0xF7DF, 0xF7DF, 0xF7DF, 0xF7DF, 0xF7DF, 0xF7DF,
    0xF7DF, 0xF7DF, 0xF7DF, 0xF7DF, 0xF7DF, 0xF7DF, 0xF7DF, 0xF7DF, 0xF7DF, 0xF7DF, 0xF7DF, 0xF7DF, 0xF7DF, 0xF7DF, 0xF7DF, 0xF7DF,
    0xF7DF, 0xF7DF, 0xF7DF, 0xF7DF, 0xF7DF, 0xEFBF, 0xFFFF, 0x42AC, 0x0022, 0x10E5, 0x08C5, 0x08C5, 0x10C5, 0x10C5, 0x0883, 0x0883,
    0x0883, 0x0863, 0x0883, 0x08A4, 0x08A4, 0x08A4, 0x08C4, 0x0042, 0x2967, 0xF7BF, 0xF7DF, 0xF7DF, 0xF7DF, 0xF7DF, 0xF7DF, 0xF7DF,
    0xF7DF, 0xF7DF, 0xF7DF, 0xF7DF, 0xF7DF, 0xF7DF, 0xF7DF, 0xF7DF, 0xF7DF, 0xF7DF, 0xF7DF, 0xF7DF, 0xF7DF, 0xF7DF, 0xF7DF, 0xF7DF,
    0xF7DF, 0xF7DF, 0xF7DF, 0xF7DF, 0xF7DF, 0xF7DF, 0xF7DF, 0xF7DF, 0xF7DF, 0xF7DF, 0xF7DF, 0xF7DF, 0xF7DF, 0xF7DF, 0xF7DF, 0xF7DF,
    0xF7DF, 0xF7DF, 0xF7DF, 0xF7DF, 0xF7DF, 0xF7DF, 0xF7DF, 0xF7DF, 0xF7DF, 0xF7DF, 0xB71F, 0x9EBF, 0xBF1F, 0xBF1F, 0xD7BF, 0x9E1A,
    0x19AB, 0x0066, 0x00E8, 0x00E8, 0x00C8, 0x00C8, 0x00C8, 0x00C8, 0x00C8, 0x00C8, 0x00E8, 0x00E8, 0x00E9, 0x00E9, 0x00E9, 0x00E9,
    0x00E9, 0x00E9, 0x00E9, 0x00E8, 0x00E8, 0x00C8, 0x00C8, 0x00E8, 0x00E8, 0x00C8, 0x00C8, 0x00E8, 0x00C8, 0x00E9, 0x00C8, 0x00C8,
    0x00C8, 0x00E8, 0x00E8, 0x00E8, 0x00C8, 0x00C8, 0x00C8, 0x00C7, 0x00C7, 0x00C7, 0x00C8, 0x00C8, 0x00C8, 0x00C8, 0x00C8, 0x00E8,
    0x00C8, 0x00C8, 0x00E8, 0x00C8, 0x00C8, 0x00C8, 0x00E8, 0x00C8, 0x00C8, 0x00E8, 0x00E8, 0x00E8, 0x00C8, 0x00E8, 0x00C8, 0x00C8,
    0x00C8, 0x00E8, 0x00E8, 0x00E8, 0x00E8, 0x00E8, 0x00C8, 0x00C8, 0x00C8, 0x00E8, 0x00E8, 0x00C8, 0x00E8, 0x00C8, 0x00E8, 0x00C8,
    0x00C8, 0x00E8, 0x00C8, 0x00E8, 0x00E8, 0x00C8, 0x00C8, 0x00C8, 0x00C8, 0x00C8, 0x00C8, 0x00E8, 0x00C8, 0x00E8, 0x00C8, 0x00C8,
    0x00C8, 0x00E8, 0x00C8, 0x00C8, 0x00C8, 0x00C7, 0x00C7, 0x00C7, 0x00C7, 0x00C7, 0x00C7, 0x00C7, 0x00C7, 0x00E8, 0x0065, 0x1969,
    0x8DB9, 0xBF7F, 0xA6FF, 0xAEFF, 0x9EDF, 0xAEFF, 0xF7DF, 0xF7DF, 0xF7DF, 0xF7DF, 0xF7DF, 0xF7DF, 0xF7DF, 0xF7DF, 0xF7DF, 0xF7DF,
    0xF7DF, 0xF7DF, 0xF7DF, 0xF7DF, 0xF7DF, 0xF7DF, 0xF7DF, 0xF7DF, 0xF7DF, 0xF7DF, 0xF7DF, 0xF7DF, 0xF7DF, 0xF7DF, 0xF7DF, 0xF7DF,
    0xF7DF, 0xF7DF, 0xF7DF, 0xF7DF, 0xF7DF, 0xF7DF, 0xF7DF, 0xF7DF, 0xF7DF, 0xF7DF, 0xF7DF, 0xF7DF, 0xF7DF, 0xF7DF, 0xF7DF, 0xF7DF,
    0xF7DF, 0xF7DF, 0xF7DF, 0xF7DF, 0xF7DF, 0xF7BF, 0xFFFF, 0x428C, 0x0022, 0x10E5, 0x08C5, 0x08C5, 0x10C5, 0x10C5, 0x0883, 0x0883,
    0x0883, 0x0063, 0x0883, 0x08A4, 0x08A4, 0x08A4, 0x08C4, 0x0042, 0x2967, 0xF7BF, 0xF7DF, 0xF7DF, 0xF7DF, 0xF7DF, 0xF7DF, 0xF7DF,
    0xF7DF, 0xF7DF, 0xF7DF, 0xF7DF, 0xF7DF, 0xF7DF, 0xF7DF, 0xF7DF, 0xF7DF, 0xF7DF, 0xF7DF, 0xF7DF, 0xF7DF, 0xF7DF, 0xF7DF, 0xF7DF,
    0xF7DF, 0xF7DF, 0xF7DF, 0xF7DF, 0xF7DF, 0xF7DF, 0xF7DF, 0xF7DF, 0xF7DF, 0xF7DF, 0xF7DF, 0xF7DF, 0xF7DF, 0xF7DF, 0xF7DF, 0xF7DF,
    0xF7DF, 0xF7DF, 0xF7DF, 0xF7DF, 0xF7DF, 0xF7DF, 0xF7DF, 0xF7DF, 0xF7DF, 0xF7DF, 0xF7DF, 0xBF1F, 0x9EBF, 0xBF1F, 0xBF1F, 0xC77F,
    0xBF1E, 0x4B30, 0x0086, 0x00A7, 0x00E8, 0x00E8, 0x00C8, 0x00C8, 0x00C8, 0x00C8, 0x00C8, 0x00E8, 0x00E8, 0x00E8, 0x00E9, 0x00E9,
    0x00E9, 0x00E9, 0x00E8, 0x00E8, 0x00E9, 0x00E9, 0x00E9, 0x00E8, 0x00E8, 0x00E8, 0x00E8, 0x00C8, 0x00C8, 0x00E9, 0x00E9, 0x00E9,
    0x00C8, 0x00C8, 0x00E8, 0x00C8, 0x00C8, 0x00C8, 0x00C7, 0x00C8, 0x00C8, 0x00C8, 0x00C8, 0x00C8, 0x00C8, 0x00E8, 0x00C8, 0x00C8,
    0x00C8, 0x00E8, 0x00E8, 0x00C8, 0x00C8, 0x00E8, 0x00E8, 0x00E8, 0x00E8, 0x00C8, 0x00E8, 0x00C8, 0x00C8, 0x00C8, 0x00C8, 0x00C8,
    0x00C8, 0x00C8, 0x00C8, 0x00E8, 0x00E8, 0x00C8, 0x00E8, 0x00C8, 0x00C8, 0x00E8, 0x00C8, 0x00E8, 0x00E8, 0x00E8, 0x00E8, 0x00E8,
    0x00E8, 0x00E9, 0x00C8, 0x00E8, 0x00E8, 0x00E8, 0x00E9, 0x00E9, 0x00E9, 0x00E9, 0x00E9, 0x00C8, 0x00C8, 0x00E9, 0x00E8, 0x00C8,
    0x00C8, 0x00C8, 0x00C8, 0x00C8, 0x00C8, 0x00C7, 0x00C7, 0x00C7, 0x00C7, 0x00C7, 0x00C7, 0x00E8, 0x0086, 0x0066, 0x4B30, 0xAEDE,
    0xB75F, 0xAEFF, 0xA6FF, 0x8E9F, 0xAEFF, 0xF7DF, 0xF7DF, 0xF7DF, 0xF7DF, 0xF7DF, 0xF7DF, 0xF7DF, 0xF7DF, 0xF7DF, 0xF7DF, 0xF7DF,
    0xF7DF, 0xF7DF, 0xF7DF, 0xF7DF, 0xF7DF, 0xF7DF, 0xF7DF, 0xF7DF, 0xF7DF, 0xF7DF, 0xF7DF, 0xF7DF, 0xF7DF, 0xF7DF, 0xF7DF, 0xF7DF,
    0xF7DF, 0xF7DF, 0xF7DF, 0xF7DF, 0xF7DF, 0xF7DF, 0xF7DF, 0xF7DF, 0xF7DF, 0xF7DF, 0xF7DF, 0xF7DF, 0xF7DF, 0xF7DF, 0xF7DF, 0xF7DF,
    0xF7DF, 0xF7DF, 0xF7DF, 0xF7DF, 0xF7DF, 0xF7BF, 0xFFFF, 0x428C, 0x0022, 0x10E5, 0x08C5, 0x08C5, 0x08C5, 0x10C5, 0x0883, 0x08A4,
    0x0883, 0x0063, 0x0883, 0x08A4, 0x08A4, 0x08A4, 0x08C4, 0x0042, 0x2967, 0xF7BF, 0xF7DF, 0xF7DF, 0xF7DF, 0xF7DF, 0xF7DF, 0xF7DF,
    0xF7DF, 0xF7DF, 0xF7DF, 0xF7DF, 0xF7DF, 0xF7DF, 0xF7DF, 0xF7DF, 0xF7DF, 0xF7DF, 0xF7DF, 0xF7DF, 0xF7DF, 0xF7DF, 0xF7DF, 0xF7DF,
    0xF7DF, 0xF7DF, 0xF7DF, 0xF7DF, 0xF7DF, 0xF7DF, 0xF7DF, 0xF7DF, 0xF7DF, 0xF7DF, 0xF7DF, 0xF7DF, 0xF7DF, 0xF7DF, 0xF7DF, 0xF7DF,
    0xF7DF, 0xF7DF, 0xF7DF, 0xF7DF, 0xF7DF, 0xF7DF, 0xF7DF, 0xF7DF, 0xF7DF, 0xF7DF, 0xF7DF, 0xF7FF, 0xCF5F, 0x9EBF, 0xAEFF, 0xBF1F,
    0xBF3F, 0xCF9F, 0x8D78, 0x21CC, 0x0066, 0x00A7, 0x00E8, 0x00C8, 0x00C8, 0x00C8, 0x00E8, 0x00C8, 0x00E8, 0x00E8, 0x00E8, 0x00C8,
    0x00E8, 0x00E8, 0x00E9, 0x00E9, 0x00E9, 0x00E9, 0x00E9, 0x00E9, 0x00E9, 0x00E9, 0x00E9, 0x00E9, 0x00E8, 0x00E8, 0x00C8, 0x00C8,
    0x00C8, 0x00C8, 0x00C8, 0x00C8, 0x00C8, 0x00C8, 0x00C7, 0x00C8, 0x00C8, 0x00C8, 0x00C8, 0x00C8, 0x00C8, 0x00C8, 0x00C8, 0x00C8,
    0x00C8, 0x00C8, 0x00C8, 0x00C8, 0x00E8, 0x00E8, 0x00E8, 0x00E8, 0x00E8, 0x00C8, 0x00E8, 0x00C8, 0x00C8, 0x00C8, 0x00C8, 0x00C8,
    0x00C8, 0x00C8, 0x00C8, 0x00E8, 0x00C8, 0x00E8, 0x00C8, 0x00C8, 0x00C8, 0x00C8, 0x00C8, 0x00C8, 0x00C8, 0x00E8, 0x00E8, 0x00E8,
    0x00E8, 0x00E8, 0x00E8, 0x00E9, 0x00E9, 0x00E9, 0x00E9, 0x00E9, 0x00E9, 0x00E9, 0x00E9, 0x00E9, 0x00E8, 0x00E8, 0x00C8, 0x00C8,
    0x00C8, 0x00C7, 0x00C7, 0x00C7, 0x00C7, 0x00C7, 0x00C7, 0x00C7, 0x00C7, 0x00E8, 0x00A7, 0x0046, 0x21AA, 0x7D17, 0xC77F, 0xB73F,
    0xAEFF, 0xA6DF, 0x96BF, 0xBF3F, 0xF7DF, 0xF7DF, 0xF7DF, 0xF7DF, 0xF7DF, 0xF7DF, 0xF7DF, 0xF7DF, 0xF7DF, 0xF7DF, 0xF7DF, 0xF7DF,
    0xF7DF, 0xF7DF, 0xF7DF, 0xF7DF, 0xF7DF, 0xF7DF, 0xF7DF, 0xF7DF, 0xF7DF, 0xF7DF, 0xF7DF, 0xF7DF, 0xF7DF, 0xF7DF, 0xF7DF, 0xF7DF,
    0xF7DF, 0xF7DF, 0xF7DF, 0xF7DF, 0xF7DF, 0xF7DF, 0xF7DF, 0xF7DF, 0xF7DF, 0xF7DF, 0xF7DF, 0xF7DF, 0xF7DF, 0xF7DF, 0xF7DF, 0xF7DF,
    0xF7DF, 0xF7DF, 0xF7DF, 0xF7DF, 0xF7DF, 0xF7BF, 0xFFFF, 0x428C, 0x0022, 0x10E5, 0x08C5, 0x08C5, 0x08C5, 0x10C5, 0x0883, 0x08A4,
    0x0883, 0x0862, 0x0883, 0x08A4, 0x08A4, 0x08A4, 0x08C4, 0x0042, 0x2967, 0xF7BF, 0xF7DF, 0xF7DF, 0xF7DF, 0xF7DF, 0xF7DF, 0xF7DF,
    0xF7DF, 0xF7DF, 0xF7DF, 0xF7DF, 0xF7DF, 0xF7DF, 0xF7DF, 0xF7DF, 0xF7DF, 0xF7DF, 0xF7DF, 0xF7DF, 0xF7DF, 0xF7DF, 0xF7DF, 0xF7DF,
    0xF7DF, 0xF7DF, 0xF7DF, 0xF7DF, 0xF7DF, 0xF7DF, 0xF7DF, 0xF7DF, 0xF7DF, 0xF7DF, 0xF7DF, 0xF7DF, 0xF7DF, 0xF7DF, 0xF7DF, 0xF7DF,
    0xF7DF, 0xF7DF, 0xF7DF, 0xF7DF, 0xF7DF, 0xF7DF, 0xF7DF, 0xF7DF, 0xF7DF, 0xF7DF, 0xF7DF, 0xF7DF, 0xFFFF, 0xD77F, 0x9EBF, 0xA6DF,
    0xBF1F, 0xBF1F, 0xCF9F, 0xC73F, 0x7475, 0x114A, 0x0046, 0x00A7, 0x00E8, 0x00E8, 0x00E8, 0x00C8, 0x00C8, 0x00C8, 0x00C8, 0x00C8,
    0x00E8, 0x00E8, 0x00E8, 0x00C8, 0x00C8, 0x00C8, 0x00C8, 0x00C8, 0x00C8, 0x00C8, 0x00C8, 0x00C8, 0x00E8, 0x00C8, 0x00C8, 0x00C8,
    0x00C8, 0x00C8, 0x00C8, 0x00C8, 0x00C8, 0x00C8, 0x00C8, 0x00C8, 0x00C8, 0x00C8, 0x00C8, 0x00C8, 0x00C8, 0x00C8, 0x00C8, 0x00C8,
    0x00C8, 0x00C8, 0x00C8, 0x00C8, 0x00C8, 0x00C8, 0x00C8, 0x00C8, 0x00C8, 0x00C8, 0x00E8, 0x00C8, 0x00C8, 0x00C8, 0x00C8, 0x00C8,
    0x00C8, 0x00C8, 0x00C8, 0x00C8, 0x00C8, 0x00C8, 0x00E8, 0x00C8, 0x00E8, 0x00C8, 0x00C8, 0x00C8, 0x00C8, 0x00C8, 0x00C8, 0x00E8,
    0x00C8, 0x00E8, 0x00C8, 0x00C8, 0x00C8, 0x00C8, 0x00E8, 0x00E8, 0x00C8, 0x00C8, 0x00E8, 0x00E8, 0x00C8, 0x00C8, 0x00C8, 0x00C8,
    0x00C8, 0x00C7, 0x00C7, 0x00C7, 0x00C7, 0x00C8, 0x00E8, 0x00E8, 0x0087, 0x0066, 0x1169, 0x6C54, 0xB71E, 0xB75F, 0xAEFF, 0xAEFF,
    0x9EDF, 0x96BF, 0xD77F, 0xFFFF, 0xF7DF, 0xF7DF, 0xF7DF, 0xF7DF, 0xF7DF, 0xF7DF, 0xF7DF, 0xF7DF, 0xF7DF, 0xF7DF, 0xF7DF, 0xF7DF,
    0xF7DF, 0xF7DF, 0xF7DF, 0xF7DF, 0xF7DF, 0xF7DF, 0xF7DF, 0xF7DF, 0xF7DF, 0xF7DF, 0xF7DF, 0xF7DF, 0xF7DF, 0xF7DF, 0xF7DF, 0xF7DF,
    0xF7DF, 0xF7DF, 0xF7DF, 0xF7DF, 0xF7DF, 0xF7DF, 0xF7DF, 0xF7DF, 0xF7DF, 0xF7DF, 0xF7DF, 0xF7DF, 0xF7DF, 0xF7DF, 0xF7DF, 0xF7DF,
    0xF7DF, 0xF7DF, 0xF7DF, 0xF7DF, 0xF7DF, 0xF7BF, 0xFFFF, 0x428C, 0x0022, 0x10E5, 0x08C5, 0x08C5, 0x08C5, 0x10C5, 0x0883, 0x0883,
    0x0883, 0x0863, 0x0883, 0x08A4, 0x08A4, 0x08A4, 0x08C4, 0x0042, 0x2967, 0xF7BF, 0xF7DF, 0xF7DF, 0xF7DF, 0xF7DF, 0xF7DF, 0xF7DF,
    0xF7DF, 0xF7DF, 0xF7DF, 0xF7DF, 0xF7DF, 0xF7DF, 0xF7DF, 0xF7DF, 0xF7DF, 0xF7DF, 0xF7DF, 0xF7DF, 0xF7DF, 0xF7DF, 0xF7DF, 0xF7DF,
    0xF7DF, 0xF7DF, 0xF7DF, 0xF7DF, 0xF7DF, 0xF7DF, 0xF7DF, 0xF7DF, 0xF7DF, 0xF7DF, 0xF7DF, 0xF7DF, 0xF7DF, 0xF7DF, 0xF7DF, 0xF7DF,
    0xF7DF, 0xF7DF, 0xF7DF, 0xF7DF, 0xF7DF, 0xF7DF, 0xF7DF, 0xF7DF, 0xF7DF, 0xF7DF, 0xF7DF, 0xF7DF, 0xEFDF, 0xF7FF, 0xEFBF, 0xAEFF,
    0x9EBF, 0xB71F, 0xBF1F, 0xBF3F, 0xCFBF, 0xB6DD, 0x6434, 0x19AB, 0x0086, 0x0067, 0x00C8, 0x00E8, 0x00E8, 0x00E8, 0x00C8, 0x00C8,
    0x00E8, 0x00C8, 0x00C8, 0x00C8, 0x00C8, 0x00C8, 0x00C8, 0x00C8, 0x00C8, 0x00C8, 0x00C8, 0x00C8, 0x00C8, 0x00C8, 0x00C8, 0x00C8,
    0x00C8, 0x00C8, 0x00C8, 0x00C8, 0x00C8, 0x00C8, 0x00C8, 0x00C8, 0x00C8, 0x00C8, 0x00C8, 0x00C8, 0x00C8, 0x00C8, 0x00C8, 0x00C8,
    0x00C8, 0x00C8, 0x00C8, 0x00C8, 0x00C8, 0x00C8, 0x00C8, 0x00C8, 0x00E8, 0x00E8, 0x00C8, 0x00C8, 0x00C8, 0x00E8, 0x00C8, 0x00E8,
    0x00E8, 0x00C8, 0x00C8, 0x00C8, 0x00C8, 0x00C8, 0x00E8, 0x00C8, 0x00C8, 0x00C8, 0x00E8, 0x00C8, 0x00C8, 0x00C8, 0x00C8, 0x00C8,
    0x00C8, 0x00E8, 0x00C8, 0x00C8, 0x00C8, 0x00C8, 0x00C8, 0x00C8, 0x00C8, 0x00C8, 0x00C8, 0x00C8, 0x00C8, 0x00C8, 0x00C8, 0x00C8,
    0x00C8, 0x00C8, 0x00C8, 0x00E8, 0x00C8, 0x00A7, 0x0066, 0x0086, 0x21CB, 0x6454, 0xA6DE, 0xBF9F, 0xAF1F, 0xAEFF, 0x9EDF, 0x8E9F,
    0xAEFF, 0xEFBF, 0xFFFF, 0xEFDF, 0xF7DF, 0xF7DF, 0xF7DF, 0xF7DF, 0xF7DF, 0xF7DF, 0xF7DF, 0xF7DF, 0xF7DF, 0xF7DF, 0xF7DF, 0xF7DF,
    0xF7DF, 0xF7DF, 0xF7DF, 0xF7DF, 0xF7DF, 0xF7DF, 0xF7DF, 0xF7DF, 0xF7DF, 0xF7DF, 0xF7DF, 0xF7DF, 0xF7DF, 0xF7DF, 0xF7DF, 0xF7DF,
    0xF7DF, 0xF7DF, 0xF7DF, 0xF7DF, 0xF7DF, 0xF7DF, 0xF7DF, 0xF7DF, 0xF7DF, 0xF7DF, 0xF7DF, 0xF7DF, 0xF7DF, 0xF7DF, 0xF7DF, 0xF7DF,
    0xF7DF, 0xF7DF, 0xF7DF, 0xF7DF, 0xF7DF, 0xF7BF, 0xFFFF, 0x428C, 0x0022, 0x10E5, 0x08C5, 0x08C5, 0x08C5, 0x10C5, 0x0883, 0x0883,
    0x0883, 0x0863, 0x0883, 0x08A4, 0x08A4, 0x08A4, 0x08C4, 0x0042, 0x2967, 0xF7BF, 0xF7DF, 0xF7DF, 0xF7DF, 0xF7DF, 0xF7DF, 0xF7DF,
    0xF7DF, 0xF7DF, 0xF7DF, 0xF7DF, 0xF7DF, 0xF7DF, 0xF7DF, 0xF7DF, 0xF7DF, 0xF7DF, 0xF7DF, 0xF7DF, 0xF7DF, 0xF7DF, 0xF7DF, 0xF7DF,
    0xF7DF, 0xF7DF, 0xF7DF, 0xF7DF, 0xF7DF, 0xF7DF, 0xF7DF, 0xF7DF, 0xF7DF, 0xF7DF, 0xF7DF, 0xF7DF, 0xF7DF, 0xF7DF, 0xF7DF, 0xF7DF,
    0xF7DF, 0xF7DF, 0xF7DF, 0xF7DF, 0xF7DF, 0xF7DF, 0xF7DF, 0xF7DF, 0xF7DF, 0xF7DF, 0xF7DF, 0xF7DF, 0xF7DF, 0xEFDF, 0xF7DF, 0xF7DF,
    0xCF5F, 0xA6DF, 0xA6DF, 0xB71F, 0xB71F, 0xBF3F, 0xCFBF, 0xBF1E, 0x8537, 0x42CF, 0x0929, 0x0066, 0x0066, 0x00A7, 0x00C8, 0x00E8,
    0x00E8, 0x00E8, 0x00E8, 0x00E8, 0x00E8, 0x00C8, 0x00C8, 0x00C8, 0x00C8, 0x00C8, 0x00E8, 0x00C8, 0x00E8, 0x00C8, 0x00C8, 0x00C8,
    0x00C8, 0x00C8, 0x00E8, 0x00E8, 0x00C8, 0x00E8, 0x00E8, 0x00E8, 0x00E8, 0x00C8, 0x00C8, 0x00E8, 0x00E8, 0x00E8, 0x00C8, 0x00E8,
    0x00C8, 0x00E8, 0x00C8, 0x00C8, 0x00E8, 0x00E8, 0x00E8, 0x00E8, 0x00E8, 0x00E8, 0x00E8, 0x00E8, 0x00E8, 0x00E8, 0x00E8, 0x00E8,
    0x00E8, 0x00E8, 0x00E8, 0x00E8, 0x00E8, 0x00E8, 0x00E8, 0x00E8, 0x00E8, 0x00E8, 0x00E8, 0x00E8, 0x00E8, 0x00E8, 0x00E8, 0x00E8,
    0x00E8, 0x00E8, 0x00C8, 0x00E8, 0x00E8, 0x00E8, 0x00E8, 0x00C8, 0x00E8, 0x00E8, 0x00C8, 0x00E8, 0x00E8, 0x00E8, 0x00E8, 0x00E8,
    0x00E8, 0x00C7, 0x0086, 0x0045, 0x0066, 0x1129, 0x430F, 0x8558, 0xB71F, 0xBF7F, 0xAF1F, 0xA6FF, 0xA6FF, 0x96BF, 0x969F, 0xC75F,
    0xF7DF, 0xF7DF, 0xF7DF, 0xF7DF, 0xF7DF, 0xF7DF, 0xF7DF, 0xF7DF, 0xF7DF, 0xF7DF, 0xF7DF, 0xF7DF, 0xF7DF, 0xF7DF, 0xF7DF, 0xF7DF,
    0xF7DF, 0xF7DF, 0xF7DF, 0xF7DF, 0xF7DF, 0xF7DF, 0xF7DF, 0xF7DF, 0xF7DF, 0xF7DF, 0xF7DF, 0xF7DF, 0xF7DF, 0xF7DF, 0xF7DF, 0xF7DF,
    0xF7DF, 0xF7DF, 0xF7DF, 0xF7DF, 0xF7DF, 0xF7DF, 0xF7DF, 0xF7DF, 0xF7DF, 0xF7DF, 0xF7DF, 0xF7DF, 0xF7DF, 0xF7DF, 0xF7DF, 0xF7DF,
    0xF7DF, 0xF7DF, 0xF7DF, 0xF7DF, 0xF7DF, 0xF7BF, 0xFFFF, 0x428C, 0x0022, 0x10E6, 0x08C5, 0x08C5, 0x08C5, 0x10E5, 0x0883, 0x0883,
    0x0883, 0x0863, 0x0883, 0x08A4, 0x08A4, 0x08A4, 0x08C4, 0x0042, 0x2967, 0xF7BF, 0xF7DF, 0xF7DF, 0xF7DF, 0xF7DF, 0xF7DF, 0xF7DF,
    0xF7DF, 0xF7DF, 0xF7DF, 0xF7DF, 0xF7DF, 0xF7DF, 0xF7DF, 0xF7DF, 0xF7DF, 0xF7DF, 0xF7DF, 0xF7DF, 0xF7DF, 0xF7DF, 0xF7DF, 0xF7DF,
    0xF7DF, 0xF7DF, 0xF7DF, 0xF7DF, 0xF7DF, 0xF7DF, 0xF7DF, 0xF7DF, 0xF7DF, 0xF7DF, 0xF7DF, 0xF7DF, 0xF7DF, 0xF7DF, 0xF7DF, 0xF7DF,
    0xF7DF, 0xF7DF, 0xF7DF, 0xF7DF, 0xF7DF, 0xF7DF, 0xF7DF, 0xF7DF, 0xF7DF, 0xF7DF, 0xF7DF, 0xF7DF, 0xF7DF, 0xF7DF, 0xF7DF, 0xF7DF,
    0xFFFF, 0xEFBF, 0xBF3F, 0x9EBF, 0xA6DF, 0xB71F, 0xBF1F, 0xBF3F, 0xC79F, 0xC79F, 0xAE9D, 0x84F7, 0x4B50, 0x21EB, 0x0908, 0x0087,
    0x0066, 0x0066, 0x0086, 0x0087, 0x00A7, 0x00A7, 0x00A7, 0x00C7, 0x00C8, 0x00C8, 0x00C8, 0x00C8, 0x00C8, 0x00C8, 0x00C8, 0x00C8,
    0x00C8, 0x00C8, 0x00C8, 0x00C8, 0x00C8, 0x00C8, 0x00C8, 0x00C8, 0x00C8, 0x00C8, 0x00C8, 0x00C8, 0x00C8, 0x00C8, 0x00C8, 0x00C8,
    0x00C8, 0x00C8, 0x00C8, 0x00C8, 0x00C8, 0x00C8, 0x00C8, 0x00C8, 0x00E8, 0x00E8, 0x00C8, 0x00E8, 0x00E8, 0x00C8, 0x00C8, 0x00E8,
    0x00C8, 0x00C8, 0x00C8, 0x00C8, 0x00C8, 0x00C8, 0x00C8, 0x00C8, 0x00C8, 0x00C8, 0x00C8, 0x00C8, 0x00C8, 0x00C8, 0x00C8, 0x00C8,
    0x00C8, 0x00C8, 0x00C8, 0x00C8, 0x00C8, 0x00C8, 0x00C8, 0x00C8, 0x00C8, 0x00C8, 0x00A7, 0x00A7, 0x0087, 0x0066, 0x0066, 0x0066,
    0x0087, 0x0908, 0x21EB, 0x4B51, 0x7D17, 0xA6BD, 0xBF7F, 0xBF7F, 0xAF1F, 0xAEFF, 0xA6FF, 0x96BF, 0x969F, 0xB71F, 0xEFBF, 0xFFFF,
    0xF7DF, 0xF7DF, 0xF7DF, 0xF7DF, 0xF7DF, 0xF7DF, 0xF7DF, 0xF7DF, 0xF7DF, 0xF7DF, 0xF7DF, 0xF7DF, 0xF7DF, 0xF7DF, 0xF7DF, 0xF7DF,
    0xF7DF, 0xF7DF, 0xF7DF, 0xF7DF, 0xF7DF, 0xF7DF, 0xF7DF, 0xF7DF, 0xF7DF, 0xF7DF, 0xF7DF, 0xF7DF, 0xF7DF, 0xF7DF, 0xF7DF, 0xF7DF,
    0xF7DF, 0xF7DF, 0xF7DF, 0xF7DF, 0xF7DF, 0xF7DF, 0xF7DF, 0xF7DF, 0xF7DF, 0xF7DF, 0xF7DF, 0xF7DF, 0xF7DF, 0xF7DF, 0xF7DF, 0xF7DF,
    0xF7DF, 0xF7DF, 0xF7DF, 0xF7DF, 0xF7DF, 0xEFBF, 0xFFFF, 0x42AC, 0x0022, 0x10E6, 0x08C5, 0x08C5, 0x10C5, 0x10E5, 0x0883, 0x0883,
    0x0883, 0x0863, 0x08A3, 0x08A4, 0x08A4, 0x08A4, 0x08C4, 0x0042, 0x2967, 0xF7BF, 0xF7DF, 0xF7DF, 0xF7DF, 0xF7DF, 0xF7DF, 0xF7DF,
    0xF7DF, 0xF7DF, 0xF7DF, 0xF7DF, 0xF7DF, 0xF7DF, 0xF7DF, 0xF7DF, 0xF7DF, 0xF7DF, 0xF7DF, 0xF7DF, 0xF7DF, 0xF7DF, 0xF7DF, 0xF7DF,
    0xF7DF, 0xF7DF, 0xF7DF, 0xF7DF, 0xF7DF, 0xF7DF, 0xF7DF, 0xF7DF, 0xF7DF, 0xF7DF, 0xF7DF, 0xF7DF, 0xF7DF, 0xF7DF, 0xF7DF, 0xF7DF,
    0xF7DF, 0xF7DF, 0xF7DF, 0xF7DF, 0xF7DF, 0xF7DF, 0xF7DF, 0xF7DF, 0xF7DF, 0xF7DF, 0xF7DF, 0xF7DF, 0xF7DF, 0xF7DF, 0xF7DF, 0xF7DF,
    0xF7DF, 0xF7DF, 0xFFFF, 0xE7BF, 0xBF1F, 0xA6DF, 0xA6DF, 0xAEFF, 0xB6FF, 0xBF1F, 0xC75F, 0xCF9F, 0xCFBF, 0xC73F, 0xAE7C, 0x8558,
    0x6C54, 0x5371, 0x3AAE, 0x2A2C, 0x19CB, 0x118A, 0x1149, 0x0909, 0x0909, 0x0909, 0x0909, 0x0109, 0x00E9, 0x00E9, 0x00E9, 0x00E9,
    0x00E9, 0x00E8, 0x00E9, 0x00E9, 0x00E9, 0x00E9, 0x00E9, 0x00E9, 0x00E9, 0x00E9, 0x00E9, 0x00E9, 0x00E9, 0x00E9, 0x00E9, 0x00E9,
    0x00E9, 0x00E9, 0x00E9, 0x00E9, 0x00E9, 0x00E9, 0x00E9, 0x0109, 0x0109, 0x0109, 0x0109, 0x0109, 0x0109, 0x0109, 0x0109, 0x0109,
    0x0109, 0x0109, 0x0109, 0x0109, 0x0109, 0x0109, 0x0109, 0x0109, 0x0109, 0x0109, 0x0109, 0x0109, 0x0109, 0x0109, 0x0109, 0x0909,
    0x0109, 0x0109, 0x0109, 0x0909, 0x0909, 0x0909, 0x0909, 0x0929, 0x0929, 0x114A, 0x118B, 0x21CB, 0x2A4D, 0x3ACF, 0x5391, 0x6C75,
    0x8599, 0xA67C, 0xBF3F, 0xBF9F, 0xBF7F, 0xB73F, 0xAEFF, 0xAEFF, 0x9EDF, 0x96BF, 0x9EBF, 0xB71F, 0xE7BF, 0xFFFF, 0xF7DF, 0xF7DF,
    0xF7DF, 0xF7DF, 0xF7DF, 0xF7DF, 0xF7DF, 0xF7DF, 0xF7DF, 0xF7DF, 0xF7DF, 0xF7DF, 0xF7DF, 0xF7DF, 0xF7DF, 0xF7DF, 0xF7DF, 0xF7DF,
    0xF7DF, 0xF7DF, 0xF7DF, 0xF7DF, 0xF7DF, 0xF7DF, 0xF7DF, 0xF7DF, 0xF7DF, 0xF7DF, 0xF7DF, 0xF7DF, 0xF7DF, 0xF7DF, 0xF7DF, 0xF7DF,
    0xF7DF, 0xF7DF, 0xF7DF, 0xF7DF, 0xF7DF, 0xF7DF, 0xF7DF, 0xF7DF, 0xF7DF, 0xF7DF, 0xF7DF, 0xF7DF, 0xF7DF, 0xF7DF, 0xF7DF, 0xF7DF,
    0xF7DF, 0xF7DF, 0xF7DF, 0xF7DF, 0xF7DF, 0xEFBF, 0xFFFF, 0x428C, 0x0022, 0x1106, 0x08C5, 0x08C5, 0x10E5, 0x10E5, 0x0883, 0x0883,
    0x0883, 0x0863, 0x08A3, 0x08A4, 0x08A4, 0x08A4, 0x10C4, 0x0042, 0x2967, 0xF7BF, 0xF7DF, 0xF7DF, 0xF7DF, 0xF7DF, 0xF7DF, 0xF7DF,
    0xF7DF, 0xF7DF, 0xF7DF, 0xF7DF, 0xF7DF, 0xF7DF, 0xF7DF, 0xF7DF, 0xF7DF, 0xF7DF, 0xF7DF, 0xF7DF, 0xF7DF, 0xF7DF, 0xF7DF, 0xF7DF,
    0xF7DF, 0xF7DF, 0xF7DF, 0xF7DF, 0xF7DF, 0xF7DF, 0xF7DF, 0xF7DF, 0xF7DF, 0xF7DF, 0xF7DF, 0xF7DF, 0xF7DF, 0xF7DF, 0xF7DF, 0xF7DF,
    0xF7DF, 0xF7DF, 0xF7DF, 0xF7DF, 0xF7DF, 0xF7DF, 0xF7DF, 0xF7DF, 0xF7DF, 0xF7DF, 0xF7DF, 0xF7DF, 0xF7DF, 0xF7DF, 0xF7DF, 0xF7DF,
    0xF7DF, 0xF7DF, 0xEFDF, 0xF7DF, 0xFFFF, 0xEFBF, 0xC73F, 0xA6DF, 0x9EDF, 0xA6DF, 0xB6FF, 0xB71F, 0xBF1F, 0xBF3F, 0xC75F, 0xC79F,
    0xCF9F, 0xCF9F, 0xCF7F, 0xBF5F, 0xB71F, 0xB6FE, 0xB6DD, 0xAE9D, 0xA67C, 0xA67C, 0xA67C, 0xA67C, 0xA65C, 0xA65C, 0xA65C, 0xA65C,
    0xA65C, 0xA65C, 0xA65C, 0xA65C, 0xA65C, 0xA65C, 0xA65C, 0xA65C, 0xA65C, 0xA65C, 0xA65C, 0xA65C, 0xA65C, 0xA65C, 0xA65C, 0xA65C,
    0xA65C, 0xA65C, 0x9E5C, 0xA65C, 0xA65C, 0xA65C, 0xA65C, 0xA67C, 0xA67C, 0x9E5C, 0x9E5C, 0x9E5C, 0x9E7C, 0x9E5C, 0x9E5C, 0x9E5C,
    0x9E5C, 0x9E5C, 0x9E5C, 0x9E7C, 0xA67C, 0xA67C, 0xA67C, 0xA67C, 0xA67C, 0x9E5C, 0x9E5C, 0x9E5C, 0xA65C, 0xA67C, 0xA67C, 0xA67C,
    0xA67C, 0xA67C, 0xA67C, 0xA67C, 0xA67C, 0xA67D, 0xA69D, 0xAE9D, 0xAE9D, 0xAEDD, 0xB6FE, 0xBF3F, 0xBF5F, 0xC77F, 0xCF9F, 0xC79F,
    0xBF7F, 0xBF5F, 0xB71F, 0xAEFF, 0xAEFF, 0xA6FF, 0x9EDF, 0x96BF, 0x9EDF, 0xC73F, 0xE7BF, 0xF7FF, 0xF7DF, 0xEFDF, 0xF7DF, 0xF7DF,
    0xF7DF, 0xF7DF, 0xF7DF, 0xF7DF, 0xF7DF, 0xF7DF, 0xF7DF, 0xF7DF, 0xF7DF, 0xF7DF, 0xF7DF, 0xF7DF, 0xF7DF, 0xF7DF, 0xF7DF, 0xF7DF,
    0xF7DF, 0xF7DF, 0xF7DF, 0xF7DF, 0xF7DF, 0xF7DF, 0xF7DF, 0xF7DF, 0xF7DF, 0xF7DF, 0xF7DF, 0xF7DF, 0xF7DF, 0xF7DF, 0xF7DF, 0xF7DF,
    0xF7DF, 0xF7DF, 0xF7DF, 0xF7DF, 0xF7DF, 0xF7DF, 0xF7DF, 0xF7DF, 0xF7DF, 0xF7DF, 0xF7DF, 0xF7DF, 0xF7DF, 0xF7DF, 0xF7DF, 0xF7DF,
    0xF7DF, 0xF7DF, 0xF7DF, 0xF7DF, 0xF7DF, 0xF7BF, 0xFFFF, 0x428C, 0x0022, 0x10E6, 0x08C5, 0x08C5, 0x10C5, 0x10E5, 0x0883, 0x0883,
    0x0883, 0x0863, 0x0883, 0x08A4, 0x08A4, 0x08A4, 0x10C4, 0x0042, 0x2967, 0xF7BF, 0xF7DF, 0xF7DF, 0xF7DF, 0xF7DF, 0xF7DF, 0xF7DF,
    0xF7DF, 0xF7DF, 0xF7DF, 0xF7DF, 0xF7DF, 0xF7DF, 0xF7DF, 0xF7DF, 0xF7DF, 0xF7DF, 0xF7DF, 0xF7DF, 0xF7DF, 0xF7DF, 0xF7DF, 0xF7DF,
    0xF7DF, 0xF7DF, 0xF7DF, 0xF7DF, 0xF7DF, 0xF7DF, 0xF7DF, 0xF7DF, 0xF7DF, 0xF7DF, 0xF7DF, 0xF7DF, 0xF7DF, 0xF7DF, 0xF7DF, 0xF7DF,
    0xF7DF, 0xF7DF, 0xF7DF, 0xF7DF, 0xF7DF, 0xF7DF, 0xF7DF, 0xF7DF, 0xF7DF, 0xF7DF, 0xF7DF, 0xF7DF, 0xF7DF, 0xF7DF, 0xF7DF, 0xF7DF,
    0xF7DF, 0xF7DF, 0xF7DF, 0xF7DF, 0xEFDF, 0xF7DF, 0xF7FF, 0xEFDF, 0xDF9F, 0xC73F, 0xAEFF, 0xA6DF, 0xA6DF, 0xAEFF, 0xAEFF, 0xB6FF,
    0xB71F, 0xB71F, 0xBF1F, 0xBF1F, 0xBF3F, 0xBF3F, 0xBF5F, 0xBF5F, 0xBF5F, 0xBF5F, 0xBF5F, 0xBF5F, 0xBF5F, 0xBF5F, 0xBF5F, 0xBF5F,
    0xBF5F, 0xBF5F, 0xBF5F, 0xBF5F, 0xBF5F, 0xBF5F, 0xBF5F, 0xBF5F, 0xBF5F, 0xBF5F, 0xBF5F, 0xBF5F, 0xBF5F, 0xBF5F, 0xBF5F, 0xBF5F,
    0xBF5F, 0xBF5F, 0xBF5F, 0xBF5F, 0xBF5F, 0xBF5F, 0xBF5F, 0xBF5F, 0xBF5F, 0xBF5F, 0xBF5F, 0xBF5F, 0xBF5F, 0xBF5F, 0xBF5F, 0xB75F,
    0xB75F, 0xBF5F, 0xBF5F, 0xBF5F, 0xBF5F, 0xBF5F, 0xBF5F, 0xBF5F, 0xBF5F, 0xBF5F, 0xBF5F, 0xBF5F, 0xBF5F, 0xBF5F, 0xBF5F, 0xBF5F,
    0xBF5F, 0xBF5F, 0xBF5F, 0xBF5F, 0xBF5F, 0xBF5F, 0xBF5F, 0xBF5F, 0xBF5F, 0xBF5F, 0xBF3F, 0xBF3F, 0xB71F, 0xB71F, 0xB71F, 0xB6FF,
    0xAEFF, 0xA6FF, 0xA6DF, 0x9EDF, 0x9EDF, 0xA6FF, 0xBF3F, 0xDF9F, 0xF7DF, 0xFFFF, 0xF7DF, 0xEFDF, 0xEFDF, 0xF7DF, 0xF7DF, 0xF7DF,
    0xF7DF, 0xF7DF, 0xF7DF, 0xF7DF, 0xF7DF, 0xF7DF, 0xF7DF, 0xF7DF, 0xF7DF, 0xF7DF, 0xF7DF, 0xF7DF, 0xF7DF, 0xF7DF, 0xF7DF, 0xF7DF,
    0xF7DF, 0xF7DF, 0xF7DF, 0xF7DF, 0xF7DF, 0xF7DF, 0xF7DF, 0xF7DF, 0xF7DF, 0xF7DF, 0xF7DF, 0xF7DF, 0xF7DF, 0xF7DF, 0xF7DF, 0xF7DF,
    0xF7DF, 0xF7DF, 0xF7DF, 0xF7DF, 0xF7DF, 0xF7DF, 0xF7DF, 0xF7DF, 0xF7DF, 0xF7DF, 0xF7DF, 0xF7DF, 0xF7DF, 0xF7DF, 0xF7DF, 0xF7DF,
    0xF7DF, 0xF7DF, 0xF7DF, 0xF7DF, 0xF7DF, 0xEFBF, 0xFFFF, 0x428C, 0x0022, 0x10E5, 0x08C5, 0x08C5, 0x10C5, 0x10E5, 0x0883, 0x0883,
    0x08A3, 0x0863, 0x0883, 0x08A4, 0x08A4, 0x08A4, 0x10C4, 0x0042, 0x2967, 0xF7BF, 0xF7DF, 0xF7DF, 0xF7DF, 0xF7DF, 0xF7DF, 0xF7DF,
    0xF7DF, 0xF7DF, 0xF7DF, 0xF7DF, 0xF7DF, 0xF7DF, 0xF7DF, 0xF7DF, 0xF7DF, 0xF7DF, 0xF7DF, 0xF7DF, 0xF7DF, 0xF7DF, 0xF7DF, 0xF7DF,
    0xF7DF, 0xF7DF, 0xF7DF, 0xF7DF, 0xF7DF, 0xF7DF, 0xF7DF, 0xF7DF, 0xF7DF, 0xF7DF, 0xF7DF, 0xF7DF, 0xF7DF, 0xF7DF, 0xF7DF, 0xF7DF,
    0xF7DF, 0xF7DF, 0xF7DF, 0xF7DF, 0xF7DF, 0xF7DF, 0xF7DF, 0xF7DF, 0xF7DF, 0xF7DF, 0xF7DF, 0xF7DF, 0xF7DF, 0xF7DF, 0xF7DF, 0xF7DF,
    0xF7DF, 0xF7DF, 0xF7DF, 0xF7DF, 0xF7DF, 0xF7DF, 0xEFDF, 0xF7DF, 0xF7DF, 0xF7FF, 0xF7DF, 0xE79F, 0xCF5F, 0xBF3F, 0xB6FF, 0xAEFF,
    0xA6DF, 0xA6DF, 0xA6DF, 0xAEFF, 0xAEFF, 0xAEDF, 0xAEFF, 0xAEFF, 0xAEFF, 0xAEFF, 0xAEFF, 0xA6DF, 0xAEFF, 0xAEFF, 0xA6FF, 0xAEFF,
    0xAEFF, 0xAEFF, 0xAEFF, 0xA6FF, 0xA6FF, 0xA6FF, 0xA6FF, 0xA6FF, 0xA6FF, 0xA6DF, 0xA6DF, 0xA6DF, 0xA6DF, 0xA6DF, 0xA6DF, 0xA6DF,
    0xA6DF, 0xA6FF, 0xA6FF, 0xA6FF, 0xA6FF, 0xA6FF, 0xA6FF, 0xA6FF, 0xA6FF, 0xA6FF, 0xA6DF, 0xA6DF, 0xA6DF, 0xA6DF, 0xA6DF, 0xA6DF,
    0xA6DF, 0xA6DF, 0xA6FF, 0xA6FF, 0xA6FF, 0xA6FF, 0xA6FF, 0xA6FF, 0xA6FF, 0xA6FF, 0xA6DF, 0xA6DF, 0xA6DF, 0xA6DF, 0xA6DF, 0xA6DF,
    0xA6FF, 0xA6FF, 0xA6FF, 0xA6FF, 0xA6FF, 0xA6FF, 0xA6FF, 0xAEFF, 0xAEFF, 0xAEFF, 0xA6FF, 0xA6FF, 0xA6FF, 0xA6DF, 0xA6DF, 0xA6DF,
    0xA6FF, 0xAEFF, 0xBF3F, 0xCF5F, 0xE7BF, 0xF7DF, 0xFFFF, 0xF7FF, 0xF7DF, 0xEFDF, 0xF7DF, 0xF7DF, 0xF7DF, 0xF7DF, 0xF7DF, 0xF7DF,
    0xF7DF, 0xF7DF, 0xF7DF, 0xF7DF, 0xF7DF, 0xF7DF, 0xF7DF, 0xF7DF, 0xF7DF, 0xF7DF, 0xF7DF, 0xF7DF, 0xF7DF, 0xF7DF, 0xF7DF, 0xF7DF,
    0xF7DF, 0xF7DF, 0xF7DF, 0xF7DF, 0xF7DF, 0xF7DF, 0xF7DF, 0xF7DF, 0xF7DF, 0xF7DF, 0xF7DF, 0xF7DF, 0xF7DF, 0xF7DF, 0xF7DF, 0xF7DF,
    0xF7DF, 0xF7DF, 0xF7DF, 0xF7DF, 0xF7DF, 0xF7DF, 0xF7DF, 0xF7DF, 0xF7DF, 0xF7DF, 0xF7DF, 0xF7DF, 0xF7DF, 0xF7DF, 0xF7DF, 0xF7DF,
    0xF7DF, 0xF7DF, 0xF7DF, 0xF7DF, 0xF7DF, 0xEFBF, 0xFFFF, 0x428C, 0x0022, 0x1105, 0x08C5, 0x08C5, 0x10C5, 0x10C5, 0x0883, 0x0883,
    0x0884, 0x0863, 0x0883, 0x08A4, 0x08A4, 0x08A4, 0x08C4, 0x0042, 0x2967, 0xF7BF, 0xF7FF, 0xF7DF, 0xF7DF, 0xF7DF, 0xF7DF, 0xF7DF,
    0xF7DF, 0xF7DF, 0xF7DF, 0xF7DF, 0xF7DF, 0xF7DF, 0xF7DF, 0xF7DF, 0xF7DF, 0xF7DF, 0xF7DF, 0xF7DF, 0xF7DF, 0xF7DF, 0xF7DF, 0xF7DF,
    0xF7DF, 0xF7DF, 0xF7DF, 0xF7DF, 0xF7DF, 0xF7DF, 0xF7DF, 0xF7DF, 0xF7DF, 0xF7DF, 0xF7DF, 0xF7DF, 0xF7DF, 0xF7DF, 0xF7DF, 0xF7DF,
    0xF7DF, 0xF7DF, 0xF7DF, 0xF7DF, 0xF7DF, 0xF7DF, 0xF7DF, 0xF7DF, 0xF7DF, 0xF7DF, 0xF7DF, 0xF7DF, 0xF7DF, 0xF7DF, 0xF7DF, 0xF7DF,
    0xF7DF, 0xF7DF, 0xF7DF, 0xF7DF, 0xF7DF, 0xF7DF, 0xF7DF, 0xF7DF, 0xF7DF, 0xF7DF, 0xF7DF, 0xF7DF, 0xFFFF, 0xF7FF, 0xF7DF, 0xEFBF,
    0xE79F, 0xD77F, 0xCF5F, 0xCF5F, 0xC73F, 0xBF3F, 0xBF3F, 0xBF1F, 0xBF1F, 0xB71F, 0xB71F, 0xB71F, 0xB71F, 0xB71F, 0xB71F, 0xB71F,
    0xB71F, 0xB71F, 0xB71F, 0xB71F, 0xB71F, 0xB71F, 0xB71F, 0xB71F, 0xB71F, 0xB71F, 0xB71F, 0xB71F, 0xB71F, 0xB71F, 0xB71F, 0xB71F,
    0xB71F, 0xB71F, 0xB71F, 0xB71F, 0xB71F, 0xB71F, 0xB71F, 0xB71F, 0xB71F, 0xB71F, 0xB71F, 0xB71F, 0xB71F, 0xB71F, 0xB71F, 0xB71F,
    0xB71F, 0xB71F, 0xB71F, 0xBF3F, 0xBF1F, 0xBF1F, 0xBF1F, 0xB71F, 0xB71F, 0xB71F, 0xB71F, 0xB71F, 0xB71F, 0xB71F, 0xB71F, 0xB71F,
    0xB71F, 0xB71F, 0xB71F, 0xB71F, 0xB71F, 0xB71F, 0xB71F, 0xB71F, 0xBF1F, 0xBF3F, 0xBF3F, 0xC73F, 0xCF5F, 0xCF7F, 0xD77F, 0xE79F,
    0xEFBF, 0xF7DF, 0xF7FF, 0xFFFF, 0xF7DF, 0xF7DF, 0xEFDF, 0xF7DF, 0xF7DF, 0xF7DF, 0xF7DF, 0xF7DF, 0xF7DF, 0xF7DF, 0xF7DF, 0xF7DF,
    0xF7DF, 0xF7DF, 0xF7DF, 0xF7DF, 0xF7DF, 0xF7DF, 0xF7DF, 0xF7DF, 0xF7DF, 0xF7DF, 0xF7DF, 0xF7DF, 0xF7DF, 0xF7DF, 0xF7DF, 0xF7DF,
    0xF7DF, 0xF7DF, 0xF7DF, 0xF7DF, 0xF7DF, 0xF7DF, 0xF7DF, 0xF7DF, 0xF7DF, 0xF7DF, 0xF7DF, 0xF7DF, 0xF7DF, 0xF7DF, 0xF7DF, 0xF7DF,
    0xF7DF, 0xF7DF, 0xF7DF, 0xF7DF, 0xF7DF, 0xF7DF, 0xF7DF, 0xF7DF, 0xF7DF, 0xF7DF, 0xF7DF, 0xF7DF, 0xF7DF, 0xF7DF, 0xF7DF, 0xF7DF,
    0xF7DF, 0xF7DF, 0xF7DF, 0xF7DF, 0xF7DF, 0xF7BF, 0xFFFF, 0x428C, 0x0022, 0x10E5, 0x08C5, 0x08C5, 0x08C5, 0x10C5, 0x0883, 0x0883,
    0x0884, 0x0863, 0x0883, 0x08A4, 0x08A4, 0x08A4, 0x08C4, 0x0042, 0x2967, 0xF7DF, 0xF7DF, 0xF7DF, 0xF7DF, 0xF7DF, 0xF7DF, 0xF7DF,
    0xF7DF, 0xF7DF, 0xF7DF, 0xF7DF, 0xF7DF, 0xF7DF, 0xF7DF, 0xF7DF, 0xF7DF, 0xF7DF, 0xF7DF, 0xF7DF, 0xF7DF, 0xF7DF, 0xF7DF, 0xF7DF,
    0xF7DF, 0xF7DF, 0xF7DF, 0xF7DF, 0xF7DF, 0xF7DF, 0xF7DF, 0xF7DF, 0xF7DF, 0xF7DF, 0xF7DF, 0xF7DF, 0xF7DF, 0xF7DF, 0xF7DF, 0xF7DF,
    0xF7DF, 0xF7DF, 0xF7DF, 0xF7DF, 0xF7DF, 0xF7DF, 0xF7DF, 0xF7DF, 0xF7DF, 0xF7DF, 0xF7DF, 0xF7DF, 0xF7DF, 0xF7DF, 0xF7DF, 0xF7DF,
    0xF7DF, 0xF7DF, 0xF7DF, 0xF7DF, 0xF7DF, 0xF7DF, 0xF7DF, 0xF7DF, 0xF7DF, 0xF7DF, 0xF7DF, 0xF7DF, 0xF7DF, 0xF7DF, 0xF7DF, 0xF7DF,
    0xF7DF, 0xF7DF, 0xF7FF, 0xF7FF, 0xF7FF, 0xF7DF, 0xF7DF, 0xF7DF, 0xF7DF, 0xF7DF, 0xF7DF, 0xF7DF, 0xF7DF, 0xF7DF, 0xF7DF, 0xF7DF,
    0xF7DF, 0xF7DF, 0xF7DF, 0xF7DF, 0xF7DF, 0xF7DF, 0xF7DF, 0xF7DF, 0xF7FF, 0xF7DF, 0xF7DF, 0xF7DF, 0xF7DF, 0xF7FF, 0xF7DF, 0xF7DF,
    0xF7DF, 0xF7FF, 0xF7FF, 0xF7DF, 0xF7DF, 0xF7FF, 0xF7DF, 0xF7DF, 0xF7FF, 0xF7DF, 0xF7FF, 0xF7FF, 0xF7FF, 0xF7DF, 0xF7FF, 0xF7FF,
    0xF7FF, 0xF7DF, 0xF7FF, 0xF7FF, 0xF7DF, 0xF7DF, 0xF7DF, 0xF7DF, 0xF7DF, 0xF7DF, 0xF7DF, 0xF7DF, 0xF7DF, 0xF7DF, 0xF7DF, 0xF7DF,
    0xF7DF, 0xF7DF, 0xF7DF, 0xF7DF, 0xF7DF, 0xF7DF, 0xF7DF, 0xF7DF, 0xF7DF, 0xF7DF, 0xF7DF, 0xF7DF, 0xF7DF, 0xF7FF, 0xF7DF, 0xF7DF,
    0xF7DF, 0xF7DF, 0xF7DF, 0xF7DF, 0xF7DF, 0xF7DF, 0xF7DF, 0xF7DF, 0xF7DF, 0xF7DF, 0xF7DF, 0xF7DF, 0xF7DF, 0xF7DF, 0xF7DF, 0xF7DF,
    0xF7DF, 0xF7DF, 0xF7DF, 0xF7DF, 0xF7DF, 0xF7DF, 0xF7DF, 0xF7DF, 0xF7DF, 0xF7DF, 0xF7DF, 0xF7DF, 0xF7DF, 0xF7DF, 0xF7DF, 0xF7DF,
    0xF7DF, 0xF7DF, 0xF7DF, 0xF7DF, 0xF7DF, 0xF7DF, 0xF7DF, 0xF7DF, 0xF7DF, 0xF7DF, 0xF7DF, 0xF7DF, 0xF7DF, 0xF7DF, 0xF7DF, 0xF7DF,
    0xF7DF, 0xF7DF, 0xF7DF, 0xF7DF, 0xF7DF, 0xF7DF, 0xF7DF, 0xF7DF, 0xF7DF, 0xF7DF, 0xF7DF, 0xF7DF, 0xF7DF, 0xF7DF, 0xF7DF, 0xF7DF,
    0xF7DF, 0xF7DF, 0xF7DF, 0xF7DF, 0xF7DF, 0xEFBF, 0xFFFF, 0x428C, 0x0022, 0x10E5, 0x08C5, 0x08C5, 0x08C5, 0x10C5, 0x0883, 0x0883,
    0x0884, 0x0863, 0x0883, 0x08A4, 0x08A4, 0x08A4, 0x08C4, 0x0042, 0x2967, 0xF7DF, 0xF7DF, 0xF7DF, 0xF7DF, 0xF7DF, 0xF7DF, 0xF7DF,
    0xF7DF, 0xF7DF, 0xF7DF, 0xF7DF, 0xF7DF, 0xF7DF, 0xF7DF, 0xF7DF, 0xF7DF, 0xF7DF, 0xF7DF, 0xF7DF, 0xF7DF, 0xF7DF, 0xF7DF, 0xF7DF,
    0xF7DF, 0xF7DF, 0xF7DF, 0xF7DF, 0xF7DF, 0xF7DF, 0xF7DF, 0xF7DF, 0xF7DF, 0xF7DF, 0xF7DF, 0xF7DF, 0xF7DF, 0xF7DF, 0xF7DF, 0xF7DF,
    0xF7DF, 0xF7DF, 0xF7DF, 0xF7DF, 0xF7DF, 0xF7DF, 0xF7DF, 0xF7DF, 0xF7DF, 0xF7DF, 0xF7DF, 0xF7DF, 0xF7DF, 0xF7DF, 0xF7DF, 0xF7DF,
    0xF7DF, 0xF7DF, 0xF7DF, 0xF7DF, 0xF7DF, 0xF7DF, 0xF7DF, 0xF7DF, 0xF7DF, 0xF7DF, 0xF7DF, 0xF7DF, 0xF7DF, 0xF7DF, 0xF7DF, 0xF7DF,
    0xF7DF, 0xF7DF, 0xF7DF, 0xF7DF, 0xF7DF, 0xF7DF, 0xF7DF, 0xF7DF, 0xF7DF, 0xF7DF, 0xF7DF, 0xF7DF, 0xF7DF, 0xF7DF, 0xF7DF, 0xF7DF,
    0xF7DF, 0xF7DF, 0xF7DF, 0xF7DF, 0xF7DF, 0xF7DF, 0xF7DF, 0xF7DF, 0xF7DF, 0xF7DF, 0xF7DF, 0xF7DF, 0xF7DF, 0xF7DF, 0xF7DF, 0xF7DF,
    0xF7DF, 0xF7DF, 0xF7DF, 0xF7DF, 0xF7DF, 0xF7DF, 0xF7DF, 0xF7DF, 0xEFDF, 0xF7DF, 0xF7DF, 0xF7DF, 0xF7DF, 0xF7DF, 0xF7DF, 0xF7DF,
    0xF7DF, 0xF7DF, 0xF7DF, 0xF7DF, 0xF7DF, 0xF7DF, 0xF7DF, 0xF7DF, 0xF7DF, 0xF7DF, 0xEFDF, 0xEFDF, 0xF7DF, 0xF7DF, 0xF7DF, 0xF7DF,
    0xF7DF, 0xF7DF, 0xEFDF, 0xF7DF, 0xF7DF, 0xF7DF, 0xF7DF, 0xF7DF, 0xF7DF, 0xF7DF, 0xF7DF, 0xF7DF, 0xF7DF, 0xF7DF, 0xF7DF, 0xF7DF,
    0xF7DF, 0xF7DF, 0xF7DF, 0xF7DF, 0xF7DF, 0xF7DF, 0xF7DF, 0xF7DF, 0xF7DF, 0xF7DF, 0xF7DF, 0xF7DF, 0xF7DF, 0xF7DF, 0xF7DF, 0xF7DF,
    0xF7DF, 0xF7DF, 0xF7DF, 0xF7DF, 0xF7DF, 0xF7DF, 0xF7DF, 0xF7DF, 0xF7DF, 0xF7DF, 0xF7DF, 0xF7DF, 0xF7DF, 0xF7DF, 0xF7DF, 0xF7DF,
    0xF7DF, 0xF7DF, 0xF7DF, 0xF7DF, 0xF7DF, 0xF7DF, 0xF7DF, 0xF7DF, 0xF7DF, 0xF7DF, 0xF7DF, 0xF7DF, 0xF7DF, 0xF7DF, 0xF7DF, 0xF7DF,
    0xF7DF, 0xF7DF, 0xF7DF, 0xF7DF, 0xF7DF, 0xF7DF, 0xF7DF, 0xF7DF, 0xF7DF, 0xF7DF, 0xF7DF, 0xF7DF, 0xF7DF, 0xF7DF, 0xF7DF, 0xF7DF,
    0xF7DF, 0xF7DF, 0xF7DF, 0xF7DF, 0xF7DF, 0xEFBF, 0xFFFF, 0x428C, 0x0022, 0x10E5, 0x08C5, 0x08C5, 0x08C4, 0x10C5, 0x0883, 0x0883,
    0x0883, 0x0863, 0x08A3, 0x08A4, 0x08A4, 0x08A4, 0x08C4, 0x0042, 0x2967, 0xF7DF, 0xF7DF, 0xF7DF, 0xF7DF, 0xF7DF, 0xF7DF, 0xF7DF,
    0xF7DF, 0xF7DF, 0xF7DF, 0xF7DF, 0xF7DF, 0xF7DF, 0xF7DF, 0xF7DF, 0xF7DF, 0xF7DF, 0xF7DF, 0xF7DF, 0xF7DF, 0xF7DF, 0xF7DF, 0xF7DF,
    0xF7DF, 0xF7DF, 0xF7DF, 0xF7DF, 0xF7DF, 0xF7DF, 0xF7DF, 0xF7DF, 0xF7DF, 0xF7DF, 0xF7DF, 0xF7DF, 0xF7DF, 0xF7DF, 0xF7DF, 0xF7DF,
    0xF7DF, 0xF7DF, 0xF7DF, 0xF7DF, 0xF7DF, 0xF7DF, 0xF7DF, 0xF7DF, 0xF7DF, 0xF7DF, 0xF7DF, 0xF7DF, 0xF7DF, 0xF7DF, 0xF7DF, 0xF7DF,
    0xF7DF, 0xF7DF, 0xF7DF, 0xF7DF, 0xF7DF, 0xF7DF, 0xF7DF, 0xF7DF, 0xF7DF, 0xF7DF, 0xF7DF, 0xF7DF, 0xF7DF, 0xF7DF, 0xF7DF, 0xF7DF,
    0xF7DF, 0xF7DF, 0xF7DF, 0xF7DF, 0xF7DF, 0xF7DF, 0xF7DF, 0xF7DF, 0xF7DF, 0xF7DF, 0xF7DF, 0xF7DF, 0xF7DF, 0xF7DF, 0xF7DF, 0xF7DF,
    0xF7DF, 0xF7DF, 0xF7DF, 0xF7DF, 0xF7DF, 0xF7DF, 0xF7DF, 0xF7DF, 0xF7DF, 0xF7DF, 0xF7DF, 0xF7DF, 0xF7DF, 0xF7DF, 0xF7DF, 0xF7DF,
    0xF7DF, 0xF7DF, 0xF7DF, 0xF7DF, 0xF7DF, 0xF7DF, 0xF7DF, 0xF7DF, 0xF7DF, 0xF7DF, 0xF7DF, 0xF7DF, 0xF7DF, 0xF7DF, 0xF7DF, 0xF7DF,
    0xF7DF, 0xF7DF, 0xF7DF, 0xF7DF, 0xF7DF, 0xF7DF, 0xF7DF, 0xF7DF, 0xF7DF, 0xF7DF, 0xF7DF, 0xF7DF, 0xF7DF, 0xF7DF, 0xF7DF, 0xF7DF,
    0xF7DF, 0xF7DF, 0xF7DF, 0xF7DF, 0xF7DF, 0xF7DF, 0xF7DF, 0xF7DF, 0xF7DF, 0xF7DF, 0xF7DF, 0xF7DF, 0xF7DF, 0xF7DF, 0xF7DF, 0xF7DF,
    0xF7DF, 0xF7DF, 0xF7DF, 0xF7DF, 0xF7DF, 0xF7DF, 0xF7DF, 0xF7DF, 0xF7DF, 0xF7DF, 0xF7DF, 0xF7DF, 0xF7DF, 0xF7DF, 0xF7DF, 0xF7DF,
    0xF7DF, 0xF7DF, 0xF7DF, 0xF7DF, 0xF7DF, 0xF7DF, 0xF7DF, 0xF7DF, 0xF7DF, 0xF7DF, 0xF7DF, 0xF7DF, 0xF7DF, 0xF7DF, 0xF7DF, 0xF7DF,
    0xF7DF, 0xF7DF, 0xF7DF, 0xF7DF, 0xF7DF, 0xF7DF, 0xF7DF, 0xF7DF, 0xF7DF, 0xF7DF, 0xF7DF, 0xF7DF, 0xF7DF, 0xF7DF, 0xF7DF, 0xF7DF,
    0xF7DF, 0xF7DF, 0xF7DF, 0xF7DF, 0xF7DF, 0xF7DF, 0xF7DF, 0xF7DF, 0xF7DF, 0xF7DF, 0xF7DF, 0xF7DF, 0xF7DF, 0xF7DF, 0xF7DF, 0xF7DF,
    0xF7DF, 0xF7DF, 0xF7DF, 0xF7DF, 0xF7DF, 0xEFBF, 0xFFFF, 0x428C, 0x0022, 0x10E5, 0x08C4, 0x08C5, 0x08C4, 0x10C5, 0x0883, 0x08A3,
    0x0883, 0x0863, 0x0883, 0x08A4, 0x08A4, 0x08A4, 0x08C4, 0x0042, 0x2967, 0xF7BF, 0xF7DF, 0xF7DF, 0xF7DF, 0xF7DF, 0xF7DF, 0xF7DF,
    0xF7DF, 0xF7DF, 0xF7DF, 0xF7DF, 0xF7DF, 0xF7DF, 0xF7DF, 0xF7DF, 0xF7DF, 0xF7DF, 0xF7DF, 0xF7DF, 0xF7DF, 0xF7DF, 0xF7DF, 0xF7DF,
    0xF7DF, 0xF7DF, 0xF7DF, 0xF7DF, 0xF7DF, 0xF7DF, 0xF7DF, 0xF7DF, 0xF7DF, 0xF7DF, 0xF7DF, 0xF7DF, 0xF7DF, 0xF7DF, 0xF7DF, 0xF7DF,
    0xF7DF, 0xF7DF, 0xF7DF, 0xF7DF, 0xF7DF, 0xF7DF, 0xF7DF, 0xF7DF, 0xF7DF, 0xF7DF, 0xF7DF, 0xF7DF, 0xF7DF, 0xF7DF, 0xF7DF, 0xF7DF,
    0xF7DF, 0xF7DF, 0xF7DF, 0xF7DF, 0xF7DF, 0xF7DF, 0xF7DF, 0xF7DF, 0xF7DF, 0xF7DF, 0xF7DF, 0xF7DF, 0xF7DF, 0xF7DF, 0xF7DF, 0xF7DF,
    0xF7DF, 0xF7DF, 0xF7DF, 0xF7DF, 0xF7DF, 0xF7DF, 0xF7DF, 0xF7DF, 0xF7DF, 0xF7DF, 0xF7DF, 0xF7DF, 0xF7DF, 0xF7DF, 0xF7DF, 0xF7DF,
    0xF7DF, 0xF7DF, 0xF7DF, 0xF7DF, 0xF7DF, 0xF7DF, 0xF7DF, 0xF7DF, 0xF7DF, 0xF7DF, 0xF7DF, 0xF7DF, 0xF7DF, 0xF7DF, 0xF7DF, 0xF7DF,
    0xF7DF, 0xF7DF, 0xF7DF, 0xF7DF, 0xF7DF, 0xF7DF, 0xF7DF, 0xF7DF, 0xF7DF, 0xF7DF, 0xF7DF, 0xF7DF, 0xF7DF, 0xF7DF, 0xF7DF, 0xF7DF,
    0xF7DF, 0xF7DF, 0xF7DF, 0xF7DF, 0xF7DF, 0xF7DF, 0xF7DF, 0xF7DF, 0xF7DF, 0xF7DF, 0xF7DF, 0xF7DF, 0xF7DF, 0xF7DF, 0xF7DF, 0xF7DF,
    0xF7DF, 0xF7DF, 0xF7DF, 0xF7DF, 0xF7DF, 0xF7DF, 0xF7DF, 0xF7DF, 0xF7DF, 0xF7DF, 0xF7DF, 0xF7DF, 0xF7DF, 0xF7DF, 0xF7DF, 0xF7DF,
    0xF7DF, 0xF7DF, 0xF7DF, 0xF7DF, 0xF7DF, 0xF7DF, 0xF7DF, 0xF7DF, 0xF7DF, 0xF7DF, 0xF7DF, 0xF7DF, 0xF7DF, 0xF7DF, 0xF7DF, 0xF7DF,
    0xF7DF, 0xF7DF, 0xF7DF, 0xF7DF, 0xF7DF, 0xF7DF, 0xF7DF, 0xF7DF, 0xF7DF, 0xF7DF, 0xF7DF, 0xF7DF, 0xF7DF, 0xF7DF, 0xF7DF, 0xF7DF,
    0xF7DF, 0xF7DF, 0xF7DF, 0xF7DF, 0xF7DF, 0xF7DF, 0xF7DF, 0xF7DF, 0xF7DF, 0xF7DF, 0xF7DF, 0xF7DF, 0xF7DF, 0xF7DF, 0xF7DF, 0xF7DF,
    0xF7DF, 0xF7DF, 0xF7DF, 0xF7DF, 0xF7DF, 0xF7DF, 0xF7DF, 0xF7DF, 0xF7DF, 0xF7DF, 0xF7DF, 0xF7DF, 0xF7DF, 0xF7DF, 0xF7DF, 0xF7DF,
    0xF7DF, 0xF7DF, 0xF7DF, 0xF7DF, 0xF7DF, 0xEFBF, 0xFFFF, 0x42AD, 0x0022, 0x10E5, 0x08C4, 0x08C4, 0x08C5, 0x08C5, 0x0883, 0x08A3,
    0x0883, 0x0863, 0x0883, 0x08A4, 0x08A4, 0x08A4, 0x10C4, 0x0042, 0x2967, 0xF7BF, 0xF7DF, 0xF7DF, 0xF7DF, 0xF7DF, 0xF7DF, 0xF7DF,
    0xF7DF, 0xF7DF, 0xF7DF, 0xF7DF, 0xF7DF, 0xF7DF, 0xF7DF, 0xF7DF, 0xF7DF, 0xF7DF, 0xF7DF, 0xF7DF, 0xF7DF, 0xF7DF, 0xF7DF, 0xF7DF,
    0xF7DF, 0xF7DF, 0xF7DF, 0xF7DF, 0xF7DF, 0xF7DF, 0xF7DF, 0xF7DF, 0xF7DF, 0xF7DF, 0xF7DF, 0xF7DF, 0xF7DF, 0xF7DF, 0xF7DF, 0xF7DF,
    0xF7DF, 0xF7DF, 0xF7DF, 0xF7DF, 0xF7DF, 0xF7DF, 0xF7DF, 0xF7DF, 0xF7DF, 0xF7DF, 0xF7DF, 0xF7DF, 0xF7DF, 0xF7DF, 0xF7DF, 0xF7DF,
    0xF7DF, 0xF7DF, 0xF7DF, 0xF7DF, 0xF7DF, 0xF7DF, 0xF7DF, 0xF7DF, 0xF7DF, 0xF7DF, 0xF7DF, 0xF7DF, 0xF7DF, 0xF7DF, 0xF7DF, 0xF7DF,
    0xF7DF, 0xF7DF, 0xF7DF, 0xF7DF, 0xF7DF, 0xF7DF, 0xF7DF, 0xF7DF, 0xF7DF, 0xF7DF, 0xF7DF, 0xF7DF, 0xF7DF, 0xF7DF, 0xF7DF, 0xF7DF,
    0xF7DF, 0xF7DF, 0xF7DF, 0xF7DF, 0xF7DF, 0xF7DF, 0xF7DF, 0xF7DF, 0xF7DF, 0xF7DF, 0xF7DF, 0xF7DF, 0xF7DF, 0xF7DF, 0xF7DF, 0xF7DF,
    0xF7DF, 0xF7DF, 0xF7DF, 0xF7DF, 0xF7DF, 0xF7DF, 0xF7DF, 0xF7DF, 0xF7DF, 0xF7DF, 0xF7DF, 0xF7DF, 0xF7DF, 0xF7DF, 0xF7DF, 0xF7DF,
    0xF7DF, 0xF7DF, 0xF7DF, 0xF7DF, 0xF7DF, 0xF7DF, 0xF7DF, 0xF7DF, 0xF7DF, 0xF7DF, 0xF7DF, 0xF7DF, 0xF7DF, 0xF7DF, 0xF7DF, 0xF7DF,
    0xF7DF, 0xF7DF, 0xF7DF, 0xF7DF, 0xF7DF, 0xF7DF, 0xF7DF, 0xF7DF, 0xF7DF, 0xF7DF, 0xF7DF, 0xF7DF, 0xF7DF, 0xF7DF, 0xF7DF, 0xF7DF,
    0xF7DF, 0xF7DF, 0xF7DF, 0xF7DF, 0xF7DF, 0xF7DF, 0xF7DF, 0xF7DF, 0xF7DF, 0xF7DF, 0xF7DF, 0xF7DF, 0xF7DF, 0xF7DF, 0xF7DF, 0xF7DF,
    0xF7DF, 0xF7DF, 0xF7DF, 0xF7DF, 0xF7DF, 0xF7DF, 0xF7DF, 0xF7DF, 0xF7DF, 0xF7DF, 0xF7DF, 0xF7DF, 0xF7DF, 0xF7DF, 0xF7DF, 0xF7DF,
    0xF7DF, 0xF7DF, 0xF7DF, 0xF7DF, 0xF7DF, 0xF7DF, 0xF7DF, 0xF7DF, 0xF7DF, 0xF7DF, 0xF7DF, 0xF7DF, 0xF7DF, 0xF7DF, 0xF7DF, 0xF7DF,
    0xF7DF, 0xF7DF, 0xF7DF, 0xF7DF, 0xF7DF, 0xF7DF, 0xF7DF, 0xF7DF, 0xF7DF, 0xF7DF, 0xF7DF, 0xF7DF, 0xF7DF, 0xF7DF, 0xF7DF, 0xF7DF,
    0xF7DF, 0xF7DF, 0xF7DF, 0xF7DF, 0xF7DF, 0xEFBF, 0xFFFF, 0x42AD, 0x0022, 0x10E5, 0x08C4, 0x08C4, 0x08C4, 0x10C5, 0x0883, 0x0883,
    0x0883, 0x0862, 0x0883, 0x08A4, 0x08A4, 0x08A4, 0x10C4, 0x0042, 0x2967, 0xF7BF, 0xF7DF, 0xF7DF, 0xF7DF, 0xF7DF, 0xF7DF, 0xF7DF,
    0xF7DF, 0xF7DF, 0xF7DF, 0xF7DF, 0xF7DF, 0xF7DF, 0xF7DF, 0xF7DF, 0xF7DF, 0xF7DF, 0xF7DF, 0xF7DF, 0xF7DF, 0xF7DF, 0xF7DF, 0xF7DF,
    0xF7DF, 0xF7DF, 0xF7DF, 0xF7DF, 0xF7DF, 0xF7DF, 0xF7DF, 0xF7DF, 0xF7DF, 0xF7DF, 0xF7DF, 0xF7DF, 0xF7DF, 0xF7DF, 0xF7DF, 0xF7DF,
    0xF7DF, 0xF7DF, 0xF7DF, 0xF7DF, 0xF7DF, 0xF7DF, 0xF7DF, 0xF7DF, 0xF7DF, 0xF7DF, 0xF7DF, 0xF7DF, 0xF7DF, 0xF7DF, 0xF7DF, 0xF7DF,
    0xF7DF, 0xF7DF, 0xF7DF, 0xF7DF, 0xF7DF, 0xF7DF, 0xF7DF, 0xF7DF, 0xF7DF, 0xF7DF, 0xF7DF, 0xF7DF, 0xF7DF, 0xF7DF, 0xF7DF, 0xF7DF,
    0xF7DF, 0xF7DF, 0xF7DF, 0xF7DF, 0xF7DF, 0xF7DF, 0xF7DF, 0xF7DF, 0xF7DF, 0xF7DF, 0xF7DF, 0xF7DF, 0xF7DF, 0xF7DF, 0xF7DF, 0xF7DF,
    0xF7DF, 0xF7DF, 0xF7DF, 0xF7DF, 0xF7DF, 0xF7DF, 0xF7DF, 0xF7DF, 0xF7DF, 0xF7DF, 0xF7DF, 0xF7DF, 0xF7DF, 0xF7DF, 0xF7DF, 0xF7DF,
    0xF7DF, 0xF7DF, 0xF7DF, 0xF7DF, 0xF7DF, 0xF7DF, 0xF7DF, 0xF7DF, 0xF7DF, 0xF7DF, 0xF7DF, 0xF7DF, 0xF7DF, 0xF7DF, 0xF7DF, 0xF7DF,
    0xF7DF, 0xF7DF, 0xF7DF, 0xF7DF, 0xF7DF, 0xF7DF, 0xF7DF, 0xF7DF, 0xF7DF, 0xF7DF, 0xF7DF, 0xF7DF, 0xF7DF, 0xF7DF, 0xF7DF, 0xF7DF,
    0xF7DF, 0xF7DF, 0xF7DF, 0xF7DF, 0xF7DF, 0xF7DF, 0xF7DF, 0xF7DF, 0xF7DF, 0xF7DF, 0xF7DF, 0xF7DF, 0xF7DF, 0xF7DF, 0xF7DF, 0xF7DF,
    0xF7DF, 0xF7DF, 0xF7DF, 0xF7DF, 0xF7DF, 0xF7DF, 0xF7DF, 0xF7DF, 0xF7DF, 0xF7DF, 0xF7DF, 0xF7DF, 0xF7DF, 0xF7DF, 0xF7DF, 0xF7DF,
    0xF7DF, 0xF7DF, 0xF7DF, 0xF7DF, 0xF7DF, 0xF7DF, 0xF7DF, 0xF7DF, 0xF7DF, 0xF7DF, 0xF7DF, 0xF7DF, 0xF7DF, 0xF7DF, 0xF7DF, 0xF7DF,
    0xF7DF, 0xF7DF, 0xF7DF, 0xF7DF, 0xF7DF, 0xF7DF, 0xF7DF, 0xF7DF, 0xF7DF, 0xF7DF, 0xF7DF, 0xF7DF, 0xF7DF, 0xF7DF, 0xF7DF, 0xF7DF,
    0xF7DF, 0xF7DF, 0xF7DF, 0xF7DF, 0xF7DF, 0xF7DF, 0xF7DF, 0xF7DF, 0xF7DF, 0xF7DF, 0xF7DF, 0xF7DF, 0xF7DF, 0xF7DF, 0xF7DF, 0xF7DF,
    0xF7DF, 0xF7DF, 0xF7DF, 0xF7DF, 0xF7DF, 0xEFBF, 0xFFFF, 0x42AD, 0x0022, 0x10E5, 0x08C4, 0x08C4, 0x08C4, 0x10C5, 0x0883, 0x0883,
    0x0883, 0x0863, 0x0883, 0x08A4, 0x08A4, 0x08A4, 0x08C4, 0x0042, 0x2967, 0xF7BF, 0xF7DF, 0xF7DF, 0xF7DF, 0xF7DF, 0xF7DF, 0xF7DF,
    0xF7DF, 0xF7DF, 0xF7DF, 0xF7DF, 0xF7DF, 0xF7DF, 0xF7DF, 0xF7DF, 0xF7DF, 0xF7DF, 0xF7DF, 0xF7DF, 0xF7DF, 0xF7DF, 0xF7DF, 0xF7DF,
    0xF7DF, 0xF7DF, 0xF7DF, 0xF7DF, 0xF7DF, 0xF7DF, 0xF7DF, 0xF7DF, 0xF7DF, 0xF7DF, 0xF7DF, 0xF7DF, 0xF7DF, 0xF7DF, 0xF7DF, 0xF7DF,
    0xF7DF, 0xF7DF, 0xF7DF, 0xF7DF, 0xF7DF, 0xF7DF, 0xF7DF, 0xF7DF, 0xF7DF, 0xF7DF, 0xF7DF, 0xF7DF, 0xF7DF, 0xF7DF, 0xF7DF, 0xF7DF,
    0xF7DF, 0xF7DF, 0xF7DF, 0xF7DF, 0xF7DF, 0xF7DF, 0xF7DF, 0xF7DF, 0xF7DF, 0xF7DF, 0xF7DF, 0xF7DF, 0xF7DF, 0xF7DF, 0xF7DF, 0xF7DF,
    0xF7DF, 0xF7DF, 0xF7DF, 0xF7DF, 0xF7DF, 0xF7DF, 0xF7DF, 0xF7DF, 0xF7DF, 0xF7DF, 0xF7DF, 0xF7DF, 0xF7DF, 0xF7DF, 0xF7DF, 0xF7DF,
    0xF7DF, 0xF7DF, 0xF7DF, 0xF7DF, 0xF7DF, 0xF7DF, 0xF7DF, 0xF7DF, 0xF7DF, 0xF7DF, 0xF7DF, 0xF7DF, 0xF7DF, 0xF7DF, 0xF7DF, 0xF7DF,
    0xF7DF, 0xF7DF, 0xF7DF, 0xF7DF, 0xF7DF, 0xF7DF, 0xF7DF, 0xF7DF, 0xF7DF, 0xF7DF, 0xF7DF, 0xF7DF, 0xF7DF, 0xF7DF, 0xF7DF, 0xF7DF,
    0xF7DF, 0xF7DF, 0xF7DF, 0xF7DF, 0xF7DF, 0xF7DF, 0xF7DF, 0xF7DF, 0xF7DF, 0xF7DF, 0xF7DF, 0xF7DF, 0xF7DF, 0xF7DF, 0xF7DF, 0xF7DF,
    0xF7DF, 0xF7DF, 0xF7DF, 0xF7DF, 0xF7DF, 0xF7DF, 0xF7DF, 0xF7DF, 0xF7DF, 0xF7DF, 0xF7DF, 0xF7DF, 0xF7DF, 0xF7DF, 0xF7DF, 0xF7DF,
    0xF7DF, 0xF7DF, 0xF7DF, 0xF7DF, 0xF7DF, 0xF7DF, 0xF7DF, 0xF7DF, 0xF7DF, 0xF7DF, 0xF7DF, 0xF7DF, 0xF7DF, 0xF7DF, 0xF7DF, 0xF7DF,
    0xF7DF, 0xF7DF, 0xF7DF, 0xF7DF, 0xF7DF, 0xF7DF, 0xF7DF, 0xF7DF, 0xF7DF, 0xF7DF, 0xF7DF, 0xF7DF, 0xF7DF, 0xF7DF, 0xF7DF, 0xF7DF,
    0xF7DF, 0xF7DF, 0xF7DF, 0xF7DF, 0xF7DF, 0xF7DF, 0xF7DF, 0xF7DF, 0xF7DF, 0xF7DF, 0xF7DF, 0xF7DF, 0xF7DF, 0xF7DF, 0xF7DF, 0xF7DF,
    0xF7DF, 0xF7DF, 0xF7DF, 0xF7DF, 0xF7DF, 0xF7DF, 0xF7DF, 0xF7DF, 0xF7DF, 0xF7DF, 0xF7DF, 0xF7DF, 0xF7DF, 0xF7DF, 0xF7DF, 0xF7DF,
    0xF7DF, 0xF7DF, 0xF7DF, 0xF7DF, 0xF7DF, 0xEFBF, 0xFFFF, 0x42AD, 0x0022, 0x10E5, 0x08C4, 0x08C4, 0x08C4, 0x10C5, 0x0883, 0x0883,
    0x0883, 0x0863, 0x0883, 0x08A4, 0x08A4, 0x08A4, 0x10C4, 0x0042, 0x2967, 0xF7BF, 0xF7DF, 0xF7DF, 0xF7DF, 0xF7DF, 0xF7DF, 0xF7DF,
    0xF7DF, 0xF7DF, 0xF7DF, 0xF7DF, 0xF7DF, 0xF7DF, 0xF7DF, 0xF7DF, 0xF7DF, 0xF7DF, 0xF7DF, 0xF7DF, 0xF7DF, 0xF7DF, 0xF7DF, 0xF7DF,
    0xF7DF, 0xF7DF, 0xF7DF, 0xF7DF, 0xF7DF, 0xF7DF, 0xF7DF, 0xF7DF, 0xF7DF, 0xF7DF, 0xF7DF, 0xF7DF, 0xF7DF, 0xF7DF, 0xF7DF, 0xF7DF,
    0xF7DF, 0xF7DF, 0xF7DF, 0xF7DF, 0xF7DF, 0xF7DF, 0xF7DF, 0xF7DF, 0xF7DF, 0xF7DF, 0xF7DF, 0xF7DF, 0xF7DF, 0xF7DF, 0xF7DF, 0xF7DF,
    0xF7DF, 0xF7DF, 0xF7DF, 0xF7DF, 0xF7DF, 0xF7DF, 0xF7DF, 0xF7DF, 0xF7DF, 0xF7DF, 0xF7DF, 0xF7DF, 0xF7DF, 0xF7DF, 0xF7DF, 0xF7DF,
    0xF7DF, 0xF7DF, 0xF7DF, 0xF7DF, 0xF7DF, 0xF7DF, 0xF7DF, 0xF7DF, 0xF7DF, 0xF7DF, 0xF7DF, 0xF7DF, 0xF7DF, 0xF7DF, 0xF7DF, 0xF7DF,
    0xF7DF, 0xF7DF, 0xF7DF, 0xF7DF, 0xF7DF, 0xF7DF, 0xF7DF, 0xF7DF, 0xF7DF, 0xF7DF, 0xF7DF, 0xF7DF, 0xF7DF, 0xF7DF, 0xF7DF, 0xF7DF,
    0xF7DF, 0xF7DF, 0xF7DF, 0xF7DF, 0xF7DF, 0xF7DF, 0xF7DF, 0xF7DF, 0xF7DF, 0xF7DF, 0xF7DF, 0xF7DF, 0xF7DF, 0xF7DF, 0xF7DF, 0xF7DF,
    0xF7DF, 0xF7DF, 0xF7DF, 0xF7DF, 0xF7DF, 0xF7DF, 0xF7DF, 0xF7DF, 0xF7DF, 0xF7DF, 0xF7DF, 0xF7DF, 0xF7DF, 0xF7DF, 0xF7DF, 0xF7DF,
    0xF7DF, 0xF7DF, 0xF7DF, 0xF7DF, 0xF7DF, 0xF7DF, 0xF7DF, 0xF7DF, 0xF7DF, 0xF7DF, 0xF7DF, 0xF7DF, 0xF7DF, 0xF7DF, 0xF7DF, 0xF7DF,
    0xF7DF, 0xF7DF, 0xF7DF, 0xF7DF, 0xF7DF, 0xF7DF, 0xF7DF, 0xF7DF, 0xF7DF, 0xF7DF, 0xF7DF, 0xF7DF, 0xF7DF, 0xF7DF, 0xF7DF, 0xF7DF,
    0xF7DF, 0xF7DF, 0xF7DF, 0xF7DF, 0xF7DF, 0xF7DF, 0xF7DF, 0xF7DF, 0xF7DF, 0xF7DF, 0xF7DF, 0xF7DF, 0xF7DF, 0xF7DF, 0xF7DF, 0xF7DF,
    0xF7DF, 0xF7DF, 0xF7DF, 0xF7DF, 0xF7DF, 0xF7DF, 0xF7DF, 0xF7DF, 0xF7DF, 0xF7DF, 0xF7DF, 0xF7DF, 0xF7DF, 0xF7DF, 0xF7DF, 0xF7DF,
    0xF7DF, 0xF7DF, 0xF7DF, 0xF7DF, 0xF7DF, 0xF7DF, 0xF7DF, 0xF7DF, 0xF7DF, 0xF7DF, 0xF7DF, 0xF7DF, 0xF7DF, 0xF7DF, 0xF7DF, 0xF7DF,
    0xF7DF, 0xF7DF, 0xF7DF, 0xF7DF, 0xF7DF, 0xEFBF, 0xFFFF, 0x42AD, 0x0022, 0x10E5, 0x08C4, 0x08C4, 0x08C4, 0x10C4, 0x0883, 0x0883,
    0x0883, 0x0863, 0x0883, 0x08A4, 0x08A4, 0x08A4, 0x08C4, 0x0042, 0x2967, 0xF7BF, 0xF7DF, 0xF7DF, 0xF7DF, 0xF7DF, 0xF7DF, 0xF7DF,
    0xF7DF, 0xF7DF, 0xF7DF, 0xF7DF, 0xF7DF, 0xF7DF, 0xF7DF, 0xF7DF, 0xF7DF, 0xF7DF, 0xF7DF, 0xF7DF, 0xF7DF, 0xF7DF, 0xF7DF, 0xF7DF,
    0xF7DF, 0xF7DF, 0xF7DF, 0xF7DF, 0xF7DF, 0xF7DF, 0xF7DF, 0xF7DF, 0xF7DF, 0xF7DF, 0xF7DF, 0xF7DF, 0xF7DF, 0xF7DF, 0xF7DF, 0xF7DF,
    0xF7DF, 0xF7DF, 0xF7DF, 0xF7DF, 0xF7DF, 0xF7DF, 0xF7DF, 0xF7DF, 0xF7DF, 0xF7DF, 0xF7DF, 0xF7DF, 0xF7DF, 0xF7DF, 0xF7DF, 0xF7DF,
    0xF7DF, 0xF7DF, 0xF7DF, 0xF7DF, 0xF7DF, 0xF7DF, 0xF7DF, 0xF7DF, 0xF7DF, 0xF7DF, 0xF7DF, 0xF7DF, 0xF7DF, 0xF7DF, 0xF7DF, 0xF7DF,
    0xF7DF, 0xF7DF, 0xF7DF, 0xF7DF, 0xF7DF, 0xF7DF, 0xF7DF, 0xF7DF, 0xF7DF, 0xF7DF, 0xF7DF, 0xF7DF, 0xF7DF, 0xF7DF, 0xF7DF, 0xF7DF,
    0xF7DF, 0xF7DF, 0xF7DF, 0xF7DF, 0xF7DF, 0xF7DF, 0xF7DF, 0xF7DF, 0xF7DF, 0xF7DF, 0xF7DF, 0xF7DF, 0xF7DF, 0xF7DF, 0xF7DF, 0xF7DF,
    0xF7DF, 0xF7DF, 0xF7DF, 0xF7DF, 0xF7DF, 0xF7DF, 0xF7DF, 0xF7DF, 0xF7DF, 0xF7DF, 0xF7DF, 0xF7DF, 0xF7DF, 0xF7DF, 0xF7DF, 0xF7DF,
    0xF7DF, 0xF7DF, 0xF7DF, 0xF7DF, 0xF7DF, 0xF7DF, 0xF7DF, 0xF7DF, 0xF7DF, 0xF7DF, 0xF7DF, 0xF7DF, 0xF7DF, 0xF7DF, 0xF7DF, 0xF7DF,
    0xF7DF, 0xF7DF, 0xF7DF, 0xF7DF, 0xF7DF, 0xF7DF, 0xF7DF, 0xF7DF, 0xF7DF, 0xF7DF, 0xF7DF, 0xF7DF, 0xF7DF, 0xF7DF, 0xF7DF, 0xF7DF,
    0xF7DF, 0xF7DF, 0xF7DF, 0xF7DF, 0xF7DF, 0xF7DF, 0xF7DF, 0xF7DF, 0xF7DF, 0xF7DF, 0xF7DF, 0xF7DF, 0xF7DF, 0xF7DF, 0xF7DF, 0xF7DF,
    0xF7DF, 0xF7DF, 0xF7DF, 0xF7DF, 0xF7DF, 0xF7DF, 0xF7DF, 0xF7DF, 0xF7DF, 0xF7DF, 0xF7DF, 0xF7DF, 0xF7DF, 0xF7DF, 0xF7DF, 0xF7DF,
    0xF7DF, 0xF7DF, 0xF7DF, 0xF7DF, 0xF7DF, 0xF7DF, 0xF7DF, 0xF7DF, 0xF7DF, 0xF7DF, 0xF7DF, 0xF7DF, 0xF7DF, 0xF7DF, 0xF7DF, 0xF7DF,
    0xF7DF, 0xF7DF, 0xF7DF, 0xF7DF, 0xF7DF, 0xF7DF, 0xF7DF, 0xF7DF, 0xF7DF, 0xF7DF, 0xF7DF, 0xF7DF, 0xF7DF, 0xF7DF, 0xF7DF, 0xF7DF,
    0xF7DF, 0xF7DF, 0xF7DF, 0xF7DF, 0xF7DF, 0xEFBF, 0xFFFF, 0x428D, 0x0022, 0x10E5, 0x08C4, 0x08C4, 0x08C4, 0x08C4, 0x0883, 0x0883,
    0x0883, 0x0883, 0x0883, 0x08A4, 0x08A4, 0x08A4, 0x08C4, 0x0042, 0x2967, 0xF7BF, 0xF7DF, 0xF7DF, 0xF7DF, 0xF7DF, 0xF7DF, 0xF7DF,
    0xF7DF, 0xF7DF, 0xF7DF, 0xF7DF, 0xF7DF, 0xF7DF, 0xF7DF, 0xF7DF, 0xF7DF, 0xF7DF, 0xF7DF, 0xF7DF, 0xF7DF, 0xF7DF, 0xF7DF, 0xF7DF,
    0xF7DF, 0xF7DF, 0xF7DF, 0xF7DF, 0xF7DF, 0xF7DF, 0xF7DF, 0xF7DF, 0xF7DF, 0xF7DF, 0xF7DF, 0xF7DF, 0xF7DF, 0xF7DF, 0xF7DF, 0xF7DF,
    0xF7DF, 0xF7DF, 0xF7DF, 0xF7DF, 0xF7DF, 0xF7DF, 0xF7DF, 0xF7DF, 0xF7DF, 0xF7DF, 0xF7DF, 0xF7DF, 0xF7DF, 0xF7DF, 0xF7DF, 0xF7DF,
    0xF7DF, 0xF7DF, 0xF7DF, 0xF7DF, 0xF7DF, 0xF7DF, 0xF7DF, 0xF7DF, 0xF7DF, 0xF7DF, 0xF7DF, 0xF7DF, 0xF7DF, 0xF7DF, 0xF7DF, 0xF7DF,
    0xF7DF, 0xF7DF, 0xF7DF, 0xF7DF, 0xF7DF, 0xF7DF, 0xF7DF, 0xF7DF, 0xF7DF, 0xF7DF, 0xF7DF, 0xF7DF, 0xF7DF, 0xF7DF, 0xF7DF, 0xF7DF,
    0xF7DF, 0xF7DF, 0xF7DF, 0xF7DF, 0xF7DF, 0xF7DF, 0xF7DF, 0xF7DF, 0xF7DF, 0xF7DF, 0xF7DF, 0xF7DF, 0xF7DF, 0xF7DF, 0xF7DF, 0xF7DF,
    0xF7DF, 0xF7DF, 0xF7DF, 0xF7DF, 0xF7DF, 0xF7DF, 0xF7DF, 0xF7DF, 0xF7DF, 0xF7DF, 0xF7DF, 0xF7DF, 0xF7DF, 0xF7DF, 0xF7DF, 0xF7DF,
    0xF7DF, 0xF7DF, 0xF7DF, 0xF7DF, 0xF7DF, 0xF7DF, 0xF7DF, 0xF7DF, 0xF7DF, 0xF7DF, 0xF7DF, 0xF7DF, 0xF7DF, 0xF7DF, 0xF7DF, 0xF7DF,
    0xF7DF, 0xF7DF, 0xF7DF, 0xF7DF, 0xF7DF, 0xF7DF, 0xF7DF, 0xF7DF, 0xF7DF, 0xF7DF, 0xF7DF, 0xF7DF, 0xF7DF, 0xF7DF, 0xF7DF, 0xF7DF,
    0xF7DF, 0xF7DF, 0xF7DF, 0xF7DF, 0xF7DF, 0xF7DF, 0xF7DF, 0xF7DF, 0xF7DF, 0xF7DF, 0xF7DF, 0xF7DF, 0xF7DF, 0xF7DF, 0xF7DF, 0xF7DF,
    0xF7DF, 0xF7DF, 0xF7DF, 0xF7DF, 0xF7DF, 0xF7DF, 0xF7DF, 0xF7DF, 0xF7DF, 0xF7DF, 0xF7DF, 0xF7DF, 0xF7DF, 0xF7DF, 0xF7DF, 0xF7DF,
    0xF7DF, 0xF7DF, 0xF7DF, 0xF7DF, 0xF7DF, 0xF7DF, 0xF7DF, 0xF7DF, 0xF7DF, 0xF7DF, 0xF7DF, 0xF7DF, 0xF7DF, 0xF7DF, 0xF7DF, 0xF7DF,
    0xF7DF, 0xF7DF, 0xF7DF, 0xF7DF, 0xF7DF, 0xF7DF, 0xF7DF, 0xF7DF, 0xF7DF, 0xF7DF, 0xF7DF, 0xF7DF, 0xF7DF, 0xF7DF, 0xF7DF, 0xF7DF,
    0xF7DF, 0xF7DF, 0xF7DF, 0xF7DF, 0xF7DF, 0xEFBF, 0xFFFF, 0x428C, 0x0022, 0x10E5, 0x08C4, 0x08C4, 0x08C4, 0x08C4, 0x0863, 0x0883,
    0x0883, 0x0863, 0x0883, 0x08A4, 0x08A4, 0x08A4, 0x08C4, 0x0042, 0x2967, 0xF7BF, 0xF7DF, 0xF7DF, 0xF7DF, 0xF7DF, 0xF7DF, 0xF7DF,
    0xF7DF, 0xF7DF, 0xF7DF, 0xF7DF, 0xF7DF, 0xF7DF, 0xF7DF, 0xF7DF, 0xF7DF, 0xF7DF, 0xF7DF, 0xF7DF, 0xF7DF, 0xF7DF, 0xF7DF, 0xF7DF,
    0xF7DF, 0xF7DF, 0xF7DF, 0xF7DF, 0xF7DF, 0xF7DF, 0xF7DF, 0xF7DF, 0xF7DF, 0xF7DF, 0xF7DF, 0xF7DF, 0xF7DF, 0xF7DF, 0xF7DF, 0xF7DF,
    0xF7DF, 0xF7DF, 0xF7DF, 0xF7DF, 0xF7DF, 0xF7DF, 0xF7DF, 0xF7DF, 0xF7DF, 0xF7DF, 0xF7DF, 0xF7DF, 0xF7DF, 0xF7DF, 0xF7DF, 0xF7DF,
    0xF7DF, 0xF7DF, 0xF7DF, 0xF7DF, 0xF7DF, 0xF7DF, 0xF7DF, 0xF7DF, 0xF7DF, 0xF7DF, 0xF7DF, 0xF7DF, 0xF7DF, 0xF7DF, 0xF7DF, 0xF7DF,
    0xF7DF, 0xF7DF, 0xF7DF, 0xF7DF, 0xF7DF, 0xF7DF, 0xF7DF, 0xF7DF, 0xF7DF, 0xF7DF, 0xF7DF, 0xF7DF, 0xF7DF, 0xF7DF, 0xF7DF, 0xF7DF,
    0xF7DF, 0xF7DF, 0xF7DF, 0xF7DF, 0xF7DF, 0xF7DF, 0xF7DF, 0xF7DF, 0xF7DF, 0xF7DF, 0xF7DF, 0xF7DF, 0xF7DF, 0xF7DF, 0xF7DF, 0xF7DF,
    0xF7DF, 0xF7DF, 0xF7DF, 0xF7DF, 0xF7DF, 0xF7DF, 0xF7DF, 0xF7DF, 0xF7DF, 0xF7DF, 0xF7DF, 0xF7DF, 0xF7DF, 0xF7DF, 0xF7DF, 0xF7DF,
    0xF7DF, 0xF7DF, 0xF7DF, 0xF7DF, 0xF7DF, 0xF7DF, 0xF7DF, 0xF7DF, 0xF7DF, 0xF7DF, 0xF7DF, 0xF7DF, 0xF7DF, 0xF7DF, 0xF7DF, 0xF7DF,
    0xF7DF, 0xF7DF, 0xF7DF, 0xF7DF, 0xF7DF, 0xF7DF, 0xF7DF, 0xF7DF, 0xF7DF, 0xF7DF, 0xF7DF, 0xF7DF, 0xF7DF, 0xF7DF, 0xF7DF, 0xF7DF,
    0xF7DF, 0xF7DF, 0xF7DF, 0xF7DF, 0xF7DF, 0xF7DF, 0xF7DF, 0xF7DF, 0xF7DF, 0xF7DF, 0xF7DF, 0xF7DF, 0xF7DF, 0xF7DF, 0xF7DF, 0xF7DF,
    0xF7DF, 0xF7DF, 0xF7DF, 0xF7DF, 0xF7DF, 0xF7DF, 0xF7DF, 0xF7DF, 0xF7DF, 0xF7DF, 0xF7DF, 0xF7DF, 0xF7DF, 0xF7DF, 0xF7DF, 0xF7DF,
    0xF7DF, 0xF7DF, 0xF7DF, 0xF7DF, 0xF7DF, 0xF7DF, 0xF7DF, 0xF7DF, 0xF7DF, 0xF7DF, 0xF7DF, 0xF7DF, 0xF7DF, 0xF7DF, 0xF7DF, 0xF7DF,
    0xF7DF, 0xF7DF, 0xF7DF, 0xF7DF, 0xF7DF, 0xF7DF, 0xF7DF, 0xF7DF, 0xF7DF, 0xF7DF, 0xF7DF, 0xF7DF, 0xF7DF, 0xF7DF, 0xF7DF, 0xF7DF,
    0xF7DF, 0xF7DF, 0xF7DF, 0xF7DF, 0xF7DF, 0xEFBF, 0xFFFF, 0x428C, 0x0022, 0x10E5, 0x08C5, 0x08C5, 0x08C4, 0x10C5, 0x0883, 0x0883,
    0x0883, 0x0863, 0x0883, 0x08A4, 0x08A4, 0x08A4, 0x08A4, 0x0042, 0x2967, 0xF7BF, 0xF7DF, 0xF7DF, 0xF7DF, 0xF7DF, 0xF7DF, 0xF7DF,
    0xF7DF, 0xF7DF, 0xF7DF, 0xF7DF, 0xF7DF, 0xF7DF, 0xF7DF, 0xF7DF, 0xF7DF, 0xF7DF, 0xF7DF, 0xF7DF, 0xF7DF, 0xF7DF, 0xF7DF, 0xF7DF,
    0xF7DF, 0xF7DF, 0xF7DF, 0xF7DF, 0xF7DF, 0xF7DF, 0xF7DF, 0xF7DF, 0xF7DF, 0xF7DF, 0xF7DF, 0xF7DF, 0xF7DF, 0xF7DF, 0xF7DF, 0xF7DF,
    0xF7DF, 0xF7DF, 0xF7DF, 0xF7DF, 0xF7DF, 0xF7DF, 0xF7DF, 0xF7DF, 0xF7DF, 0xF7DF, 0xF7DF, 0xF7DF, 0xF7DF, 0xF7DF, 0xF7DF, 0xF7DF,
    0xF7DF, 0xF7DF, 0xF7DF, 0xF7DF, 0xF7DF, 0xF7DF, 0xF7DF, 0xF7DF, 0xF7DF, 0xF7DF, 0xF7DF, 0xF7DF, 0xF7DF, 0xF7DF, 0xF7DF, 0xF7DF,
    0xF7DF, 0xF7DF, 0xF7DF, 0xF7DF, 0xF7DF, 0xF7DF, 0xF7DF, 0xF7DF, 0xF7DF, 0xF7DF, 0xF7DF, 0xF7DF, 0xF7DF, 0xF7DF, 0xF7DF, 0xF7DF,
    0xF7DF, 0xF7DF, 0xF7DF, 0xF7DF, 0xF7DF, 0xF7DF, 0xF7DF, 0xF7DF, 0xF7DF, 0xF7DF, 0xF7DF, 0xF7DF, 0xF7DF, 0xF7DF, 0xF7DF, 0xF7DF,
    0xF7DF, 0xF7DF, 0xF7DF, 0xF7DF, 0xF7DF, 0xF7DF, 0xF7DF, 0xF7DF, 0xF7DF, 0xF7DF, 0xF7DF, 0xF7DF, 0xF7DF, 0xF7DF, 0xF7DF, 0xF7DF,
    0xF7DF, 0xF7DF, 0xF7DF, 0xF7DF, 0xF7DF, 0xF7DF, 0xF7DF, 0xF7DF, 0xF7DF, 0xF7DF, 0xF7DF, 0xF7DF, 0xF7DF, 0xF7DF, 0xF7DF, 0xF7DF,
    0xF7DF, 0xF7DF, 0xF7DF, 0xF7DF, 0xF7DF, 0xF7DF, 0xF7DF, 0xF7DF, 0xF7DF, 0xF7DF, 0xF7DF, 0xF7DF, 0xF7DF, 0xF7DF, 0xF7DF, 0xF7DF,
    0xF7DF, 0xF7DF, 0xF7DF, 0xF7DF, 0xF7DF, 0xF7DF, 0xF7DF, 0xF7DF, 0xF7DF, 0xF7DF, 0xF7DF, 0xF7DF, 0xF7DF, 0xF7DF, 0xF7DF, 0xF7DF,
    0xF7DF, 0xF7DF, 0xF7DF, 0xF7DF, 0xF7DF, 0xF7DF, 0xF7DF, 0xF7DF, 0xF7DF, 0xF7DF, 0xF7DF, 0xF7DF, 0xF7DF, 0xF7DF, 0xF7DF, 0xF7DF,
    0xF7DF, 0xF7DF, 0xF7DF, 0xF7DF, 0xF7DF, 0xF7DF, 0xF7DF, 0xF7DF, 0xF7DF, 0xF7DF, 0xF7DF, 0xF7DF, 0xF7DF, 0xF7DF, 0xF7DF, 0xF7DF,
    0xF7DF, 0xF7DF, 0xF7DF, 0xF7DF, 0xF7DF, 0xF7DF, 0xF7DF, 0xF7DF, 0xF7DF, 0xF7DF, 0xF7DF, 0xF7DF, 0xF7DF, 0xF7DF, 0xF7DF, 0xF7DF,
    0xF7DF, 0xF7DF, 0xF7DF, 0xF7DF, 0xF7DF, 0xEFBF, 0xFFFF, 0x428C, 0x0022, 0x10E5, 0x08C5, 0x08C5, 0x08C4, 0x10C5, 0x0883, 0x0883,
    0x0883, 0x0863, 0x0883, 0x08A4, 0x08A4, 0x08A4, 0x08C4, 0x0042, 0x2987, 0xF7DF, 0xF7DF, 0xF7DF, 0xF7DF, 0xF7DF, 0xF7DF, 0xF7DF,
    0xF7DF, 0xF7DF, 0xF7DF, 0xF7DF, 0xF7DF, 0xF7DF, 0xF7DF, 0xF7DF, 0xF7DF, 0xF7DF, 0xF7DF, 0xF7DF, 0xF7DF, 0xF7DF, 0xF7DF, 0xF7DF,
    0xF7DF, 0xF7DF, 0xF7DF, 0xF7DF, 0xF7DF, 0xF7DF, 0xF7DF, 0xF7DF, 0xF7DF, 0xF7DF, 0xF7DF, 0xF7DF, 0xF7DF, 0xF7DF, 0xF7DF, 0xF7DF,
    0xF7DF, 0xF7DF, 0xF7DF, 0xF7DF, 0xF7DF, 0xF7DF, 0xF7DF, 0xF7DF, 0xF7DF, 0xF7DF, 0xF7DF, 0xF7DF, 0xF7DF, 0xF7DF, 0xF7DF, 0xF7DF,
    0xF7DF, 0xF7DF, 0xF7DF, 0xF7DF, 0xF7DF, 0xF7DF, 0xF7DF, 0xF7DF, 0xF7DF, 0xF7DF, 0xF7DF, 0xF7DF, 0xF7DF, 0xF7DF, 0xF7DF, 0xF7DF,
    0xF7DF, 0xF7DF, 0xF7DF, 0xF7DF, 0xF7DF, 0xF7DF, 0xF7DF, 0xF7DF, 0xF7DF, 0xF7DF, 0xF7DF, 0xF7DF, 0xF7DF, 0xF7DF, 0xEFBF, 0xEFBF,
    0xF7DF, 0xF7DF, 0xF7DF, 0xF7DF, 0xF7DF, 0xF7DF, 0xF7DF, 0xF7DF, 0xF7DF, 0xF7DF, 0xF7DF, 0xF7DF, 0xF7DF, 0xF7DF, 0xF7DF, 0xF7DF,
    0xF7DF, 0xF7DF, 0xF7DF, 0xF7DF, 0xF7DF, 0xF7DF, 0xF7DF, 0xF7DF, 0xF7DF, 0xF7DF, 0xF7DF, 0xF7DF, 0xF7DF, 0xEFBF, 0xEFBF, 0xF7DF,
    0xF7DF, 0xF7DF, 0xF7DF, 0xF7DF, 0xF7DF, 0xF7DF, 0xF7DF, 0xF7DF, 0xF7DF, 0xF7DF, 0xEFBF, 0xEFBF, 0xF7DF, 0xF7DF, 0xF7DF, 0xF7DF,
    0xF7DF, 0xF7DF, 0xF7DF, 0xF7DF, 0xF7DF, 0xF7DF, 0xF7DF, 0xF7DF, 0xF7DF, 0xF7DF, 0xF7DF, 0xF7DF, 0xF7DF, 0xF7DF, 0xF7DF, 0xF7DF,
    0xF7DF, 0xF7DF, 0xF7DF, 0xF7DF, 0xF7DF, 0xF7DF, 0xF7DF, 0xF7DF, 0xF7DF, 0xF7DF, 0xF7DF, 0xF7DF, 0xF7DF, 0xF7DF, 0xF7DF, 0xF7DF,
    0xF7DF, 0xF7DF, 0xF7DF, 0xF7DF, 0xF7DF, 0xF7DF, 0xF7DF, 0xF7DF, 0xF7DF, 0xF7DF, 0xF7DF, 0xF7DF, 0xF7DF, 0xF7DF, 0xF7DF, 0xF7DF,
    0xF7DF, 0xF7DF, 0xF7DF, 0xF7DF, 0xF7DF, 0xF7DF, 0xF7DF, 0xF7DF, 0xF7DF, 0xF7DF, 0xF7DF, 0xF7DF, 0xF7DF, 0xF7DF, 0xF7DF, 0xF7DF,
    0xF7DF, 0xF7DF, 0xF7DF, 0xF7DF, 0xF7DF, 0xF7DF, 0xF7DF, 0xF7DF, 0xF7DF, 0xF7DF, 0xF7DF, 0xF7DF, 0xF7DF, 0xF7DF, 0xF7DF, 0xF7DF,
    0xF7DF, 0xF7DF, 0xF7DF, 0xF7DF, 0xF7DF, 0xEFBF, 0xFFFF, 0x428C, 0x0022, 0x10E5, 0x08C5, 0x08C4, 0x08C4, 0x10C5, 0x0883, 0x0883,
    0x0883, 0x0863, 0x0883, 0x08A4, 0x08A4, 0x08A4, 0x08C4, 0x0042, 0x2987, 0xF7DF, 0xF7DF, 0xF7DF, 0xF7DF, 0xF7DF, 0xF7DF, 0xF7DF,
    0xF7DF, 0xF7DF, 0xF7DF, 0xF7DF, 0xF7DF, 0xF7DF, 0xF7DF, 0xF7DF, 0xF7DF, 0xF7DF, 0xF7DF, 0xF7DF, 0xF7DF, 0xF7DF, 0xF7DF, 0xF7DF,
    0xF7DF, 0xF7DF, 0xF7DF, 0xF7DF, 0xF7DF, 0xF7DF, 0xF7DF, 0xF7DF, 0xF7DF, 0xF7DF, 0xF7DF, 0xF7DF, 0xF7DF, 0xF7DF, 0xF7DF, 0xF7DF,
    0xF7DF, 0xF7DF, 0xF7DF, 0xF7DF, 0xF7DF, 0xF7DF, 0xF7DF, 0xF7DF, 0xF7DF, 0xF7DF, 0xF7DF, 0xF7DF, 0xF7DF, 0xF7DF, 0xF7DF, 0xF7DF,
    0xF7DF, 0xF7DF, 0xF7DF, 0xF7DF, 0xF7DF, 0xF7DF, 0xF7DF, 0xF7DF, 0xF7DF, 0xF7DF, 0xF7DF, 0xF7DF, 0xF7DF, 0xF7DF, 0xF7DF, 0xF7DF,
    0xF7DF, 0xF7DF, 0xF7DF, 0xF7DF, 0xF7DF, 0xF7DF, 0xF7DF, 0xF7DF, 0xF7DF, 0xF7DF, 0xEFDF, 0xF7DF, 0xF7DF, 0xFFFF, 0xFFFF, 0xFFFF,
    0xF7FF, 0xF7DF, 0xF7DF, 0xF7DF, 0xF7DF, 0xF7DF, 0xF7DF, 0xF7DF, 0xF7DF, 0xF7DF, 0xF7DF, 0xF7DF, 0xF7DF, 0xF7DF, 0xF7DF, 0xF7DF,
    0xF7DF, 0xF7DF, 0xF7DF, 0xF7DF, 0xF7DF, 0xF7DF, 0xF7DF, 0xF7DF, 0xF7DF, 0xF7DF, 0xF7DF, 0xF7DF, 0xF7DF, 0xFFFF, 0xFFFF, 0xFFFF,
    0xF7DF, 0xF7DF, 0xF7DF, 0xF7DF, 0xF7DF, 0xF7DF, 0xF7DF, 0xF7DF, 0xF7DF, 0xF7DF, 0xFFFF, 0xFFFF, 0xFFFF, 0xF7DF, 0xF7DF, 0xF7DF,
    0xF7DF, 0xF7DF, 0xF7DF, 0xF7DF, 0xF7DF, 0xF7DF, 0xF7DF, 0xF7DF, 0xF7DF, 0xF7DF, 0xF7DF, 0xF7DF, 0xF7DF, 0xF7DF, 0xF7DF, 0xF7DF,
    0xF7DF, 0xF7DF, 0xF7DF, 0xF7DF, 0xF7DF, 0xF7DF, 0xF7DF, 0xF7DF, 0xF7DF, 0xF7DF, 0xF7DF, 0xF7DF, 0xF7DF, 0xF7DF, 0xF7DF, 0xF7DF,
    0xF7DF, 0xF7DF, 0xF7DF, 0xF7DF, 0xF7DF, 0xF7DF, 0xF7DF, 0xF7DF, 0xF7DF, 0xF7DF, 0xF7DF, 0xF7DF, 0xF7DF, 0xF7DF, 0xF7DF, 0xF7DF,
    0xF7DF, 0xF7DF, 0xF7DF, 0xF7DF, 0xF7DF, 0xF7DF, 0xF7DF, 0xF7DF, 0xF7DF, 0xF7DF, 0xF7DF, 0xF7DF, 0xF7DF, 0xF7DF, 0xF7DF, 0xF7DF,
    0xF7DF, 0xF7DF, 0xF7DF, 0xF7DF, 0xF7DF, 0xF7DF, 0xF7DF, 0xF7DF, 0xF7DF, 0xF7DF, 0xF7DF, 0xF7DF, 0xF7DF, 0xF7DF, 0xF7DF, 0xF7DF,
    0xF7DF, 0xF7DF, 0xF7DF, 0xF7DF, 0xF7DF, 0xF7BF, 0xFFFF, 0x428C, 0x0022, 0x10E5, 0x08C5, 0x08C5, 0x08C4, 0x10C4, 0x0883, 0x0883,
    0x0883, 0x0863, 0x0883, 0x08A4, 0x08A4, 0x08A4, 0x08C4, 0x0042, 0x2987, 0xF7DF, 0xF7DF, 0xF7DF, 0xF7DF, 0xF7DF, 0xF7DF, 0xF7DF,
    0xF7DF, 0xF7DF, 0xF7DF, 0xF7DF, 0xF7DF, 0xF7DF, 0xF7DF, 0xF7DF, 0xF7DF, 0xF7DF, 0xF7DF, 0xF7DF, 0xF7DF, 0xF7DF, 0xF7DF, 0xF7DF,
    0xF7DF, 0xF7DF, 0xF7DF, 0xF7DF, 0xF7DF, 0xF7DF, 0xF7DF, 0xF7DF, 0xF7DF, 0xF7DF, 0xF7DF, 0xF7DF, 0xF7DF, 0xF7DF, 0xF7DF, 0xF7DF,
    0xF7DF, 0xF7DF, 0xF7DF, 0xF7DF, 0xF7DF, 0xF7DF, 0xF7DF, 0xF7DF, 0xF7DF, 0xF7DF, 0xF7DF, 0xF7DF, 0xF7DF, 0xF7DF, 0xF7DF, 0xF7DF,
    0xF7DF, 0xF7DF, 0xF7DF, 0xF7DF, 0xF7DF, 0xF7DF, 0xF7DF, 0xF7DF, 0xF7DF, 0xF7DF, 0xF7DF, 0xF7DF, 0xF7DF, 0xF7DF, 0xF7DF, 0xF7DF,
    0xF7DF, 0xF7DF, 0xFFFF, 0xFFFF, 0xF7DF, 0xF7DF, 0xF7DF, 0xF7DF, 0xFFFF, 0xFFDF, 0xF7DF, 0xEFBF, 0xF7DF, 0xEF9F, 0x6CFB, 0x74FB,
    0xEFBF, 0xF7DF, 0xF7DF, 0xF7DF, 0xF7DF, 0xF7DF, 0xF7DF, 0xF7DF, 0xF7DF, 0xF7DF, 0xF7DF, 0xF7DF, 0xF7DF, 0xF7DF, 0xF7DF, 0xF7DF,
    0xF7DF, 0xF7DF, 0xF7DF, 0xF7DF, 0xF7DF, 0xF7DF, 0xF7DF, 0xF7DF, 0xF7DF, 0xF7DF, 0xF7DF, 0xF7DF, 0xE77F, 0x7D5C, 0x6CDB, 0xAE3D,
    0xFFFF, 0xF7DF, 0xF7DF, 0xF7DF, 0xF7DF, 0xF7DF, 0xF7DF, 0xF7DF, 0xF7FF, 0xDF3E, 0x543A, 0x5C5A, 0xCEBD, 0xFFFF, 0xF7BF, 0xF7DF,
    0xF7DF, 0xF7DF, 0xF7DF, 0xF7DF, 0xF7DF, 0xF7DF, 0xF7DF, 0xF7DF, 0xF7DF, 0xF7DF, 0xF7DF, 0xF7DF, 0xF7DF, 0xF7DF, 0xFFFF, 0xF7DF,
    0xF7DF, 0xF7DF, 0xF7DF, 0xF7DF, 0xF7DF, 0xF7DF, 0xF7DF, 0xF7DF, 0xF7DF, 0xF7DF, 0xF7DF, 0xF7DF, 0xF7DF, 0xF7DF, 0xF7DF, 0xF7DF,
    0xF7DF, 0xF7DF, 0xF7DF, 0xF7DF, 0xF7DF, 0xF7DF, 0xF7DF, 0xF7DF, 0xF7DF, 0xF7DF, 0xF7DF, 0xF7DF, 0xF7DF, 0xF7DF, 0xF7DF, 0xF7DF,
    0xF7DF, 0xF7DF, 0xF7DF, 0xF7DF, 0xF7DF, 0xF7DF, 0xF7DF, 0xF7DF, 0xF7DF, 0xF7DF, 0xF7DF, 0xF7DF, 0xF7DF, 0xF7DF, 0xF7DF, 0xF7DF,
    0xF7DF, 0xF7DF, 0xF7DF, 0xF7DF, 0xF7DF, 0xF7DF, 0xF7DF, 0xF7DF, 0xF7DF, 0xF7DF, 0xF7DF, 0xF7DF, 0xF7DF, 0xF7DF, 0xF7DF, 0xF7DF,
    0xF7DF, 0xF7DF, 0xF7DF, 0xF7DF, 0xF7DF, 0xEFBF, 0xFFFF, 0x428C, 0x0022, 0x10E5, 0x08C5, 0x08C4, 0x08C4, 0x10C5, 0x0883, 0x08A3,
    0x0883, 0x0863, 0x0883, 0x08A4, 0x08A4, 0x08A4, 0x08C4, 0x0042, 0x2967, 0xF7DF, 0xF7DF, 0xF7DF, 0xF7DF, 0xF7DF, 0xF7DF, 0xF7DF,
    0xF7DF, 0xF7DF, 0xF7DF, 0xF7DF, 0xF7DF, 0xF7DF, 0xF7DF, 0xF7DF, 0xF7DF, 0xF7DF, 0xF7DF, 0xF7DF, 0xF7DF, 0xF7DF, 0xF7DF, 0xF7DF,
    0xF7DF, 0xF7DF, 0xF7DF, 0xF7DF, 0xF7DF, 0xF7DF, 0xF7DF, 0xF7DF, 0xF7DF, 0xF7DF, 0xF7DF, 0xF7DF, 0xF7DF, 0xF7DF, 0xF7DF, 0xF7DF,
    0xF7DF, 0xF7DF, 0xF7DF, 0xF7DF, 0xF7DF, 0xF7DF, 0xF7DF, 0xF7DF, 0xF7DF, 0xF7DF, 0xF7DF, 0xF7DF, 0xF7DF, 0xF7DF, 0xF7DF, 0xF7DF,
    0xF7DF, 0xF7DF, 0xF7DF, 0xF7DF, 0xF7DF, 0xF7DF, 0xF7DF, 0xF7DF, 0xF7DF, 0xF7DF, 0xF7DF, 0xF7DF, 0xF7DF, 0xF7DF, 0xF7DF, 0xF7DF,
    0x543A, 0x3399, 0x3399, 0x9DFC, 0xFFFF, 0xEFBF, 0xEFBF, 0xFFFF, 0x95BC, 0x2B79, 0x2B58, 0x5C59, 0xFFFF, 0x74FB, 0x0217, 0x0238,
    0x855C, 0xFFFF, 0xEFBF, 0xF7DF, 0xF7DF, 0xF7DF, 0xF7DF, 0xF7DF, 0xF7DF, 0xF7DF, 0xF7DF, 0xF7DF, 0xF7DF, 0xF7DF, 0xF7DF, 0xF7DF,
    0xF7DF, 0xF7DF, 0xF7DF, 0xF7DF, 0xF7DF, 0xF7DF, 0xF7DF, 0xF7DF, 0xF7DF, 0xF7DF, 0xF7DF, 0xF7FF, 0xCEFE, 0x0298, 0x0217, 0x543A,
    0xFFFF, 0xEFBF, 0xF7DF, 0xF7DF, 0xF7DF, 0xF7DF, 0xF7DF, 0xF7DF, 0xF7DF, 0xF7DF, 0x4C39, 0x0195, 0x3BB9, 0xFFFF, 0xF7DF, 0xF7DF,
    0xF7DF, 0xF7DF, 0xF7DF, 0xF7DF, 0xF7DF, 0xF7DF, 0xF7DF, 0xF7DF, 0xF7DF, 0xF7DF, 0xF7DF, 0xF7DF, 0xEFBF, 0xFFFF, 0x751B, 0x2379,
    0x2B58, 0xBE7D, 0xFFFF, 0xEFDF, 0xF7DF, 0xF7DF, 0xF7DF, 0xF7DF, 0xF7DF, 0xF7DF, 0xF7DF, 0xF7DF, 0xF7DF, 0xF7DF, 0xF7DF, 0xF7DF,
    0xF7DF, 0xF7DF, 0xF7DF, 0xF7DF, 0xF7DF, 0xF7DF, 0xF7DF, 0xF7DF, 0xF7DF, 0xF7DF, 0xF7DF, 0xF7DF, 0xF7DF, 0xF7DF, 0xF7DF, 0xF7DF,
    0xF7DF, 0xF7DF, 0xF7DF, 0xF7DF, 0xF7DF, 0xF7DF, 0xF7DF, 0xF7DF, 0xF7DF, 0xF7DF, 0xF7DF, 0xF7DF, 0xF7DF, 0xF7DF, 0xF7DF, 0xF7DF,
    0xF7DF, 0xF7DF, 0xF7DF, 0xF7DF, 0xF7DF, 0xF7DF, 0xF7DF, 0xF7DF, 0xF7DF, 0xF7DF, 0xF7DF, 0xF7DF, 0xF7DF, 0xF7DF, 0xF7DF, 0xF7DF,
    0xF7DF, 0xF7DF, 0xF7DF, 0xF7DF, 0xF7DF, 0xEFBF, 0xFFFF, 0x428C, 0x0002, 0x10E5, 0x08C4, 0x08C4, 0x08C4, 0x10C5, 0x0883, 0x08A3,
    0x0883, 0x0863, 0x0883, 0x08A4, 0x08A4, 0x08A4, 0x08C4, 0x0042, 0x2967, 0xF7BF, 0xF7DF, 0xF7DF, 0xF7DF, 0xF7DF, 0xF7DF, 0xF7DF,
    0xF7DF, 0xF7DF, 0xF7DF, 0xF7DF, 0xF7DF, 0xF7DF, 0xF7DF, 0xF7DF, 0xF7DF, 0xF7DF, 0xF7DF, 0xF7DF, 0xF7DF, 0xF7DF, 0xF7DF, 0xF7DF,
    0xF7DF, 0xF7DF, 0xF7DF, 0xF7DF, 0xF7DF, 0xF7DF, 0xF7DF, 0xF7DF, 0xF7DF, 0xF7DF, 0xF7DF, 0xF7DF, 0xF7DF, 0xF7DF, 0xF7DF, 0xF7DF,
    0xF7DF, 0xF7DF, 0xF7DF, 0xF7DF, 0xF7DF, 0xF7DF, 0xF7DF, 0xF7DF, 0xF7DF, 0xF7DF, 0xF7DF, 0xF7DF, 0xF7DF, 0xF7DF, 0xF7DF, 0xF7DF,
    0xF7DF, 0xF7DF, 0xF7DF, 0xF7DF, 0xF7DF, 0xF7DF, 0xF7DF, 0xF7DF, 0xF7DF, 0xF7DF, 0xF7DF, 0xF7DF, 0xF7DF, 0xF7DF, 0xEFBF, 0xFFFF,
    0x8D9C, 0x0258, 0x0298, 0x12B7, 0xDF5F, 0xF7DF, 0xF7DF, 0xCF1E, 0x0A77, 0x0257, 0x0257, 0xAE3D, 0xFFFF, 0x855C, 0x0216, 0x0258,
    0xA5FC, 0xFFFF, 0xEFBF, 0xEFBF, 0xEFBF, 0xF7DF, 0xF7DF, 0xF7BF, 0xEFBF, 0xEFBF, 0xF7DF, 0xF7DF, 0xF7DF, 0xF7DF, 0xF7DF, 0xF7DF,
    0xF7DF, 0xF7DF, 0xF7DF, 0xF7DF, 0xF7DF, 0xEFBF, 0xF7BF, 0xEFBF, 0xEFBF, 0xF7DF, 0xF7DF, 0xF7FF, 0xD71E, 0x12D7, 0x0278, 0x649B,
    0xFFFF, 0xEFBF, 0xEFBF, 0xEFBF, 0xF7DF, 0xF7DF, 0xF7DF, 0xF7DF, 0xEFDF, 0xF7DF, 0xF7BF, 0x33B9, 0x01D7, 0x9DDD, 0xFFFF, 0xEFBF,
    0xF7DF, 0xF7DF, 0xF7DF, 0xF7DF, 0xF7DF, 0xEFBF, 0xEFBF, 0xEFBF, 0xEFBF, 0xEFBF, 0xF7DF, 0xF7DF, 0xEFDF, 0xFFFF, 0x4419, 0x0236,
    0x0236, 0xAE1D, 0xFFFF, 0xEFBF, 0xF7DF, 0xF7DF, 0xF7DF, 0xF7DF, 0xF7DF, 0xF7DF, 0xF7DF, 0xF7DF, 0xF7DF, 0xF7DF, 0xF7DF, 0xF7DF,
    0xF7DF, 0xF7DF, 0xF7DF, 0xF7DF, 0xF7DF, 0xF7DF, 0xF7DF, 0xF7DF, 0xF7DF, 0xF7DF, 0xF7DF, 0xF7DF, 0xF7DF, 0xF7DF, 0xF7DF, 0xF7DF,
    0xF7DF, 0xF7DF, 0xF7DF, 0xF7DF, 0xF7DF, 0xF7DF, 0xF7DF, 0xF7DF, 0xF7DF, 0xF7DF, 0xF7DF, 0xF7DF, 0xF7DF, 0xF7DF, 0xF7DF, 0xF7DF,
    0xF7DF, 0xF7DF, 0xF7DF, 0xF7DF, 0xF7DF, 0xF7DF, 0xF7DF, 0xF7DF, 0xF7DF, 0xF7DF, 0xF7DF, 0xF7DF, 0xF7DF, 0xF7DF, 0xF7DF, 0xF7DF,
    0xF7DF, 0xF7DF, 0xF7DF, 0xF7DF, 0xF7DF, 0xEFBF, 0xFFFF, 0x428C, 0x0022, 0x10E5, 0x08C4, 0x08C4, 0x08C4, 0x10C5, 0x0883, 0x08A3,
    0x0883, 0x0863, 0x0883, 0x08A4, 0x08A4, 0x08A4, 0x08C4, 0x0042, 0x2967, 0xF7BF, 0xF7DF, 0xF7DF, 0xF7DF, 0xF7DF, 0xF7DF, 0xF7DF,
    0xF7DF, 0xF7DF, 0xF7DF, 0xF7DF, 0xF7DF, 0xF7DF, 0xF7DF, 0xF7DF, 0xF7DF, 0xF7DF, 0xF7DF, 0xF7DF, 0xF7DF, 0xF7DF, 0xF7DF, 0xF7DF,
    0xF7DF, 0xF7DF, 0xF7DF, 0xF7DF, 0xF7DF, 0xF7DF, 0xF7DF, 0xF7DF, 0xF7DF, 0xF7DF, 0xF7DF, 0xF7DF, 0xF7DF, 0xF7DF, 0xF7DF, 0xF7DF,
    0xF7DF, 0xF7DF, 0xF7DF, 0xF7DF, 0xF7DF, 0xF7DF, 0xF7DF, 0xF7DF, 0xF7DF, 0xF7DF, 0xF7DF, 0xF7DF, 0xF7DF, 0xF7DF, 0xF7DF, 0xF7DF,
    0xF7DF, 0xF7DF, 0xF7DF, 0xF7DF, 0xF7DF, 0xF7DF, 0xF7DF, 0xF7DF, 0xF7DF, 0xF7DF, 0xF7DF, 0xF7DF, 0xF7DF, 0xF7DF, 0xF7DF, 0xF7DF,
    0xFFFF, 0x5C9B, 0x0278, 0x0256, 0x543A, 0xFFFF, 0xF7DF, 0x3BB9, 0x0236, 0x0236, 0x7D3B, 0xFFFF, 0xEFBF, 0xF7FF, 0xAE5D, 0xB69E,
    0xFFFF, 0xF7FF, 0xFFFF, 0xFFFF, 0xFFFF, 0xF7DF, 0xFFFF, 0xFFFF, 0xFFFF, 0xFFFF, 0xF7FF, 0xEFDF, 0xF7DF, 0xF7DF, 0xF7DF, 0xF7DF,
    0xF7DF, 0xF7DF, 0xF7DF, 0xEFDF, 0xF7FF, 0xFFFF, 0xFFFF, 0xFFFF, 0xFFFF, 0xFFFF, 0xEFBF, 0xFFFF, 0xDF3E, 0x0AD7, 0x0257, 0x5C9B,
    0xFFFF, 0xFFFF, 0xFFFF, 0xFFFF, 0xFFFF, 0xEFDF, 0xF7DF, 0xF7DF, 0xEFBF, 0xF7FF, 0xFFFF, 0xEFBF, 0xBE7D, 0xDF5F, 0xFFFF, 0xEFBF,
    0xF7DF, 0xF7DF, 0xF7DF, 0xF7BF, 0xF7FF, 0xFFFF, 0xFFFF, 0xFFFF, 0xFFFF, 0xFFFF, 0xEFBF, 0xF7DF, 0xF7DF, 0xFFFF, 0x5439, 0x0257,
    0x0297, 0xBE9D, 0xFFFF, 0xEFBF, 0xF7DF, 0xF7DF, 0xF7DF, 0xF7DF, 0xF7DF, 0xF7DF, 0xF7DF, 0xF7DF, 0xF7DF, 0xF7DF, 0xF7DF, 0xF7DF,
    0xF7DF, 0xF7DF, 0xF7DF, 0xF7DF, 0xF7DF, 0xF7DF, 0xF7DF, 0xF7DF, 0xF7DF, 0xF7DF, 0xF7DF, 0xF7DF, 0xF7DF, 0xF7DF, 0xF7DF, 0xF7DF,
    0xF7DF, 0xF7DF, 0xF7DF, 0xF7DF, 0xF7DF, 0xF7DF, 0xF7DF, 0xF7DF, 0xF7DF, 0xF7DF, 0xF7DF, 0xF7DF, 0xF7DF, 0xF7DF, 0xF7DF, 0xF7DF,
    0xF7DF, 0xF7DF, 0xF7DF, 0xF7DF, 0xF7DF, 0xF7DF, 0xF7DF, 0xF7DF, 0xF7DF, 0xF7DF, 0xF7DF, 0xF7DF, 0xF7DF, 0xF7DF, 0xF7DF, 0xF7DF,
    0xF7DF, 0xF7DF, 0xF7DF, 0xF7DF, 0xF7DF, 0xEFBF, 0xFFFF, 0x428C, 0x0022, 0x10E5, 0x08C4, 0x08C5, 0x10C4, 0x10C5, 0x0883, 0x08A3,
    0x0883, 0x0863, 0x0883, 0x08A4, 0x08A4, 0x08A4, 0x08C4, 0x0042, 0x2987, 0xF7BF, 0xF7DF, 0xF7DF, 0xF7DF, 0xF7DF, 0xF7DF, 0xF7DF,
    0xF7DF, 0xF7DF, 0xF7DF, 0xF7DF, 0xF7DF, 0xF7DF, 0xF7DF, 0xF7DF, 0xF7DF, 0xF7DF, 0xF7DF, 0xF7DF, 0xF7DF, 0xF7DF, 0xF7DF, 0xF7DF,
    0xF7DF, 0xF7DF, 0xF7DF, 0xF7DF, 0xF7DF, 0xF7DF, 0xF7DF, 0xF7DF, 0xF7DF, 0xF7DF, 0xF7DF, 0xF7DF, 0xF7DF, 0xF7DF, 0xF7DF, 0xF7DF,
    0xF7DF, 0xF7DF, 0xF7DF, 0xF7DF, 0xF7DF, 0xF7DF, 0xF7DF, 0xF7DF, 0xF7DF, 0xF7DF, 0xF7DF, 0xF7DF, 0xF7DF, 0xF7DF, 0xF7DF, 0xF7DF,
    0xF7DF, 0xF7DF, 0xF7DF, 0xF7DF, 0xF7DF, 0xF7DF, 0xF7DF, 0xF7DF, 0xF7DF, 0xF7DF, 0xF7DF, 0xF7DF, 0xF7DF, 0xF7DF, 0xF7DF, 0xF7DF,
    0xF7DF, 0xEF9F, 0x1B38, 0x0277, 0x0237, 0xB65D, 0x9DFC, 0x0237, 0x0257, 0x3378, 0xF7DF, 0xF7DF, 0xFFFF, 0xCEFE, 0x853B, 0x7D3B,
    0xCEFE, 0xFFFF, 0xD71E, 0x7D3B, 0x7D1B, 0xDF5E, 0xB65D, 0x5C7A, 0x545A, 0x855C, 0xE77F, 0xF7FF, 0xF7DF, 0xF7DF, 0xF7DF, 0xF7DF,
    0xF7DF, 0xF7DF, 0xEFBF, 0xFFFF, 0xDF5F, 0x853B, 0x547B, 0x547B, 0x74FB, 0xC6DE, 0xFFFF, 0xFFFF, 0xDF3E, 0x0AD7, 0x0236, 0x6CBB,
    0xD6FE, 0x647A, 0x4C1A, 0x6CDB, 0xCEFE, 0xFFFF, 0xF7DF, 0xF7DF, 0xFFFF, 0xDF5E, 0x859C, 0x5C9A, 0x5C7A, 0x74FB, 0xBEBD, 0xFFFF,
    0xF7DF, 0xF7DF, 0xEFDF, 0xFFFF, 0xDF3E, 0x855C, 0x547B, 0x4C5A, 0x74FB, 0xC6BE, 0xFFFF, 0xF7DF, 0xEFBF, 0xFFFF, 0x5C7A, 0x0257,
    0x0297, 0xC6BD, 0xFFFF, 0xEFBF, 0xF7DF, 0xF7DF, 0xF7DF, 0xF7DF, 0xF7DF, 0xF7DF, 0xF7DF, 0xF7DF, 0xF7DF, 0xF7DF, 0xF7DF, 0xF7DF,
    0xF7DF, 0xF7DF, 0xF7DF, 0xF7DF, 0xF7DF, 0xF7DF, 0xF7DF, 0xF7DF, 0xF7DF, 0xF7DF, 0xF7DF, 0xF7DF, 0xF7DF, 0xF7DF, 0xF7DF, 0xF7DF,
    0xF7DF, 0xF7DF, 0xF7DF, 0xF7DF, 0xF7DF, 0xF7DF, 0xF7DF, 0xF7DF, 0xF7DF, 0xF7DF, 0xF7DF, 0xF7DF, 0xF7DF, 0xF7DF, 0xF7DF, 0xF7DF,
    0xF7DF, 0xF7DF, 0xF7DF, 0xF7DF, 0xF7DF, 0xF7DF, 0xF7DF, 0xF7DF, 0xF7DF, 0xF7DF, 0xF7DF, 0xF7DF, 0xF7DF, 0xF7DF, 0xF7DF, 0xF7DF,
    0xF7DF, 0xF7DF, 0xF7DF, 0xF7DF, 0xF7DF, 0xEFBF, 0xFFFF, 0x428C, 0x0022, 0x10E5, 0x08C5, 0x08C4, 0x08C4, 0x10C5, 0x0883, 0x08A3,
    0x0883, 0x0863, 0x0883, 0x08A4, 0x08A4, 0x08A4, 0x08C4, 0x0042, 0x2987, 0xF7BF, 0xF7DF, 0xF7DF, 0xF7DF, 0xF7DF, 0xF7DF, 0xF7DF,
    0xF7DF, 0xF7DF, 0xF7DF, 0xF7DF, 0xF7DF, 0xF7DF, 0xF7DF, 0xF7DF, 0xF7DF, 0xF7DF, 0xF7DF, 0xF7DF, 0xF7DF, 0xF7DF, 0xF7DF, 0xF7DF,
    0xF7DF, 0xF7DF, 0xF7DF, 0xF7DF, 0xF7DF, 0xF7DF, 0xF7DF, 0xF7DF, 0xF7DF, 0xF7DF, 0xF7DF, 0xF7DF, 0xF7DF, 0xF7DF, 0xF7DF, 0xF7DF,
    0xF7DF, 0xF7DF, 0xF7DF, 0xF7DF, 0xF7DF, 0xF7DF, 0xF7DF, 0xF7DF, 0xF7DF, 0xF7DF, 0xF7DF, 0xF7DF, 0xF7DF, 0xF7DF, 0xF7DF, 0xF7DF,
    0xF7DF, 0xF7DF, 0xF7DF, 0xF7DF, 0xF7DF, 0xF7DF, 0xF7DF, 0xF7DF, 0xF7DF, 0xF7DF, 0xF7DF, 0xF7DF, 0xF7DF, 0xF7DF, 0xF7DF, 0xF7DF,
    0xEFBF, 0xFFFF, 0xB67D, 0x0277, 0x0277, 0x1B18, 0x1318, 0x0298, 0x0A97, 0xC6DE, 0xF7FF, 0xEFBF, 0xFFFF, 0x95BC, 0x01F7, 0x01D5,
    0x959C, 0xFFFF, 0x95BC, 0x0217, 0x0257, 0x3399, 0x0257, 0x01F5, 0x0278, 0x0258, 0x2B58, 0xE77F, 0xF7DF, 0xF7DF, 0xF7DF, 0xF7DF,
    0xF7DF, 0xEFBF, 0xFFFF, 0xBE7D, 0x1AF8, 0x0236, 0x0257, 0x0258, 0x0257, 0x0277, 0x855B, 0xFFFF, 0xD71E, 0x0AB7, 0x0277, 0x2B78,
    0x12D8, 0x01D6, 0x0258, 0x0258, 0x0A97, 0xBE7D, 0xFFFF, 0xFFFF, 0xA5FD, 0x12F9, 0x0278, 0x0216, 0x01D5, 0x0237, 0x0298, 0x8D9C,
    0xFFFF, 0xEFBF, 0xFFFF, 0xAE3D, 0x12D8, 0x0257, 0x0258, 0x0258, 0x0237, 0x0277, 0x7D3C, 0xFFFF, 0xEFBF, 0xFFFF, 0x64BB, 0x0258,
    0x02B7, 0xC6DD, 0xFFFF, 0xEFBF, 0xF7DF, 0xF7DF, 0xF7DF, 0xF7DF, 0xF7DF, 0xF7DF, 0xF7DF, 0xF7DF, 0xF7DF, 0xF7DF, 0xF7DF, 0xF7DF,
    0xF7DF, 0xF7DF, 0xF7DF, 0xF7DF, 0xF7DF, 0xF7DF, 0xF7DF, 0xF7DF, 0xF7DF, 0xF7DF, 0xF7DF, 0xF7DF, 0xF7DF, 0xF7DF, 0xF7DF, 0xF7DF,
    0xF7DF, 0xF7DF, 0xF7DF, 0xF7DF, 0xF7DF, 0xF7DF, 0xF7DF, 0xF7DF, 0xF7DF, 0xF7DF, 0xF7DF, 0xF7DF, 0xF7DF, 0xF7DF, 0xF7DF, 0xF7DF,
    0xF7DF, 0xF7DF, 0xF7DF, 0xF7DF, 0xF7DF, 0xF7DF, 0xF7DF, 0xF7DF, 0xF7DF, 0xF7DF, 0xF7DF, 0xF7DF, 0xF7DF, 0xF7DF, 0xF7DF, 0xF7DF,
    0xF7DF, 0xF7DF, 0xF7DF, 0xF7DF, 0xF7DF, 0xEFBF, 0xFFFF, 0x428C, 0x0022, 0x10E5, 0x08C5, 0x08C4, 0x08C4, 0x10C5, 0x0883, 0x0883,
    0x0883, 0x0863, 0x0883, 0x08A4, 0x08A4, 0x08A4, 0x08C4, 0x0042, 0x2987, 0xF7BF, 0xF7DF, 0xF7DF, 0xF7DF, 0xF7DF, 0xF7DF, 0xF7DF,
    0xF7DF, 0xF7DF, 0xF7DF, 0xF7DF, 0xF7DF, 0xF7DF, 0xF7DF, 0xF7DF, 0xF7DF, 0xF7DF, 0xF7DF, 0xF7DF, 0xF7DF, 0xF7DF, 0xF7DF, 0xF7DF,
    0xF7DF, 0xF7DF, 0xF7DF, 0xF7DF, 0xF7DF, 0xF7DF, 0xF7DF, 0xF7DF, 0xF7DF, 0xF7DF, 0xF7DF, 0xF7DF, 0xF7DF, 0xF7DF, 0xF7DF, 0xF7DF,
    0xF7DF, 0xF7DF, 0xF7DF, 0xF7DF, 0xF7DF, 0xF7DF, 0xF7DF, 0xF7DF, 0xF7DF, 0xF7DF, 0xF7DF, 0xF7DF, 0xF7DF, 0xF7DF, 0xF7DF, 0xF7DF,
    0xF7DF, 0xF7DF, 0xF7DF, 0xF7DF, 0xF7DF, 0xF7DF, 0xF7DF, 0xF7DF, 0xF7DF, 0xF7DF, 0xF7DF, 0xF7DF, 0xF7DF, 0xF7DF, 0xF7DF, 0xF7DF,
    0xF7DF, 0xEFBF, 0xFFFF, 0x6CDC, 0x0278, 0x0297, 0x02B7, 0x0298, 0x857C, 0xFFFF, 0xEFBF, 0xEFBF, 0xFFFF, 0x9DDC, 0x0298, 0x0277,
    0x9DDC, 0xFFFF, 0x9DDC, 0x0278, 0x02D8, 0x0237, 0x1B18, 0x3BB9, 0x0AD9, 0x02D8, 0x0237, 0x7D3C, 0xFFFF, 0xEFBF, 0xF7DF, 0xF7DF,
    0xF7DF, 0xF7FF, 0xD73E, 0x12D8, 0x0298, 0x0277, 0x2B78, 0x441A, 0x0AF9, 0x0257, 0x01F5, 0xC6DE, 0xDF5F, 0x02B7, 0x02B8, 0x0257,
    0x02B7, 0x43F9, 0x1B59, 0x0298, 0x0236, 0x3399, 0xFFDF, 0xFFFF, 0x6CBB, 0x01F7, 0x1B59, 0x5C9A, 0x4C39, 0x0AB7, 0x02B8, 0x02B8,
    0xCEDE, 0xFFFF, 0xC6BD, 0x0277, 0x0298, 0x0277, 0x33B9, 0x441A, 0x0AD8, 0x0298, 0x0258, 0x95BD, 0xFFFF, 0xFFFF, 0x74FB, 0x0257,
    0x0297, 0xCEDE, 0xFFFF, 0xF7DF, 0xF7DF, 0xF7DF, 0xF7DF, 0xF7DF, 0xF7DF, 0xF7DF, 0xF7DF, 0xF7DF, 0xF7DF, 0xF7DF, 0xF7DF, 0xF7DF,
    0xF7DF, 0xF7DF, 0xF7DF, 0xF7DF, 0xF7DF, 0xF7DF, 0xF7DF, 0xF7DF, 0xF7DF, 0xF7DF, 0xF7DF, 0xF7DF, 0xF7DF, 0xF7DF, 0xF7DF, 0xF7DF,
    0xF7DF, 0xF7DF, 0xF7DF, 0xF7DF, 0xF7DF, 0xF7DF, 0xF7DF, 0xF7DF, 0xF7DF, 0xF7DF, 0xF7DF, 0xF7DF, 0xF7DF, 0xF7DF, 0xF7DF, 0xF7DF,
    0xF7DF, 0xF7DF, 0xF7DF, 0xF7DF, 0xF7DF, 0xF7DF, 0xF7DF, 0xF7DF, 0xF7DF, 0xF7DF, 0xF7DF, 0xF7DF, 0xF7DF, 0xF7DF, 0xF7DF, 0xF7DF,
    0xF7DF, 0xF7DF, 0xF7DF, 0xF7DF, 0xF7DF, 0xEFBF, 0xFFFF, 0x428C, 0x0022, 0x10E5, 0x08C4, 0x08C4, 0x08C4, 0x10C5, 0x0883, 0x0883,
    0x0883, 0x0863, 0x0883, 0x08A4, 0x08A4, 0x08A4, 0x08C4, 0x0042, 0x2967, 0xF7BF, 0xF7DF, 0xF7DF, 0xF7DF, 0xF7DF, 0xF7DF, 0xF7DF,
    0xF7DF, 0xF7DF, 0xF7DF, 0xF7DF, 0xF7DF, 0xF7DF, 0xF7DF, 0xF7DF, 0xF7DF, 0xF7DF, 0xF7DF, 0xF7DF, 0xF7DF, 0xF7DF, 0xF7DF, 0xF7DF,
    0xF7DF, 0xF7DF, 0xF7DF, 0xF7DF, 0xF7DF, 0xF7DF, 0xF7DF, 0xF7DF, 0xF7DF, 0xF7DF, 0xF7DF, 0xF7DF, 0xF7DF, 0xF7DF, 0xF7DF, 0xF7DF,
    0xF7DF, 0xF7DF, 0xF7DF, 0xF7DF, 0xF7DF, 0xF7DF, 0xF7DF, 0xF7DF, 0xF7DF, 0xF7DF, 0xF7DF, 0xF7DF, 0xF7DF, 0xF7DF, 0xF7DF, 0xF7DF,
    0xF7DF, 0xF7DF, 0xF7DF, 0xF7DF, 0xF7DF, 0xF7DF, 0xF7DF, 0xF7DF, 0xF7DF, 0xF7DF, 0xF7DF, 0xF7DF, 0xF7DF, 0xF7DF, 0xF7DF, 0xF7DF,
    0xF7DF, 0xEFBF, 0xF7DF, 0xEF9F, 0x1319, 0x0297, 0x0277, 0x2B99, 0xFFFF, 0xEFBF, 0xF7DF, 0xEFBF, 0xFFFF, 0x95DC, 0x0298, 0x0277,
    0x9DDC, 0xFFFF, 0x95BC, 0x0257, 0x0298, 0x4C1A, 0xE79F, 0xFFFF, 0xB65D, 0x02B8, 0x0298, 0x4C1A, 0xFFFF, 0xF7DF, 0xF7DF, 0xF7DF,
    0xEFBF, 0xFFFF, 0x6CDB, 0x0258, 0x0298, 0x6CDB, 0xEFDF, 0xFFFF, 0xC6DE, 0x3BDA, 0x95DD, 0xF7DF, 0xD71E, 0x0AF8, 0x02B8, 0x12D7,
    0xBE9D, 0xFFFF, 0xE75E, 0x2338, 0x0277, 0x12F8, 0xDF5F, 0xFFFF, 0xF7BF, 0x9DDC, 0xEF9F, 0xFFFF, 0xFFFF, 0x9DFC, 0x0298, 0x0278,
    0x8D9C, 0xFFFF, 0x5439, 0x0257, 0x0298, 0x855C, 0xF7FF, 0xFFFF, 0xC6DE, 0x1319, 0x0298, 0x1B18, 0xE77F, 0xFFFF, 0x7D3C, 0x0237,
    0x0AB7, 0xCEFE, 0xFFFF, 0xF7DF, 0xF7DF, 0xF7DF, 0xF7DF, 0xF7DF, 0xF7DF, 0xF7DF, 0xF7DF, 0xF7DF, 0xF7DF, 0xF7DF, 0xF7DF, 0xF7DF,
    0xF7DF, 0xF7DF, 0xF7DF, 0xF7DF, 0xF7DF, 0xF7DF, 0xF7DF, 0xF7DF, 0xF7DF, 0xF7DF, 0xF7DF, 0xF7DF, 0xF7DF, 0xF7DF, 0xF7DF, 0xF7DF,
    0xF7DF, 0xF7DF, 0xF7DF, 0xF7DF, 0xF7DF, 0xF7DF, 0xF7DF, 0xF7DF, 0xF7DF, 0xF7DF, 0xF7DF, 0xF7DF, 0xF7DF, 0xF7DF, 0xF7DF, 0xF7DF,
    0xF7DF, 0xF7DF, 0xF7DF, 0xF7DF, 0xF7DF, 0xF7DF, 0xF7DF, 0xF7DF, 0xF7DF, 0xF7DF, 0xF7DF, 0xF7DF, 0xF7DF, 0xF7DF, 0xF7DF, 0xF7DF,
    0xF7DF, 0xF7DF, 0xF7DF, 0xF7DF, 0xF7DF, 0xEFBF, 0xFFFF, 0x428C, 0x0002, 0x10E5, 0x08C4, 0x08C4, 0x08C5, 0x10C5, 0x0883, 0x0883,
    0x0883, 0x0863, 0x0883, 0x08A4, 0x08A4, 0x08A4, 0x08C4, 0x0042, 0x2967, 0xF7BF, 0xF7DF, 0xF7DF, 0xF7DF, 0xF7DF, 0xF7DF, 0xF7DF,
    0xF7DF, 0xF7DF, 0xF7DF, 0xF7DF, 0xF7DF, 0xF7DF, 0xF7DF, 0xF7DF, 0xF7DF, 0xF7DF, 0xF7DF, 0xF7DF, 0xF7DF, 0xF7DF, 0xF7DF, 0xF7DF,
    0xF7DF, 0xF7DF, 0xF7DF, 0xF7DF, 0xF7DF, 0xF7DF, 0xF7DF, 0xF7DF, 0xF7DF, 0xF7DF, 0xF7DF, 0xF7DF, 0xF7DF, 0xF7DF, 0xF7DF, 0xF7DF,
    0xF7DF, 0xF7DF, 0xF7DF, 0xF7DF, 0xF7DF, 0xF7DF, 0xF7DF, 0xF7DF, 0xF7DF, 0xF7DF, 0xF7DF, 0xF7DF, 0xF7DF, 0xF7DF, 0xF7DF, 0xF7DF,
    0xF7DF, 0xF7DF, 0xF7DF, 0xF7DF, 0xF7DF, 0xF7DF, 0xF7DF, 0xF7DF, 0xF7DF, 0xF7DF, 0xF7DF, 0xF7DF, 0xF7DF, 0xF7DF, 0xF7DF, 0xF7DF,
    0xF7DF, 0xEFBF, 0xFFFF, 0x95BC, 0x0298, 0x02B8, 0x0297, 0x0AB8, 0xB67D, 0xFFFF, 0xF7DF, 0xF7DF, 0xFFFF, 0x95DC, 0x0298, 0x0277,
    0x9DFC, 0xFFFF, 0x959C, 0x0256, 0x0258, 0xAE1D, 0xFFFF, 0xEFDF, 0xF7BF, 0x2358, 0x0278, 0x3BFA, 0xFFFF, 0xF7DF, 0xF7DF, 0xF7DF,
    0xF7DF, 0xF7FF, 0x3B98, 0x0257, 0x1319, 0xEF9F, 0xF7FF, 0xEFBF, 0xFFFF, 0xFFFF, 0xFFFF, 0xF7FF, 0xD71E, 0x0AF8, 0x0258, 0x543A,
    0xFFFF, 0xEFBF, 0xFFFF, 0x5C7B, 0x0257, 0x0AD7, 0xCF1E, 0xF7FF, 0xFFFF, 0xBE9D, 0x5C9A, 0x3BFA, 0x4C7B, 0x6CDA, 0x02B7, 0x0257,
    0x8D7C, 0xFFFF, 0x2338, 0x0257, 0x2B78, 0xFFFF, 0xF7DF, 0xEFBF, 0xFFFF, 0x6CFB, 0x0257, 0x0276, 0xB67D, 0xFFFF, 0x855C, 0x0237,
    0x12D8, 0xDF3E, 0xFFFF, 0xF7DF, 0xF7DF, 0xF7DF, 0xF7DF, 0xF7DF, 0xF7DF, 0xF7DF, 0xF7DF, 0xF7DF, 0xF7DF, 0xF7DF, 0xF7DF, 0xF7DF,
    0xF7DF, 0xF7DF, 0xF7DF, 0xF7DF, 0xF7DF, 0xF7DF, 0xF7DF, 0xF7DF, 0xF7DF, 0xF7DF, 0xF7DF, 0xF7DF, 0xF7DF, 0xF7DF, 0xF7DF, 0xF7DF,
    0xF7DF, 0xF7DF, 0xF7DF, 0xF7DF, 0xF7DF, 0xF7DF, 0xF7DF, 0xF7DF, 0xF7DF, 0xF7DF, 0xF7DF, 0xF7DF, 0xF7DF, 0xF7DF, 0xF7DF, 0xF7DF,
    0xF7DF, 0xF7DF, 0xF7DF, 0xF7DF, 0xF7DF, 0xF7DF, 0xF7DF, 0xF7DF, 0xF7DF, 0xF7DF, 0xF7DF, 0xF7DF, 0xF7DF, 0xF7DF, 0xF7DF, 0xF7DF,
    0xF7DF, 0xF7DF, 0xF7DF, 0xF7DF, 0xF7DF, 0xEFBF, 0xFFFF, 0x428C, 0x0002, 0x10E5, 0x08C4, 0x10C5, 0x10C4, 0x10C5, 0x0883, 0x0883,
    0x0883, 0x0863, 0x0883, 0x08A4, 0x08A4, 0x08A4, 0x08C4, 0x0042, 0x2967, 0xF7BF, 0xF7DF, 0xF7DF, 0xF7DF, 0xF7DF, 0xF7DF, 0xF7DF,
    0xF7DF, 0xF7DF, 0xF7DF, 0xF7DF, 0xF7DF, 0xF7DF, 0xF7DF, 0xF7DF, 0xF7DF, 0xF7DF, 0xF7DF, 0xF7DF, 0xF7DF, 0xF7DF, 0xF7DF, 0xF7DF,
    0xF7DF, 0xF7DF, 0xF7DF, 0xF7DF, 0xF7DF, 0xF7DF, 0xF7DF, 0xF7DF, 0xF7DF, 0xF7DF, 0xF7DF, 0xF7DF, 0xF7DF, 0xF7DF, 0xF7DF, 0xF7DF,
    0xF7DF, 0xF7DF, 0xF7DF, 0xF7DF, 0xF7DF, 0xF7DF, 0xF7DF, 0xF7DF, 0xF7DF, 0xF7DF, 0xF7DF, 0xF7DF, 0xF7DF, 0xF7DF, 0xF7DF, 0xF7DF,
    0xF7DF, 0xF7DF, 0xF7DF, 0xF7DF, 0xF7DF, 0xF7DF, 0xF7DF, 0xF7DF, 0xF7DF, 0xF7DF, 0xF7DF, 0xF7DF, 0xF7DF, 0xF7DF, 0xF7DF, 0xF7DF,
    0xF7DF, 0xF7FF, 0xCEFE, 0x0AB7, 0x02B8, 0x02D8, 0x02B8, 0x0298, 0x1B38, 0xEF9F, 0xFFFF, 0xEFBF, 0xFFFF, 0x95BC, 0x0298, 0x0277,
    0x9DDC, 0xFFFF, 0x95BC, 0x0277, 0x0278, 0xA61D, 0xFFFF, 0xEFDF, 0xE79F, 0x2358, 0x0278, 0x3BDA, 0xF7DF, 0xF7DF, 0xF7DF, 0xF7DF,
    0xF7DF, 0xF7DF, 0x3358, 0x0237, 0x2B79, 0xFFDF, 0xF7DF, 0xEFBF, 0xEFBF, 0xFFFF, 0xF7BF, 0xF7FF, 0xCF1E, 0x0AD7, 0x0258, 0x649B,
    0xFFFF, 0xEFBF, 0xFFFF, 0x64BB, 0x0278, 0x0AB7, 0xCF1E, 0xFFFF, 0x6CDA, 0x0237, 0x0236, 0x02B8, 0x02D9, 0x0236, 0x0297, 0x0237,
    0x8D7C, 0xFFFF, 0x1319, 0x0237, 0x4C1A, 0xFFFF, 0xEFBF, 0xEFBF, 0xFFFF, 0x95BC, 0x0257, 0x0256, 0xA61C, 0xFFFF, 0x857C, 0x01F7,
    0x0AD8, 0xDF5F, 0xF7FF, 0xF7DF, 0xF7DF, 0xF7DF, 0xF7DF, 0xF7DF, 0xF7DF, 0xF7DF, 0xF7DF, 0xF7DF, 0xF7DF, 0xF7DF, 0xF7DF, 0xF7DF,
    0xF7DF, 0xF7DF, 0xF7DF, 0xF7DF, 0xF7DF, 0xF7DF, 0xF7DF, 0xF7DF, 0xF7DF, 0xF7DF, 0xF7DF, 0xF7DF, 0xF7DF, 0xF7DF, 0xF7DF, 0xF7DF,
    0xF7DF, 0xF7DF, 0xF7DF, 0xF7DF, 0xF7DF, 0xF7DF, 0xF7DF, 0xF7DF, 0xF7DF, 0xF7DF, 0xF7DF, 0xF7DF, 0xF7DF, 0xF7DF, 0xF7DF, 0xF7DF,
    0xF7DF, 0xF7DF, 0xF7DF, 0xF7DF, 0xF7DF, 0xF7DF, 0xF7DF, 0xF7DF, 0xF7DF, 0xF7DF, 0xF7DF, 0xF7DF, 0xF7DF, 0xF7DF, 0xF7DF, 0xF7DF,
    0xF7DF, 0xF7DF, 0xF7DF, 0xF7DF, 0xF7DF, 0xEFBF, 0xFFFF, 0x428C, 0x0022, 0x10E5, 0x10C5, 0x10C5, 0x10C5, 0x10C5, 0x0883, 0x0883,
    0x0883, 0x0863, 0x0883, 0x08A4, 0x08A4, 0x08A4, 0x08C4, 0x0042, 0x2967, 0xF7BF, 0xF7DF, 0xF7DF, 0xF7DF, 0xF7DF, 0xF7DF, 0xF7DF,
    0xF7DF, 0xF7DF, 0xF7DF, 0xF7DF, 0xF7DF, 0xF7DF, 0xF7DF, 0xF7DF, 0xF7DF, 0xF7DF, 0xF7DF, 0xF7DF, 0xF7DF, 0xF7DF, 0xF7DF, 0xF7DF,
    0xF7DF, 0xF7DF, 0xF7DF, 0xF7DF, 0xF7DF, 0xF7DF, 0xF7DF, 0xF7DF, 0xF7DF, 0xF7DF, 0xF7DF, 0xF7DF, 0xF7DF, 0xF7DF, 0xF7DF, 0xF7DF,
    0xF7DF, 0xF7DF, 0xF7DF, 0xF7DF, 0xF7DF, 0xF7DF, 0xF7DF, 0xF7DF, 0xF7DF, 0xF7DF, 0xF7DF, 0xF7DF, 0xF7DF, 0xF7DF, 0xF7DF, 0xF7DF,
    0xF7DF, 0xF7DF, 0xF7DF, 0xF7DF, 0xF7DF, 0xF7DF, 0xF7DF, 0xF7DF, 0xF7DF, 0xF7DF, 0xF7DF, 0xF7DF, 0xF7DF, 0xF7DF, 0xF7DF, 0xF7DF,
    0xF7DF, 0xFFFF, 0x43D9, 0x0256, 0x0257, 0x8DBC, 0x6CFC, 0x0258, 0x0257, 0x64BB, 0xFFFF, 0xEFBF, 0xFFFF, 0x95BC, 0x0278, 0x0277,
    0x9DDC, 0xFFFF, 0x9DDC, 0x0278, 0x0278, 0xA61D, 0xFFFF, 0xEFDF, 0xEFBF, 0x2B79, 0x0257, 0x3B99, 0xF7DF, 0xF7DF, 0xF7DF, 0xF7DF,
    0xF7DF, 0xFFFF, 0x3BB9, 0x0237, 0x12D8, 0xE75F, 0xFFFF, 0xF7DF, 0xFFFF, 0xE75F, 0xFFFF, 0xFFFF, 0xCF1E, 0x0AB7, 0x0258, 0x649B,
    0xFFFF, 0xEFBF, 0xFFFF, 0x649B, 0x0257, 0x0AB7, 0xD73E, 0xCF1E, 0x0276, 0x0278, 0x4C3A, 0xD71E, 0xDF5F, 0x95DC, 0x0277, 0x0257,
    0x8D7C, 0xFFFF, 0x2358, 0x0257, 0x2359, 0xF7DF, 0xFFFF, 0xEFDF, 0xFFFF, 0x5CBB, 0x0278, 0x0297, 0xBEBD, 0xFFFF, 0xDF5F, 0xC6BE,
    0xCEFE, 0xEFBF, 0xF7DF, 0xF7DF, 0xF7DF, 0xF7DF, 0xF7DF, 0xF7DF, 0xF7DF, 0xF7DF, 0xF7DF, 0xF7DF, 0xF7DF, 0xF7DF, 0xF7DF, 0xF7DF,
    0xF7DF, 0xF7DF, 0xF7DF, 0xF7DF, 0xF7DF, 0xF7DF, 0xF7DF, 0xF7DF, 0xF7DF, 0xF7DF, 0xF7DF, 0xF7DF, 0xF7DF, 0xF7DF, 0xF7DF, 0xF7DF,
    0xF7DF, 0xF7DF, 0xF7DF, 0xF7DF, 0xF7DF, 0xF7DF, 0xF7DF, 0xF7DF, 0xF7DF, 0xF7DF, 0xF7DF, 0xF7DF, 0xF7DF, 0xF7DF, 0xF7DF, 0xF7DF,
    0xF7DF, 0xF7DF, 0xF7DF, 0xF7DF, 0xF7DF, 0xF7DF, 0xF7DF, 0xF7DF, 0xF7DF, 0xF7DF, 0xF7DF, 0xF7DF, 0xF7DF, 0xF7DF, 0xF7DF, 0xF7DF,
    0xF7DF, 0xF7DF, 0xF7DF, 0xF7DF, 0xF7DF, 0xEFBF, 0xFFFF, 0x428C, 0x0022, 0x10E5, 0x08C5, 0x10C5, 0x10C5, 0x10C5, 0x0883, 0x0883,
    0x0883, 0x0863, 0x0883, 0x08A4, 0x08A4, 0x08A4, 0x08C4, 0x0042, 0x2967, 0xF7BF, 0xF7DF, 0xF7DF, 0xF7DF, 0xF7DF, 0xF7DF, 0xF7DF,
    0xF7DF, 0xF7DF, 0xF7DF, 0xF7DF, 0xF7DF, 0xF7DF, 0xF7DF, 0xF7DF, 0xF7DF, 0xF7DF, 0xF7DF, 0xF7DF, 0xF7DF, 0xF7DF, 0xF7DF, 0xF7DF,
    0xF7DF, 0xF7DF, 0xF7DF, 0xF7DF, 0xF7DF, 0xF7DF, 0xF7DF, 0xF7DF, 0xF7DF, 0xF7DF, 0xF7DF, 0xF7DF, 0xF7DF, 0xF7DF, 0xF7DF, 0xF7DF,
    0xF7DF, 0xF7DF, 0xF7DF, 0xF7DF, 0xF7DF, 0xF7DF, 0xF7DF, 0xF7DF, 0xF7DF, 0xF7DF, 0xF7DF, 0xF7DF, 0xF7DF, 0xF7DF, 0xF7DF, 0xF7DF,
    0xF7DF, 0xF7DF, 0xF7DF, 0xF7DF, 0xF7DF, 0xF7DF, 0xF7DF, 0xF7DF, 0xF7DF, 0xF7DF, 0xF7DF, 0xF7DF, 0xF7DF, 0xF7DF, 0xF7DF, 0xEFBF,
    0xFFFF, 0x95BC, 0x0278, 0x0277, 0x2B78, 0xFFFF, 0xEFBF, 0x1B38, 0x0298, 0x0278, 0xA61D, 0xFFFF, 0xFFFF, 0x95BC, 0x0257, 0x0278,
    0x9DFD, 0xFFFF, 0x9DDC, 0x0278, 0x0257, 0xA5FC, 0xFFFF, 0xF7DF, 0xF7DF, 0x2B9A, 0x0257, 0x3B99, 0xF7DF, 0xF7DF, 0xF7DF, 0xF7DF,
    0xEFBF, 0xFFFF, 0x751B, 0x0237, 0x0298, 0x543A, 0xE77F, 0xEFBF, 0x9DDC, 0x12B7, 0x64BB, 0xEF9F, 0xDF3E, 0x0AD8, 0x0257, 0x5C7A,
    0xFFFF, 0xEFBF, 0xFFFF, 0x647A, 0x0236, 0x0AB7, 0xDF7F, 0xB67D, 0x0298, 0x0278, 0x95BC, 0xFFFF, 0xFFFF, 0xA5FD, 0x0278, 0x0258,
    0x855C, 0xFFFF, 0x649A, 0x0258, 0x02B9, 0x649A, 0xEF9F, 0xF7DF, 0x9DFD, 0x0AD8, 0x0298, 0x2B9A, 0xF7DF, 0xF7DF, 0xDF7F, 0x857C,
    0xA61D, 0xF7DF, 0xF7DF, 0xF7DF, 0xF7DF, 0xF7DF, 0xF7DF, 0xF7DF, 0xF7DF, 0xF7DF, 0xF7DF, 0xF7DF, 0xF7DF, 0xF7DF, 0xF7DF, 0xF7DF,
    0xF7DF, 0xF7DF, 0xF7DF, 0xF7DF, 0xF7DF, 0xF7DF, 0xF7DF, 0xF7DF, 0xF7DF, 0xF7DF, 0xF7DF, 0xF7DF, 0xF7DF, 0xF7DF, 0xF7DF, 0xF7DF,
    0xF7DF, 0xF7DF, 0xF7DF, 0xF7DF, 0xF7DF, 0xF7DF, 0xF7DF, 0xF7DF, 0xF7DF, 0xF7DF, 0xF7DF, 0xF7DF, 0xF7DF, 0xF7DF, 0xF7DF, 0xF7DF,
    0xF7DF, 0xF7DF, 0xF7DF, 0xF7DF, 0xF7DF, 0xF7DF, 0xF7DF, 0xF7DF, 0xF7DF, 0xF7DF, 0xF7DF, 0xF7DF, 0xF7DF, 0xF7DF, 0xF7DF, 0xF7DF,
    0xF7DF, 0xF7DF, 0xF7DF, 0xF7DF, 0xF7DF, 0xEFBF, 0xFFFF, 0x428C, 0x0022, 0x10E5, 0x10C5, 0x10C5, 0x10C5, 0x10C5, 0x0863, 0x0883,
    0x0883, 0x0863, 0x0883, 0x08A4, 0x08A4, 0x08A4, 0x08C4, 0x0042, 0x2967, 0xF7BF, 0xF7DF, 0xF7DF, 0xF7DF, 0xF7DF, 0xF7DF, 0xF7DF,
    0xF7DF, 0xF7DF, 0xF7DF, 0xF7DF, 0xF7DF, 0xF7DF, 0xF7DF, 0xF7DF, 0xF7DF, 0xF7DF, 0xF7DF, 0xF7DF, 0xF7DF, 0xF7DF, 0xF7DF, 0xF7DF,
    0xF7DF, 0xF7DF, 0xF7DF, 0xF7DF, 0xF7DF, 0xF7DF, 0xF7DF, 0xF7DF, 0xF7DF, 0xF7DF, 0xF7DF, 0xF7DF, 0xF7DF, 0xF7DF, 0xF7DF, 0xF7DF,
    0xF7DF, 0xF7DF, 0xF7DF, 0xF7DF, 0xF7DF, 0xF7DF, 0xF7DF, 0xF7DF, 0xF7DF, 0xF7DF, 0xF7DF, 0xF7DF, 0xF7DF, 0xF7DF, 0xF7DF, 0xF7DF,
    0xF7DF, 0xF7DF, 0xF7DF, 0xF7DF, 0xF7DF, 0xF7DF, 0xF7DF, 0xF7DF, 0xF7DF, 0xF7DF, 0xF7DF, 0xF7DF, 0xF7DF, 0xF7DF, 0xF7DF, 0xFFFF,
    0xD71E, 0x12D8, 0x02D9, 0x0298, 0xBEBD, 0xF7FF, 0xFFFF, 0xAE3D, 0x0278, 0x0297, 0x1B18, 0xE77F, 0xFFFF, 0x959C, 0x0257, 0x0278,
    0xA61D, 0xFFFF, 0x95BC, 0x0257, 0x0256, 0xA5FC, 0xFFFF, 0xF7DF, 0xF7BF, 0x2B79, 0x0257, 0x3BB9, 0xFFFF, 0xF7DF, 0xF7DF, 0xF7DF,
    0xF7DF, 0xF7DF, 0xDF5F, 0x1B39, 0x0257, 0x0257, 0x1319, 0x2379, 0x0298, 0x0257, 0x0216, 0xCEFE, 0xE77F, 0x0AF8, 0x0257, 0x5C5A,
    0xFFFF, 0xEFBF, 0xFFFF, 0x6459, 0x0237, 0x0AF8, 0xDF5E, 0xDF5E, 0x02B8, 0x0298, 0x1B18, 0x751B, 0x64BA, 0x0298, 0x02D9, 0x0278,
    0x855B, 0xFFFF, 0xD73E, 0x1319, 0x0278, 0x0277, 0x1B39, 0x2B9A, 0x02B8, 0x0277, 0x0278, 0xB67E, 0xFFFF, 0xFFFF, 0x543A, 0x0217,
    0x0258, 0xA61D, 0xFFFF, 0xF7DF, 0xF7DF, 0xF7DF, 0xF7DF, 0xF7DF, 0xF7DF, 0xF7DF, 0xF7DF, 0xF7DF, 0xF7DF, 0xF7DF, 0xF7DF, 0xF7DF,
    0xF7DF, 0xF7DF, 0xF7DF, 0xF7DF, 0xF7DF, 0xF7DF, 0xF7DF, 0xF7DF, 0xF7DF, 0xF7DF, 0xF7DF, 0xF7DF, 0xF7DF, 0xF7DF, 0xF7DF, 0xF7DF,
    0xF7DF, 0xF7DF, 0xF7DF, 0xF7DF, 0xF7DF, 0xF7DF, 0xF7DF, 0xF7DF, 0xF7DF, 0xF7DF, 0xF7DF, 0xF7DF, 0xF7DF, 0xF7DF, 0xF7DF, 0xF7DF,
    0xF7DF, 0xF7DF, 0xF7DF, 0xF7DF, 0xF7DF, 0xF7DF, 0xF7DF, 0xF7DF, 0xF7DF, 0xF7DF, 0xF7DF, 0xF7DF, 0xF7DF, 0xF7DF, 0xF7DF, 0xF7DF,
    0xF7DF, 0xF7DF, 0xF7DF, 0xF7DF, 0xF7DF, 0xEFBF, 0xFFFF, 0x428C, 0x0022, 0x10E5, 0x08C5, 0x10C5, 0x08C4, 0x10C5, 0x0883, 0x0883,
    0x0883, 0x0862, 0x0883, 0x08A4, 0x08A4, 0x08A4, 0x08C4, 0x0042, 0x2967, 0xF7BF, 0xF7DF, 0xF7DF, 0xF7DF, 0xF7DF, 0xF7DF, 0xF7DF,
    0xF7DF, 0xF7DF, 0xF7DF, 0xF7DF, 0xF7DF, 0xF7DF, 0xF7DF, 0xF7DF, 0xF7DF, 0xF7DF, 0xF7DF, 0xF7DF, 0xF7DF, 0xF7DF, 0xF7DF, 0xF7DF,
    0xF7DF, 0xF7DF, 0xF7DF, 0xF7DF, 0xF7DF, 0xF7DF, 0xF7DF, 0xF7DF, 0xF7DF, 0xF7DF, 0xF7DF, 0xF7DF, 0xF7DF, 0xF7DF, 0xF7DF, 0xF7DF,
    0xF7DF, 0xF7DF, 0xF7DF, 0xF7DF, 0xF7DF, 0xF7DF, 0xF7DF, 0xF7DF, 0xF7DF, 0xF7DF, 0xF7DF, 0xF7DF, 0xF7DF, 0xF7DF, 0xF7DF, 0xF7DF,
    0xF7DF, 0xF7DF, 0xF7DF, 0xF7DF, 0xF7DF, 0xF7DF, 0xF7DF, 0xF7DF, 0xF7DF, 0xF7DF, 0xF7DF, 0xF7DF, 0xF7DF, 0xF7DF, 0xF7DF, 0xF7DF,
    0x3399, 0x0215, 0x0237, 0x751C, 0xFFFF, 0xEFBF, 0xEFDF, 0xFFFF, 0x5C9B, 0x0216, 0x0216, 0x4C1A, 0xFFFF, 0x8D7B, 0x01F6, 0x0237,
    0xA5FD, 0xFFFF, 0x8D9C, 0x01F5, 0x01F6, 0xA5FC, 0xFFFF, 0xF7DF, 0xEFBF, 0x2318, 0x01F6, 0x33B9, 0xFFFF, 0xF7DF, 0xF7DF, 0xF7DF,
    0xF7DF, 0xEFDF, 0xFFFF, 0xD71E, 0x3399, 0x0277, 0x0237, 0x0236, 0x0278, 0x12F9, 0x9DFC, 0xFFFF, 0xD73E, 0x02B8, 0x01F6, 0x545A,
    0xFFFF, 0xEFBF, 0xFFFF, 0x5C5A, 0x01F6, 0x0297, 0xD73E, 0xFFFF, 0x857C, 0x0257, 0x0216, 0x01D6, 0x01D5, 0x3BB9, 0x0B19, 0x01F6,
    0x851B, 0xFFFF, 0xFFFF, 0xCEDE, 0x2B79, 0x0257, 0x0258, 0x0258, 0x0277, 0x12F8, 0x9DFD, 0xFFFF, 0xF7DF, 0xFFFF, 0x5C9B, 0x0236,
    0x0277, 0xB65D, 0xFFFF, 0xF7DF, 0xF7DF, 0xF7DF, 0xF7DF, 0xF7DF, 0xF7DF, 0xF7DF, 0xF7DF, 0xF7DF, 0xF7DF, 0xF7DF, 0xF7DF, 0xF7DF,
    0xF7DF, 0xF7DF, 0xF7DF, 0xF7DF, 0xF7DF, 0xF7DF, 0xF7DF, 0xF7DF, 0xF7DF, 0xF7DF, 0xF7DF, 0xF7DF, 0xF7DF, 0xF7DF, 0xF7DF, 0xF7DF,
    0xF7DF, 0xF7DF, 0xF7DF, 0xF7DF, 0xF7DF, 0xF7DF, 0xF7DF, 0xF7DF, 0xF7DF, 0xF7DF, 0xF7DF, 0xF7DF, 0xF7DF, 0xF7DF, 0xF7DF, 0xF7DF,
    0xF7DF, 0xF7DF, 0xF7DF, 0xF7DF, 0xF7DF, 0xF7DF, 0xF7DF, 0xF7DF, 0xF7DF, 0xF7DF, 0xF7DF, 0xF7DF, 0xF7DF, 0xF7DF, 0xF7DF, 0xF7DF,
    0xF7DF, 0xF7DF, 0xF7DF, 0xF7DF, 0xF7DF, 0xEFBF, 0xFFFF, 0x428C, 0x0022, 0x10E5, 0x08C4, 0x08C4, 0x10C4, 0x10C5, 0x0883, 0x0883,
    0x0883, 0x0862, 0x0883, 0x08A4, 0x08A4, 0x08A4, 0x08A4, 0x0042, 0x2967, 0xF7BF, 0xF7DF, 0xF7DF, 0xF7DF, 0xF7DF, 0xF7DF, 0xF7DF,
    0xF7DF, 0xF7DF, 0xF7DF, 0xF7DF, 0xF7DF, 0xF7DF, 0xF7DF, 0xF7DF, 0xF7DF, 0xF7DF, 0xF7DF, 0xF7DF, 0xF7DF, 0xF7DF, 0xF7DF, 0xF7DF,
    0xF7DF, 0xF7DF, 0xF7DF, 0xF7DF, 0xF7DF, 0xF7DF, 0xF7DF, 0xF7DF, 0xF7DF, 0xF7DF, 0xF7DF, 0xF7DF, 0xF7DF, 0xF7DF, 0xF7DF, 0xF7DF,
    0xF7DF, 0xF7DF, 0xF7DF, 0xF7DF, 0xF7DF, 0xF7DF, 0xF7DF, 0xF7DF, 0xF7DF, 0xF7DF, 0xF7DF, 0xF7DF, 0xF7DF, 0xF7DF, 0xF7DF, 0xF7DF,
    0xF7DF, 0xF7DF, 0xF7DF, 0xF7DF, 0xF7DF, 0xF7DF, 0xF7DF, 0xF7DF, 0xF7DF, 0xF7DF, 0xF7DF, 0xF7DF, 0xF7DF, 0xF7DF, 0xF7DF, 0xEFBF,
    0xAE3D, 0x9DFC, 0xA61D, 0xF7BF, 0xF7DF, 0xEFDF, 0xF7DF, 0xFFFF, 0xEF9F, 0xA5FD, 0xA61D, 0xB63D, 0xF7DF, 0xD73E, 0x9DFC, 0xA61C,
    0xE75F, 0xF7FF, 0xD73E, 0x9DDC, 0xA5FC, 0xE77F, 0xFFFF, 0xF7DF, 0xEFDF, 0xAE5D, 0xA5FC, 0xC6DE, 0xFFFF, 0xF7DF, 0xF7DF, 0xF7DF,
    0xF7DF, 0xF7DF, 0xF7DF, 0xFFFF, 0xF7DF, 0xAE3D, 0x7CFB, 0x74DB, 0x9DDC, 0xE77F, 0xFFFF, 0xEFDF, 0xEFBF, 0xAE5D, 0xAE1C, 0xCEFE,
    0xF7DF, 0xEFBF, 0xF7DF, 0xCEFE, 0xA61C, 0xAE3D, 0xF7BF, 0xF7DF, 0xFFFF, 0xB69D, 0x7D1B, 0x7D3C, 0xAE3D, 0xF7DF, 0xB67D, 0x9DBC,
    0xCF1E, 0xF7DF, 0xF7DF, 0xFFFF, 0xEFBF, 0xAE3D, 0x7D3C, 0x751C, 0x9DDD, 0xE77F, 0xFFFF, 0xEFDF, 0xF7DF, 0xF7FF, 0xEF9F, 0x8D7C,
    0xA63D, 0xFFFF, 0xF7DF, 0xF7DF, 0xF7DF, 0xF7DF, 0xF7DF, 0xF7DF, 0xF7DF, 0xF7DF, 0xF7DF, 0xF7DF, 0xF7DF, 0xF7DF, 0xF7DF, 0xF7DF,
    0xF7DF, 0xF7DF, 0xF7DF, 0xF7DF, 0xF7DF, 0xF7DF, 0xF7DF, 0xF7DF, 0xF7DF, 0xF7DF, 0xF7DF, 0xF7DF, 0xF7DF, 0xF7DF, 0xF7DF, 0xF7DF,
    0xF7DF, 0xF7DF, 0xF7DF, 0xF7DF, 0xF7DF, 0xF7DF, 0xF7DF, 0xF7DF, 0xF7DF, 0xF7DF, 0xF7DF, 0xF7DF, 0xF7DF, 0xF7DF, 0xF7DF, 0xF7DF,
    0xF7DF, 0xF7DF, 0xF7DF, 0xF7DF, 0xF7DF, 0xF7DF, 0xF7DF, 0xF7DF, 0xF7DF, 0xF7DF, 0xF7DF, 0xF7DF, 0xF7DF, 0xF7DF, 0xF7DF, 0xF7DF,
    0xF7DF, 0xF7DF, 0xF7DF, 0xF7DF, 0xF7DF, 0xEFBF, 0xFFFF, 0x428C, 0x0022, 0x10E5, 0x10C4, 0x08C4, 0x10C4, 0x10C5, 0x0863, 0x0883,
    0x0883, 0x0862, 0x0883, 0x08A4, 0x08A4, 0x08A4, 0x08C4, 0x0042, 0x2987, 0xF7BF, 0xF7DF, 0xF7DF, 0xF7DF, 0xF7DF, 0xF7DF, 0xF7DF,
    0xF7DF, 0xF7DF, 0xF7DF, 0xF7DF, 0xF7DF, 0xF7DF, 0xF7DF, 0xF7DF, 0xF7DF, 0xF7DF, 0xF7DF, 0xF7DF, 0xF7DF, 0xF7DF, 0xF7DF, 0xF7DF,
    0xF7DF, 0xF7DF, 0xF7DF, 0xF7DF, 0xF7DF, 0xF7DF, 0xF7DF, 0xF7DF, 0xF7DF, 0xF7DF, 0xF7DF, 0xF7DF, 0xF7DF, 0xF7DF, 0xF7DF, 0xF7DF,
    0xF7DF, 0xF7DF, 0xF7DF, 0xF7DF, 0xF7DF, 0xF7DF, 0xF7DF, 0xF7DF, 0xF7DF, 0xF7DF, 0xF7DF, 0xF7DF, 0xF7DF, 0xF7DF, 0xF7DF, 0xF7DF,
    0xF7DF, 0xF7DF, 0xF7DF, 0xF7DF, 0xF7DF, 0xF7DF, 0xF7DF, 0xF7DF, 0xF7DF, 0xF7DF, 0xF7DF, 0xF7DF, 0xF7DF, 0xF7DF, 0xF7DF, 0xF7DF,
    0xFFFF, 0xFFFF, 0xFFFF, 0xF7DF, 0xF7DF, 0xF7DF, 0xF7DF, 0xF7DF, 0xF7FF, 0xFFFF, 0xFFFF, 0xFFFF, 0xEFDF, 0xF7FF, 0xFFFF, 0xFFFF,
    0xF7FF, 0xF7DF, 0xF7FF, 0xFFFF, 0xFFFF, 0xFFFF, 0xF7DF, 0xF7DF, 0xEFDF, 0xFFFF, 0xFFFF, 0xFFFF, 0xF7DF, 0xF7DF, 0xF7DF, 0xF7DF,
    0xF7DF, 0xF7DF, 0xF7DF, 0xF7DF, 0xF7FF, 0xFFFF, 0xFFFF, 0xFFFF, 0xFFFF, 0xFFFF, 0xF7DF, 0xF7DF, 0xF7DF, 0xFFFF, 0xFFFF, 0xFFFF,
    0xF7DF, 0xF7DF, 0xF7DF, 0xFFFF, 0xFFFF, 0xFFFF, 0xF7DF, 0xF7DF, 0xEFBF, 0xFFFF, 0xFFFF, 0xFFFF, 0xFFFF, 0xF7FF, 0xFFFF, 0xFFFF,
    0xF7FF, 0xF7DF, 0xF7DF, 0xEFDF, 0xF7DF, 0xFFFF, 0xFFFF, 0xFFFF, 0xFFFF, 0xFFFF, 0xF7DF, 0xF7DF, 0xF7DF, 0xF7DF, 0xFFFF, 0xFFFF,
    0xFFFF, 0xF7DF, 0xF7DF, 0xF7DF, 0xF7DF, 0xF7DF, 0xF7DF, 0xF7DF, 0xF7DF, 0xF7DF, 0xF7DF, 0xF7DF, 0xF7DF, 0xF7DF, 0xF7DF, 0xF7DF,
    0xF7DF, 0xF7DF, 0xF7DF, 0xF7DF, 0xF7DF, 0xF7DF, 0xF7DF, 0xF7DF, 0xF7DF, 0xF7DF, 0xF7DF, 0xF7DF, 0xF7DF, 0xF7DF, 0xF7DF, 0xF7DF,
    0xF7DF, 0xF7DF, 0xF7DF, 0xF7DF, 0xF7DF, 0xF7DF, 0xF7DF, 0xF7DF, 0xF7DF, 0xF7DF, 0xF7DF, 0xF7DF, 0xF7DF, 0xF7DF, 0xF7DF, 0xF7DF,
    0xF7DF, 0xF7DF, 0xF7DF, 0xF7DF, 0xF7DF, 0xF7DF, 0xF7DF, 0xF7DF, 0xF7DF, 0xF7DF, 0xF7DF, 0xF7DF, 0xF7DF, 0xF7DF, 0xF7DF, 0xF7DF,
    0xF7DF, 0xF7DF, 0xF7DF, 0xF7DF, 0xF7DF, 0xEFBF, 0xFFFF, 0x428C, 0x0022, 0x10E5, 0x08C4, 0x08C4, 0x08C4, 0x10C4, 0x0883, 0x08A3,
    0x0883, 0x0862, 0x0883, 0x08A4, 0x08A4, 0x08A4, 0x08C4, 0x0042, 0x2967, 0xF7BF, 0xF7DF, 0xF7DF, 0xF7DF, 0xF7DF, 0xF7DF, 0xF7DF,
    0xF7DF, 0xF7DF, 0xF7DF, 0xF7DF, 0xF7DF, 0xF7DF, 0xF7DF, 0xF7DF, 0xF7DF, 0xF7DF, 0xF7DF, 0xF7DF, 0xF7DF, 0xF7DF, 0xF7DF, 0xF7DF,
    0xF7DF, 0xF7DF, 0xF7DF, 0xF7DF, 0xF7DF, 0xF7DF, 0xF7DF, 0xF7DF, 0xF7DF, 0xF7DF, 0xF7DF, 0xF7DF, 0xF7DF, 0xF7DF, 0xF7DF, 0xF7DF,
    0xF7DF, 0xF7DF, 0xF7DF, 0xF7DF, 0xF7DF, 0xF7DF, 0xF7DF, 0xF7DF, 0xF7DF, 0xF7DF, 0xF7DF, 0xF7DF, 0xF7DF, 0xF7DF, 0xF7DF, 0xF7DF,
    0xF7DF, 0xF7DF, 0xF7DF, 0xF7DF, 0xF7DF, 0xF7DF, 0xF7DF, 0xF7DF, 0xF7DF, 0xF7DF, 0xF7DF, 0xF7DF, 0xF7DF, 0xF7DF, 0xF7DF, 0xF7DF,
    0xF7BF, 0xF7BF, 0xEFBF, 0xEFDF, 0xF7DF, 0xF7DF, 0xF7DF, 0xF7DF, 0xF7DF, 0xF7DF, 0xF7DF, 0xEFBF, 0xF7DF, 0xF7DF, 0xF7DF, 0xEFBF,
    0xF7DF, 0xF7DF, 0xF7DF, 0xF7DF, 0xF7DF, 0xF7DF, 0xF7DF, 0xF7DF, 0xF7DF, 0xF7DF, 0xF7DF, 0xF7DF, 0xF7DF, 0xF7DF, 0xF7DF, 0xF7DF,
    0xF7DF, 0xF7DF, 0xF7DF, 0xF7DF, 0xF7DF, 0xEFDF, 0xEFBF, 0xEFBF, 0xEFBF, 0xF7DF, 0xF7DF, 0xF7DF, 0xF7DF, 0xF7BF, 0xF7DF, 0xF7DF,
    0xF7DF, 0xF7DF, 0xF7DF, 0xF7DF, 0xF7DF, 0xF7DF, 0xF7DF, 0xF7DF, 0xF7DF, 0xF7DF, 0xF7BF, 0xF7DF, 0xF7DF, 0xF7DF, 0xEFBF, 0xEFBF,
    0xF7DF, 0xF7DF, 0xF7DF, 0xF7DF, 0xF7DF, 0xF7DF, 0xEFBF, 0xEFBF, 0xEFBF, 0xF7DF, 0xF7DF, 0xF7DF, 0xF7DF, 0xF7DF, 0xF7DF, 0xF7DF,
    0xF7DF, 0xF7DF, 0xF7DF, 0xF7DF, 0xF7DF, 0xF7DF, 0xF7DF, 0xF7DF, 0xF7DF, 0xF7DF, 0xF7DF, 0xF7DF, 0xF7DF, 0xF7DF, 0xF7DF, 0xF7DF,
    0xF7DF, 0xF7DF, 0xF7DF, 0xF7DF, 0xF7DF, 0xF7DF, 0xF7DF, 0xF7DF, 0xF7DF, 0xF7DF, 0xF7DF, 0xF7DF, 0xF7DF, 0xF7DF, 0xF7DF, 0xF7DF,
    0xF7DF, 0xF7DF, 0xF7DF, 0xF7DF, 0xF7DF, 0xF7DF, 0xF7DF, 0xF7DF, 0xF7DF, 0xF7DF, 0xF7DF, 0xF7DF, 0xF7DF, 0xF7DF, 0xF7DF, 0xF7DF,
    0xF7DF, 0xF7DF, 0xF7DF, 0xF7DF, 0xF7DF, 0xF7DF, 0xF7DF, 0xF7DF, 0xF7DF, 0xF7DF, 0xF7DF, 0xF7DF, 0xF7DF, 0xF7DF, 0xF7DF, 0xF7DF,
    0xF7DF, 0xF7DF, 0xF7DF, 0xF7DF, 0xF7DF, 0xEFBF, 0xFFFF, 0x428C, 0x0022, 0x10E5, 0x08C4, 0x08C4, 0x08C4, 0x08C4, 0x0863, 0x0883,
    0x0883, 0x0862, 0x0883, 0x08A4, 0x08A4, 0x08A4, 0x08C4, 0x0042, 0x2967, 0xF7BF, 0xF7DF, 0xF7DF, 0xF7DF, 0xF7DF, 0xF7DF, 0xF7DF,
    0xF7DF, 0xF7DF, 0xF7DF, 0xF7DF, 0xF7DF, 0xF7DF, 0xF7DF, 0xF7DF, 0xF7DF, 0xF7DF, 0xF7DF, 0xF7DF, 0xF7DF, 0xF7DF, 0xF7DF, 0xF7DF,
    0xF7DF, 0xF7DF, 0xF7DF, 0xF7DF, 0xF7DF, 0xF7DF, 0xF7DF, 0xF7DF, 0xF7DF, 0xF7DF, 0xF7DF, 0xF7DF, 0xF7DF, 0xF7DF, 0xF7DF, 0xF7DF,
    0xF7DF, 0xF7DF, 0xF7DF, 0xF7DF, 0xF7DF, 0xF7DF, 0xF7DF, 0xF7DF, 0xF7DF, 0xF7DF, 0xF7DF, 0xF7DF, 0xF7DF, 0xF7DF, 0xF7DF, 0xF7DF,
    0xF7DF, 0xF7DF, 0xF7DF, 0xF7DF, 0xF7DF, 0xF7DF, 0xF7DF, 0xF7DF, 0xF7DF, 0xF7DF, 0xF7DF, 0xF7DF, 0xF7DF, 0xF7DF, 0xF7DF, 0xF7DF,
    0xF7DF, 0xF7DF, 0xF7DF, 0xF7DF, 0xF7DF, 0xF7DF, 0xF7DF, 0xF7DF, 0xF7DF, 0xF7DF, 0xF7DF, 0xF7DF, 0xF7DF, 0xF7DF, 0xF7DF, 0xF7DF,
    0xF7DF, 0xF7DF, 0xF7DF, 0xF7DF, 0xF7DF, 0xF7DF, 0xF7DF, 0xF7DF, 0xF7DF, 0xF7DF, 0xF7DF, 0xF7DF, 0xF7DF, 0xF7DF, 0xF7DF, 0xF7DF,
    0xF7DF, 0xF7DF, 0xF7DF, 0xF7DF, 0xF7DF, 0xF7DF, 0xF7DF, 0xF7DF, 0xF7DF, 0xF7DF, 0xF7DF, 0xF7DF, 0xF7DF, 0xF7DF, 0xF7DF, 0xF7DF,
    0xF7DF, 0xF7DF, 0xF7DF, 0xF7DF, 0xF7DF, 0xF7DF, 0xF7DF, 0xF7DF, 0xF7DF, 0xF7DF, 0xF7DF, 0xF7DF, 0xF7DF, 0xF7DF, 0xF7DF, 0xF7DF,
    0xF7DF, 0xF7DF, 0xF7DF, 0xF7DF, 0xF7DF, 0xF7DF, 0xF7DF, 0xF7DF, 0xF7DF, 0xF7DF, 0xF7DF, 0xF7DF, 0xF7DF, 0xF7DF, 0xF7DF, 0xF7DF,
    0xF7DF, 0xF7DF, 0xF7DF, 0xF7DF, 0xF7DF, 0xF7DF, 0xF7DF, 0xF7DF, 0xF7DF, 0xF7DF, 0xF7DF, 0xF7DF, 0xF7DF, 0xF7DF, 0xF7DF, 0xF7DF,
    0xF7DF, 0xF7DF, 0xF7DF, 0xF7DF, 0xF7DF, 0xF7DF, 0xF7DF, 0xF7DF, 0xF7DF, 0xF7DF, 0xF7DF, 0xF7DF, 0xF7DF, 0xF7DF, 0xF7DF, 0xF7DF,
    0xF7DF, 0xF7DF, 0xF7DF, 0xF7DF, 0xF7DF, 0xF7DF, 0xF7DF, 0xF7DF, 0xF7DF, 0xF7DF, 0xF7DF, 0xF7DF, 0xF7DF, 0xF7DF, 0xF7DF, 0xF7DF,
    0xF7DF, 0xF7DF, 0xF7DF, 0xF7DF, 0xF7DF, 0xF7DF, 0xF7DF, 0xF7DF, 0xF7DF, 0xF7DF, 0xF7DF, 0xF7DF, 0xF7DF, 0xF7DF, 0xF7DF, 0xF7DF,
    0xF7DF, 0xF7DF, 0xF7DF, 0xF7DF, 0xF7DF, 0xEFBF, 0xFFFF, 0x428C, 0x0022, 0x10E5, 0x08C4, 0x08C4, 0x08C4, 0x08C4, 0x0863, 0x0883,
    0x0883, 0x0862, 0x0883, 0x08A4, 0x08A4, 0x08A4, 0x08C4, 0x0042, 0x2967, 0xF7BF, 0xF7DF, 0xF7DF, 0xF7DF, 0xF7DF, 0xF7DF, 0xF7DF,
    0xF7DF, 0xF7DF, 0xF7DF, 0xF7DF, 0xF7DF, 0xF7DF, 0xF7DF, 0xF7DF, 0xF7DF, 0xF7DF, 0xF7DF, 0xF7DF, 0xF7DF, 0xF7DF, 0xF7DF, 0xF7DF,
    0xF7DF, 0xF7DF, 0xF7DF, 0xF7DF, 0xF7DF, 0xF7DF, 0xF7DF, 0xF7DF, 0xF7DF, 0xF7DF, 0xF7DF, 0xF7DF, 0xF7DF, 0xF7DF, 0xF7DF, 0xF7DF,
    0xF7DF, 0xF7DF, 0xF7DF, 0xF7DF, 0xF7DF, 0xF7DF, 0xF7DF, 0xF7DF, 0xF7DF, 0xF7DF, 0xF7DF, 0xF7DF, 0xF7DF, 0xF7DF, 0xF7DF, 0xF7DF,
    0xF7DF, 0xF7DF, 0xF7DF, 0xF7DF, 0xF7DF, 0xF7DF, 0xF7DF, 0xF7DF, 0xF7DF, 0xF7DF, 0xF7DF, 0xF7DF, 0xF7DF, 0xF7DF, 0xF7DF, 0xF7DF,
    0xF7DF, 0xF7DF, 0xF7DF, 0xF7DF, 0xF7DF, 0xF7DF, 0xF7DF, 0xF7DF, 0xF7DF, 0xF7DF, 0xF7DF, 0xF7DF, 0xF7DF, 0xF7DF, 0xF7DF, 0xF7DF,
    0xF7DF, 0xF7DF, 0xF7DF, 0xF7DF, 0xF7DF, 0xF7DF, 0xF7DF, 0xF7DF, 0xF7DF, 0xF7DF, 0xF7BF, 0xEFBF, 0xF7DF, 0xF7DF, 0xF7DF, 0xF7DF,
    0xF7DF, 0xF7DF, 0xF7DF, 0xF7DF, 0xF7DF, 0xF7DF, 0xF7DF, 0xF7DF, 0xF7DF, 0xF7DF, 0xF7DF, 0xF7DF, 0xF7DF, 0xF7DF, 0xF7DF, 0xF7DF,
    0xF7DF, 0xF7DF, 0xF7DF, 0xF7DF, 0xF7DF, 0xF7DF, 0xF7DF, 0xF7DF, 0xF7DF, 0xF7DF, 0xF7DF, 0xF7DF, 0xF7DF, 0xF7DF, 0xF7DF, 0xF7DF,
    0xF7DF, 0xF7DF, 0xF7DF, 0xF7DF, 0xF7DF, 0xF7DF, 0xF7DF, 0xF7DF, 0xF7DF, 0xF7DF, 0xF7DF, 0xF7DF, 0xF7DF, 0xF7DF, 0xF7DF, 0xF7DF,
    0xF7DF, 0xF7DF, 0xF7DF, 0xF7DF, 0xF7DF, 0xF7DF, 0xF7DF, 0xF7DF, 0xF7DF, 0xF7DF, 0xF7DF, 0xF7DF, 0xF7DF, 0xF7DF, 0xF7DF, 0xF7DF,
    0xF7DF, 0xF7DF, 0xF7DF, 0xF7DF, 0xF7DF, 0xF7DF, 0xF7DF, 0xF7DF, 0xF7DF, 0xF7DF, 0xF7DF, 0xF7DF, 0xF7DF, 0xF7DF, 0xF7DF, 0xF7DF,
    0xF7DF, 0xF7DF, 0xF7DF, 0xF7DF, 0xF7DF, 0xF7DF, 0xF7DF, 0xF7DF, 0xF7DF, 0xF7DF, 0xF7DF, 0xF7DF, 0xF7DF, 0xF7DF, 0xF7DF, 0xF7DF,
    0xF7DF, 0xF7DF, 0xF7DF, 0xF7DF, 0xF7DF, 0xF7DF, 0xF7DF, 0xF7DF, 0xF7DF, 0xF7DF, 0xF7DF, 0xF7DF, 0xF7DF, 0xF7DF, 0xF7DF, 0xF7DF,
    0xF7DF, 0xF7DF, 0xF7DF, 0xF7DF, 0xF7DF, 0xEFBF, 0xFFFF, 0x428C, 0x0022, 0x10E5, 0x08C4, 0x08C4, 0x08C4, 0x08C4, 0x0863, 0x0883,
    0x0883, 0x0863, 0x0883, 0x08A4, 0x08A4, 0x08A4, 0x08C4, 0x0042, 0x2967, 0xF7BF, 0xF7DF, 0xF7DF, 0xF7DF, 0xF7DF, 0xF7DF, 0xF7DF,
    0xF7DF, 0xF7DF, 0xF7DF, 0xF7DF, 0xF7DF, 0xF7DF, 0xF7DF, 0xF7DF, 0xF7DF, 0xF7DF, 0xF7DF, 0xF7DF, 0xF7DF, 0xF7DF, 0xF7DF, 0xF7DF,
    0xF7DF, 0xF7DF, 0xF7DF, 0xF7DF, 0xF7DF, 0xF7DF, 0xF7DF, 0xF7DF, 0xF7DF, 0xF7DF, 0xF7DF, 0xF7DF, 0xF7DF, 0xF7DF, 0xF7DF, 0xF7DF,
    0xF7DF, 0xF7DF, 0xF7DF, 0xF7DF, 0xF7DF, 0xF7DF, 0xF7DF, 0xF7DF, 0xF7DF, 0xF7DF, 0xF7DF, 0xF7DF, 0xF7DF, 0xF7DF, 0xF7DF, 0xF7DF,
    0xF7DF, 0xF7DF, 0xF7DF, 0xF7DF, 0xF7DF, 0xF7DF, 0xF7DF, 0xF7DF, 0xF7DF, 0xF7DF, 0xF7DF, 0xF7DF, 0xF7DF, 0xF7DF, 0xF7DF, 0xF7DF,
    0xF7DF, 0xF7DF, 0xF7DF, 0xF7DF, 0xF7DF, 0xFFFF, 0xFFFF, 0xEFBF, 0xF7DF, 0xF7DF, 0xF7DF, 0xF7DF, 0xF7DF, 0xF7DF, 0xF7DF, 0xF7DF,
    0xF7DF, 0xF7DF, 0xF7DF, 0xF7DF, 0xF7DF, 0xF7DF, 0xF7DF, 0xF7DF, 0xFFFF, 0xFFFF, 0xFFFF, 0xFFFF, 0xF7DF, 0xF7DF, 0xF7DF, 0xF7DF,
    0xF7DF, 0xF7DF, 0xF7DF, 0xF7DF, 0xF7DF, 0xF7DF, 0xF7DF, 0xF7DF, 0xF7DF, 0xF7DF, 0xF7DF, 0xF7DF, 0xF7DF, 0xF7DF, 0xF7DF, 0xF7DF,
    0xF7DF, 0xF7DF, 0xF7DF, 0xF7DF, 0xF7DF, 0xF7DF, 0xF7DF, 0xF7DF, 0xF7DF, 0xF7DF, 0xF7DF, 0xF7DF, 0xF7DF, 0xEFDF, 0xF7DF, 0xF7DF,
    0xF7DF, 0xF7DF, 0xF7DF, 0xF7DF, 0xF7DF, 0xEFDF, 0xF7DF, 0xF7DF, 0xF7DF, 0xF7DF, 0xF7DF, 0xF7DF, 0xF7DF, 0xF7DF, 0xF7DF, 0xF7DF,
    0xF7DF, 0xF7DF, 0xF7DF, 0xF7DF, 0xF7DF, 0xF7DF, 0xF7DF, 0xF7DF, 0xF7DF, 0xF7DF, 0xF7DF, 0xF7DF, 0xF7DF, 0xF7DF, 0xF7DF, 0xF7DF,
    0xF7DF, 0xF7DF, 0xF7DF, 0xF7DF, 0xF7DF, 0xF7DF, 0xF7DF, 0xF7DF, 0xF7DF, 0xF7DF, 0xF7DF, 0xF7DF, 0xF7DF, 0xF7DF, 0xF7DF, 0xF7DF,
    0xF7DF, 0xF7DF, 0xF7DF, 0xF7DF, 0xF7DF, 0xF7DF, 0xF7DF, 0xF7DF, 0xF7DF, 0xF7DF, 0xF7DF, 0xF7DF, 0xF7DF, 0xF7DF, 0xF7DF, 0xF7DF,
    0xF7DF, 0xF7DF, 0xF7DF, 0xF7DF, 0xF7DF, 0xF7DF, 0xF7DF, 0xF7DF, 0xF7DF, 0xF7DF, 0xF7DF, 0xF7DF, 0xF7DF, 0xF7DF, 0xF7DF, 0xF7DF,
    0xF7DF, 0xF7DF, 0xF7DF, 0xF7DF, 0xF7DF, 0xEFBF, 0xFFFF, 0x428C, 0x0022, 0x10E5, 0x10C4, 0x08C4, 0x08C4, 0x10C4, 0x0863, 0x0883,
    0x0883, 0x0862, 0x0883, 0x08A4, 0x08A4, 0x08A4, 0x08A4, 0x0042, 0x2967, 0xEFBF, 0xF7DF, 0xF7DF, 0xF7DF, 0xF7DF, 0xF7DF, 0xF7DF,
    0xF7DF, 0xF7DF, 0xF7DF, 0xF7DF, 0xF7DF, 0xF7DF, 0xF7DF, 0xF7DF, 0xF7DF, 0xF7DF, 0xF7DF, 0xF7DF, 0xF7DF, 0xF7DF, 0xF7DF, 0xF7DF,
    0xF7DF, 0xF7DF, 0xF7DF, 0xF7DF, 0xF7DF, 0xF7DF, 0xF7DF, 0xF7DF, 0xF7DF, 0xF7DF, 0xF7DF, 0xF7DF, 0xF7DF, 0xF7DF, 0xF7DF, 0xF7DF,
    0xF7DF, 0xF7DF, 0xF7DF, 0xF7DF, 0xF7DF, 0xF7DF, 0xF7DF, 0xF7DF, 0xFFFF, 0xFFFF, 0xFFFF, 0xFFFF, 0xF7DF, 0xF7DF, 0xF7DF, 0xF7DF,
    0xF7DF, 0xF7DF, 0xF7DF, 0xF7DF, 0xF7DF, 0xF7DF, 0xF7DF, 0xF7DF, 0xF7DF, 0xF7DF, 0xF7DF, 0xF7DF, 0xF7DF, 0xF7DF, 0xF7DF, 0xF7DF,
    0xF7DF, 0xF7DF, 0xF7DF, 0xF7DF, 0xFFFF, 0xDF3E, 0xCEFD, 0xFFFF, 0xF7DF, 0xF7DF, 0xF7DF, 0xF7DF, 0xF7DF, 0xF7DF, 0xF7DF, 0xF7DF,
    0xF7DF, 0xFFFF, 0xFFFF, 0xF7DF, 0xF7DF, 0xF7DF, 0xF7DF, 0xFFFF, 0xD71E, 0x959A, 0xB63C, 0xB65C, 0xFFFF, 0xF7DF, 0xF7DF, 0xF7DF,
    0xF7DF, 0xF7DF, 0xF7DF, 0xF7DF, 0xF7DF, 0xF7DF, 0xF7DF, 0xF7DF, 0xF7DF, 0xF7DF, 0xF7DF, 0xF7DF, 0xF7DF, 0xF7DF, 0xF7DF, 0xF7DF,
    0xF7DF, 0xF7DF, 0xF7DF, 0xF7DF, 0xF7DF, 0xF7DF, 0xF7DF, 0xFFFF, 0xF7DF, 0xEFDF, 0xF7DF, 0xF7DF, 0xF7FF, 0xFFFF, 0xF7FF, 0xF7DF,
    0xF7DF, 0xF7DF, 0xF7DF, 0xF7DF, 0xF7DF, 0xFFFF, 0xF7DF, 0xF7DF, 0xF7DF, 0xF7DF, 0xF7DF, 0xF7DF, 0xF7DF, 0xF7DF, 0xF7DF, 0xF7DF,
    0xF7DF, 0xF7DF, 0xF7DF, 0xF7DF, 0xF7DF, 0xF7DF, 0xF7DF, 0xF7DF, 0xF7DF, 0xF7DF, 0xF7DF, 0xF7DF, 0xF7DF, 0xF7DF, 0xF7DF, 0xF7DF,
    0xF7DF, 0xF7DF, 0xF7DF, 0xF7DF, 0xF7DF, 0xF7DF, 0xF7DF, 0xFFFF, 0xFFFF, 0xF7FF, 0xF7DF, 0xF7DF, 0xF7DF, 0xF7DF, 0xF7DF, 0xF7DF,
    0xF7DF, 0xF7DF, 0xF7DF, 0xF7DF, 0xF7DF, 0xF7DF, 0xF7DF, 0xF7DF, 0xF7DF, 0xF7DF, 0xF7DF, 0xF7DF, 0xF7DF, 0xF7DF, 0xF7DF, 0xF7DF,
    0xF7DF, 0xF7DF, 0xF7DF, 0xF7DF, 0xF7DF, 0xF7DF, 0xF7DF, 0xF7DF, 0xF7DF, 0xF7DF, 0xF7DF, 0xF7DF, 0xF7DF, 0xF7DF, 0xF7DF, 0xF7DF,
    0xF7DF, 0xF7DF, 0xF7DF, 0xF7DF, 0xF7DF, 0xEFBF, 0xFFFF, 0x428C, 0x0022, 0x10E5, 0x08C4, 0x10C4, 0x10C4, 0x10C4, 0x0863, 0x0883,
    0x0883, 0x0863, 0x0883, 0x08A4, 0x08A4, 0x08A4, 0x08A4, 0x0042, 0x2967, 0xF7BF, 0xF7DF, 0xF7DF, 0xF7DF, 0xF7DF, 0xF7DF, 0xF7DF,
    0xF7DF, 0xF7DF, 0xF7DF, 0xF7DF, 0xF7DF, 0xF7DF, 0xF7DF, 0xF7DF, 0xF7DF, 0xF7DF, 0xF7DF, 0xF7DF, 0xF7DF, 0xF7DF, 0xF7DF, 0xF7DF,
    0xF7DF, 0xF7DF, 0xF7DF, 0xF7DF, 0xF7DF, 0xF7DF, 0xF7DF, 0xF7DF, 0xF7DF, 0xF7DF, 0xF7DF, 0xF7DF, 0xF7DF, 0xF7DF, 0xF7DF, 0xF7DF,
    0xF7DF, 0xF7DF, 0xF7DF, 0xF7DF, 0xF7DF, 0xF7DF, 0xF7DF, 0xF7DF, 0xD6FD, 0xCEDD, 0xC6DD, 0xCEDD, 0xEFBF, 0xFFFF, 0xF7DF, 0xF7DF,
    0xF7DF, 0xF7DF, 0xF7DF, 0xF7DF, 0xF7DF, 0xF7DF, 0xF7DF, 0xF7DF, 0xF7DF, 0xF7DF, 0xF7DF, 0xF7DF, 0xF7DF, 0xF7DF, 0xF7DF, 0xF7DF,
    0xF7DF, 0xF7DF, 0xF7DF, 0xF7FF, 0xF7DF, 0xC6BD, 0x5C58, 0xD71E, 0xFFFF, 0xF7DF, 0xF7DF, 0xF7DF, 0xF7DF, 0xF7DF, 0xF7DF, 0xF7DF,
    0xFFFF, 0xD71D, 0xD6FD, 0xF7FF, 0xF7DF, 0xF7DF, 0xF7DF, 0xFFFF, 0xAE3C, 0x8D5A, 0x6CB9, 0xB65C, 0xFFFF, 0xF7DF, 0xF7DF, 0xF7DF,
    0xF7FF, 0xFFFF, 0xF7DF, 0xF7DF, 0xF7DF, 0xF7DF, 0xF7DF, 0xF7DF, 0xF7DF, 0xF7DF, 0xF7DF, 0xF7DF, 0xF7DF, 0xEFDF, 0xF7DF, 0xF7DF,
    0xF7DF, 0xF7DF, 0xF7DF, 0xF7DF, 0xF7DF, 0xF7DF, 0xEFBF, 0xBE9C, 0xE77F, 0xF7DF, 0xF7DF, 0xF7FF, 0xF7DF, 0xCEDD, 0xEF9F, 0xF7DF,
    0xF7DF, 0xF7DF, 0xF7DF, 0xF7FF, 0xF7DF, 0xC6BC, 0xFFFF, 0xFFFF, 0xF7DF, 0xF7DF, 0xF7DF, 0xF7DF, 0xF7DF, 0xF7DF, 0xF7DF, 0xF7DF,
    0xF7DF, 0xF7DF, 0xF7DF, 0xF7DF, 0xF7DF, 0xF7DF, 0xF7DF, 0xF7DF, 0xF7DF, 0xF7DF, 0xF7DF, 0xF7DF, 0xF7DF, 0xF7DF, 0xF7DF, 0xF7DF,
    0xF7DF, 0xF7DF, 0xF7DF, 0xF7DF, 0xF7DF, 0xF7DF, 0xFFFF, 0xD6FD, 0xBE7C, 0xE77E, 0xFFFF, 0xF7DF, 0xF7DF, 0xF7DF, 0xF7DF, 0xF7DF,
    0xF7DF, 0xF7DF, 0xF7DF, 0xF7DF, 0xF7DF, 0xF7DF, 0xF7DF, 0xF7DF, 0xF7DF, 0xF7DF, 0xF7DF, 0xF7DF, 0xF7DF, 0xF7DF, 0xF7DF, 0xF7DF,
    0xF7DF, 0xF7DF, 0xF7DF, 0xF7DF, 0xF7DF, 0xF7DF, 0xF7DF, 0xF7DF, 0xF7DF, 0xF7DF, 0xF7DF, 0xF7DF, 0xF7DF, 0xF7DF, 0xF7DF, 0xF7DF,
    0xF7DF, 0xF7DF, 0xF7DF, 0xF7DF, 0xF7DF, 0xEFBF, 0xFFFF, 0x428C, 0x0022, 0x10E5, 0x08C4, 0x08C4, 0x08C4, 0x08C4, 0x0863, 0x0883,
    0x0883, 0x0862, 0x0883, 0x08A4, 0x08A4, 0x08A3, 0x08A4, 0x0042, 0x2967, 0xF7BF, 0xF7DF, 0xF7DF, 0xF7DF, 0xF7DF, 0xF7DF, 0xF7DF,
    0xF7DF, 0xF7DF, 0xF7DF, 0xF7DF, 0xF7DF, 0xF7DF, 0xF7DF, 0xF7DF, 0xF7DF, 0xF7DF, 0xF7DF, 0xF7DF, 0xF7DF, 0xF7DF, 0xF7DF, 0xF7DF,
    0xF7DF, 0xF7DF, 0xF7DF, 0xF7DF, 0xF7DF, 0xF7DF, 0xF7DF, 0xF7DF, 0xF7DF, 0xF7DF, 0xF7DF, 0xF7DF, 0xF7DF, 0xF7DF, 0xF7DF, 0xF7DF,
    0xF7DF, 0xF7DF, 0xF7DF, 0xF7DF, 0xF7DF, 0xF7DF, 0xF7FF, 0xEF9F, 0x5417, 0x43D6, 0x43B6, 0x3B95, 0x6498, 0xE77E, 0xFFFF, 0xF7DF,
    0xF7DF, 0xF7DF, 0xF7DF, 0xF7DF, 0xF7DF, 0xF7DF, 0xF7DF, 0xF7DF, 0xF7DF, 0xF7DF, 0xF7DF, 0xF7DF, 0xF7DF, 0xF7DF, 0xF7DF, 0xF7DF,
    0xF7DF, 0xF7DF, 0xF7DF, 0xE77E, 0x6C98, 0x6458, 0xA5FB, 0xDF5E, 0xFFFF, 0xF7DF, 0xEFDF, 0xF7DF, 0xF7DF, 0xF7DF, 0xF7DF, 0xEFDF,
    0xFFFF, 0x74D9, 0x6498, 0xFFFF, 0xF7DF, 0xF7DF, 0xF7DF, 0xF7DF, 0xD73E, 0x6498, 0x6C98, 0xEF7E, 0xFFFF, 0xF7DF, 0xF7DF, 0xFFFF,
    0xEF9E, 0xB63C, 0xE77F, 0xF7DF, 0xF7DF, 0xF7DF, 0xF7DF, 0xF7DF, 0xF7DF, 0xF7DF, 0xF7FF, 0xF7DF, 0xF7FF, 0xFFFF, 0xF7DF, 0xF7DF,
    0xF7DF, 0xF7DF, 0xF7DF, 0xF7DF, 0xF7DF, 0xF7DF, 0xF7DF, 0x6477, 0x6478, 0xFFFF, 0xF7DF, 0xFFFF, 0xE75E, 0x43B6, 0xC6BD, 0xFFFF,
    0xF7DF, 0xF7DF, 0xF7DF, 0xF7DF, 0x7D19, 0x43B6, 0x8D7A, 0xFFDF, 0xF7DF, 0xF7DF, 0xF7DF, 0xF7DF, 0xF7DF, 0xF7DF, 0xF7DF, 0xF7DF,
    0xF7DF, 0xF7DF, 0xF7DF, 0xF7DF, 0xF7DF, 0xF7DF, 0xF7DF, 0xF7DF, 0xF7DF, 0xF7DF, 0xF7DF, 0xF7DF, 0xF7DF, 0xF7DF, 0xF7DF, 0xF7DF,
    0xF7DF, 0xF7DF, 0xF7DF, 0xF7DF, 0xF7DF, 0xFFFF, 0x8D7A, 0x3B96, 0x3B96, 0x4BF7, 0xD71D, 0xFFFF, 0xF7DF, 0xF7DF, 0xF7DF, 0xF7DF,
    0xF7DF, 0xF7DF, 0xF7DF, 0xF7DF, 0xF7DF, 0xF7DF, 0xF7DF, 0xF7DF, 0xF7DF, 0xF7DF, 0xF7DF, 0xF7DF, 0xF7DF, 0xF7DF, 0xF7DF, 0xF7DF,
    0xF7DF, 0xF7DF, 0xF7DF, 0xF7DF, 0xF7DF, 0xF7DF, 0xF7DF, 0xF7DF, 0xF7DF, 0xF7DF, 0xF7DF, 0xF7DF, 0xF7DF, 0xF7DF, 0xF7DF, 0xF7DF,
    0xF7DF, 0xF7DF, 0xF7DF, 0xF7DF, 0xF7DF, 0xEFBF, 0xFFFF, 0x428C, 0x0022, 0x10E5, 0x08C4, 0x08C4, 0x08C4, 0x08C4, 0x0863, 0x08A3,
    0x0883, 0x0862, 0x0883, 0x08A4, 0x08A4, 0x08A4, 0x08A4, 0x0042, 0x2967, 0xF7BF, 0xF7DF, 0xF7DF, 0xF7DF, 0xF7DF, 0xF7DF, 0xF7DF,
    0xF7DF, 0xF7DF, 0xF7DF, 0xF7DF, 0xF7DF, 0xF7DF, 0xF7DF, 0xF7DF, 0xF7DF, 0xF7DF, 0xF7DF, 0xF7DF, 0xF7DF, 0xF7DF, 0xF7DF, 0xF7DF,
    0xF7DF, 0xF7DF, 0xF7DF, 0xF7DF, 0xF7DF, 0xF7DF, 0xF7DF, 0xF7DF, 0xF7DF, 0xF7DF, 0xF7DF, 0xF7DF, 0xF7DF, 0xF7DF, 0xF7DF, 0xF7DF,
    0xF7DF, 0xF7DF, 0xF7DF, 0xF7DF, 0xF7DF, 0xF7DF, 0xF7DF, 0xEF9F, 0x4BF6, 0x8D7A, 0xEF9E, 0xD6FD, 0x43D6, 0x9DBB, 0xFFFF, 0xFFFF,
    0xF7DF, 0xEFDF, 0xF7FF, 0xF7DF, 0xFFFF, 0xFFFF, 0xFFFF, 0xF7DF, 0xFFFF, 0xF7DF, 0xF7DF, 0xF7DF, 0xF7DF, 0xF7DF, 0xFFFF, 0xF7DF,
    0xFFFF, 0xFFFF, 0xFFFF, 0xCEFE, 0xAE3B, 0xCEDD, 0xBE9C, 0xFFFF, 0xFFFF, 0xFFFF, 0xF7FF, 0xEFBF, 0xF7FF, 0xF7DF, 0xF7DF, 0xF7DF,
    0xFFFF, 0x6CB8, 0x6CB8, 0xFFFF, 0xF7DF, 0xFFFF, 0xF7DF, 0xFFFF, 0xBE9D, 0xB63C, 0xB63B, 0xCEDD, 0xFFFF, 0xF7DF, 0xF7DF, 0xFFFF,
    0xCEDD, 0x2B55, 0xD71E, 0xFFFF, 0xFFFF, 0xFFFF, 0xFFFF, 0xF7DF, 0xF7DF, 0xFFFF, 0xF7BF, 0xFFFF, 0xEF9F, 0xAE1C, 0xF7DF, 0xF7DF,
    0xF7DF, 0xFFFF, 0xFFFF, 0xEFBF, 0xFFFF, 0xFFFF, 0xF7FF, 0xEF9F, 0xAE1B, 0xF7BF, 0xF7DF, 0xFFFF, 0xDF3E, 0x43D6, 0xCEFD, 0xFFFF,
    0xF7DF, 0xF7FF, 0xF7FF, 0xE79F, 0xAE1B, 0xE77E, 0xB67C, 0xF7DF, 0xFFFF, 0xFFFF, 0xFFFF, 0xF7DF, 0xEFDF, 0xFFFF, 0xFFFF, 0xFFDF,
    0xFFFF, 0xF7DF, 0xF7DF, 0xF7DF, 0xF7DF, 0xF7DF, 0xFFFF, 0xF7DF, 0xF7FF, 0xEFDF, 0xF7DF, 0xFFFF, 0xF7DF, 0xFFDF, 0xFFFF, 0xF7DF,
    0xFFFF, 0xF7FF, 0xF7DF, 0xF7DF, 0xFFFF, 0xEF9E, 0x5C37, 0xAE3B, 0xEF9E, 0x5417, 0x7D19, 0xFFFF, 0xF7DF, 0xF7DF, 0xF7DF, 0xF7DF,
    0xF7DF, 0xF7DF, 0xF7DF, 0xF7DF, 0xF7DF, 0xF7DF, 0xF7DF, 0xF7DF, 0xF7DF, 0xF7DF, 0xF7DF, 0xF7DF, 0xF7DF, 0xF7DF, 0xF7DF, 0xF7DF,
    0xF7DF, 0xF7DF, 0xF7DF, 0xF7DF, 0xF7DF, 0xF7DF, 0xF7DF, 0xF7DF, 0xF7DF, 0xF7DF, 0xF7DF, 0xF7DF, 0xF7DF, 0xF7DF, 0xF7DF, 0xF7DF,
    0xF7DF, 0xF7DF, 0xF7DF, 0xF7DF, 0xF7DF, 0xEFBF, 0xFFFF, 0x428C, 0x0002, 0x10E5, 0x08C4, 0x08C4, 0x08C4, 0x08C4, 0x0863, 0x0883,
    0x0883, 0x0862, 0x0883, 0x08A4, 0x08A4, 0x08A4, 0x08A4, 0x0042, 0x2967, 0xF7BF, 0xF7DF, 0xF7DF, 0xF7DF, 0xF7DF, 0xF7DF, 0xF7DF,
    0xF7DF, 0xF7DF, 0xF7DF, 0xF7DF, 0xF7DF, 0xF7DF, 0xF7DF, 0xF7DF, 0xF7DF, 0xF7DF, 0xF7DF, 0xF7DF, 0xF7DF, 0xF7DF, 0xF7DF, 0xF7DF,
    0xF7DF, 0xF7DF, 0xF7DF, 0xF7DF, 0xF7DF, 0xF7DF, 0xF7DF, 0xF7DF, 0xF7DF, 0xF7DF, 0xF7DF, 0xF7DF, 0xF7DF, 0xF7DF, 0xF7DF, 0xF7DF,
    0xF7DF, 0xF7DF, 0xF7DF, 0xF7DF, 0xF7DF, 0xF7DF, 0xF7DF, 0xEF9F, 0x4BF6, 0x959A, 0xF7DF, 0xDF3E, 0x5437, 0xB63C, 0xFFFF, 0xA5DB,
    0x5C37, 0x4C16, 0x8D7A, 0xFFFF, 0xCEFD, 0x74F9, 0x8D7A, 0x5437, 0x7CF9, 0xE77E, 0xF7FF, 0xF7DF, 0xF7DF, 0xEFBF, 0x959A, 0x5437,
    0x6498, 0xBE7C, 0xF7DF, 0xAE1B, 0x5C36, 0x5416, 0x959A, 0xFFFF, 0xCEDD, 0x74D8, 0x853A, 0x4BD7, 0x7CF9, 0xE79F, 0xF7DF, 0xF7DF,
    0xFFFF, 0x6CB8, 0x5C16, 0x74F9, 0x5417, 0xA5FB, 0xFFFF, 0xFFFF, 0xA5FB, 0x5437, 0x5C57, 0xB63C, 0xF7FF, 0xF7DF, 0xFFFF, 0xE77E,
    0x5C37, 0x43B6, 0x4C17, 0xCEDD, 0x9DBA, 0x8539, 0x6478, 0x9DDB, 0xF7DF, 0x8D7A, 0x4C17, 0x6CB8, 0x7D19, 0x74D9, 0xFFFF, 0xEFBF,
    0xF7DF, 0xDF5E, 0x74D9, 0x43D6, 0x7CF8, 0x6CD8, 0xCEDD, 0xDF3E, 0x74F9, 0xF7BF, 0xF7DF, 0xF7FF, 0xD71D, 0x43B6, 0x7CF9, 0x5C58,
    0x6478, 0xD71E, 0xF7FF, 0xD6FD, 0x74F9, 0x5437, 0x7D19, 0xDF3E, 0xFFFF, 0x8D9A, 0x8539, 0x5C37, 0x6478, 0xBE7C, 0x6CB9, 0x5C78,
    0xC6BD, 0xFFFF, 0xF7DF, 0xFFFF, 0xC69C, 0x6CB8, 0x8539, 0x4C17, 0x7CF8, 0xE79F, 0xEFBF, 0x959A, 0x5C57, 0x5437, 0xB65C, 0xEF9F,
    0x6C98, 0xC6BD, 0xFFFF, 0xCEFD, 0x5C57, 0xD71D, 0xF7DF, 0xFFFF, 0xEFBF, 0x4BD6, 0x8D7A, 0xFFFF, 0xF7DF, 0xF7DF, 0xF7DF, 0xF7DF,
    0xF7DF, 0xF7DF, 0xF7DF, 0xF7DF, 0xF7DF, 0xF7DF, 0xF7DF, 0xF7DF, 0xF7DF, 0xF7DF, 0xF7DF, 0xF7DF, 0xF7DF, 0xF7DF, 0xF7DF, 0xF7DF,
    0xF7DF, 0xF7DF, 0xF7DF, 0xF7DF, 0xF7DF, 0xF7DF, 0xF7DF, 0xF7DF, 0xF7DF, 0xF7DF, 0xF7DF, 0xF7DF, 0xF7DF, 0xF7DF, 0xF7DF, 0xF7DF,
    0xF7DF, 0xF7DF, 0xF7DF, 0xF7DF, 0xF7DF, 0xEFBF, 0xFFFF, 0x428C, 0x0002, 0x10E5, 0x08A4, 0x08C4, 0x08A4, 0x08C4, 0x0863, 0x0883,
    0x0883, 0x0862, 0x0883, 0x08A4, 0x08A4, 0x08A3, 0x08A4, 0x0042, 0x2967, 0xF7BF, 0xF7DF, 0xF7DF, 0xF7DF, 0xF7DF, 0xF7DF, 0xF7DF,
    0xF7DF, 0xF7DF, 0xF7DF, 0xF7DF, 0xF7DF, 0xF7DF, 0xF7DF, 0xF7DF, 0xF7DF, 0xF7DF, 0xF7DF, 0xF7DF, 0xF7DF, 0xF7DF, 0xF7DF, 0xF7DF,
    0xF7DF, 0xF7DF, 0xF7DF, 0xF7DF, 0xF7DF, 0xF7DF, 0xF7DF, 0xF7DF, 0xF7DF, 0xF7DF, 0xF7DF, 0xF7DF, 0xF7DF, 0xF7DF, 0xF7DF, 0xF7DF,
    0xF7DF, 0xF7DF, 0xF7DF, 0xF7DF, 0xF7DF, 0xF7DF, 0xF7FF, 0xEF9F, 0x5437, 0x43D6, 0x4BF6, 0x3B76, 0x5437, 0xEF9E, 0xF7DF, 0x7D19,
    0xAE3B, 0xBE7C, 0x3375, 0xC69C, 0xCEFD, 0x3376, 0x855A, 0xAE1B, 0x3B96, 0x9DDB, 0xFFFF, 0xEFBF, 0xFFFF, 0x959A, 0x3B76, 0xAE1B,
    0x8D7A, 0x6498, 0xEF9F, 0x855A, 0x9DDA, 0xB63B, 0x3375, 0xC6BC, 0xC6BD, 0x2B35, 0x8539, 0xA5FB, 0x3355, 0xA5DB, 0xFFFF, 0xEFBF,
    0xFFFF, 0x7D19, 0x3BB6, 0xA5FB, 0x7D19, 0x3335, 0xDF5E, 0xAE3C, 0x3B96, 0xA5DB, 0x9DBA, 0x3B75, 0xB65C, 0xFFFF, 0xF7DF, 0xEFBF,
    0x8539, 0x3B95, 0x957A, 0xE77E, 0x7CF9, 0x3335, 0x7D19, 0xD71D, 0x855A, 0x4C17, 0xB67C, 0x74F9, 0x2B55, 0xD71E, 0xFFFF, 0xF7DF,
    0xF7DF, 0x6478, 0x5417, 0xAE3B, 0x6CB8, 0x2B35, 0xC69C, 0xCEDD, 0x3B96, 0xEF7E, 0xF7DF, 0xF7FF, 0xD71E, 0x3BB6, 0x6C98, 0xAE3C,
    0x43B6, 0x74F9, 0xF7DF, 0x4BF7, 0x5C37, 0xB65C, 0x5C37, 0x4BF6, 0xF7DF, 0x6CB8, 0x4BF7, 0xA5FB, 0x5437, 0x4BF7, 0xAE3B, 0x6498,
    0x6478, 0xFFFF, 0xEFDF, 0xFFFF, 0xAE3C, 0x2B35, 0x8539, 0xAE1B, 0x3375, 0xA5FB, 0xEF9F, 0x7D19, 0xCEDD, 0x8D9A, 0x3375, 0xEF7E,
    0x6CB9, 0x74D9, 0xFFFF, 0x855A, 0x43B6, 0xEFBF, 0xFFFF, 0xF7BF, 0x5C58, 0x6478, 0xEFBF, 0xF7DF, 0xF7DF, 0xF7DF, 0xF7DF, 0xF7DF,
    0xF7DF, 0xF7DF, 0xF7DF, 0xF7DF, 0xF7DF, 0xF7DF, 0xF7DF, 0xF7DF, 0xF7DF, 0xF7DF, 0xF7DF, 0xF7DF, 0xF7DF, 0xF7DF, 0xF7DF, 0xF7DF,
    0xF7DF, 0xF7DF, 0xF7DF, 0xF7DF, 0xF7DF, 0xF7DF, 0xF7DF, 0xF7DF, 0xF7DF, 0xF7DF, 0xF7DF, 0xF7DF, 0xF7DF, 0xF7DF, 0xF7DF, 0xF7DF,
    0xF7DF, 0xF7DF, 0xF7DF, 0xF7DF, 0xF7DF, 0xEFBF, 0xFFFF, 0x428C, 0x0002, 0x10E5, 0x08C4, 0x08C4, 0x08C4, 0x08C4, 0x0863, 0x0883,
    0x0883, 0x0862, 0x0883, 0x08A4, 0x08A4, 0x08A3, 0x08A4, 0x0042, 0x2967, 0xF7BF, 0xF7DF, 0xF7DF, 0xF7DF, 0xF7DF, 0xF7DF, 0xF7DF,
    0xF7DF, 0xF7DF, 0xF7DF, 0xF7DF, 0xF7DF, 0xF7DF, 0xF7DF, 0xF7DF, 0xF7DF, 0xF7DF, 0xF7DF, 0xF7DF, 0xF7DF, 0xF7DF, 0xF7DF, 0xF7DF,
    0xF7DF, 0xF7DF, 0xF7DF, 0xF7DF, 0xF7DF, 0xF7DF, 0xF7DF, 0xF7DF, 0xF7DF, 0xF7DF, 0xF7DF, 0xF7DF, 0xF7DF, 0xF7DF, 0xF7DF, 0xF7DF,
    0xF7DF, 0xF7DF, 0xF7DF, 0xF7DF, 0xF7DF, 0xF7DF, 0xF7DF, 0xEF9F, 0x5417, 0x8539, 0xC6BD, 0xB65C, 0x5C37, 0x7CF9, 0xFFFF, 0xC69C,
    0x7D19, 0x853A, 0x43B6, 0xA5FB, 0xCEDD, 0x4BF7, 0xF7BF, 0xFFFF, 0x6CD8, 0x8D5A, 0xFFFF, 0xEFDF, 0xF7DF, 0x5417, 0x8D7A, 0xFFFF,
    0xFFFF, 0xF7DF, 0xF7FF, 0xBE7C, 0x7CF9, 0x7D39, 0x43D6, 0xAE1B, 0xBE9D, 0x43D6, 0xEFBF, 0xFFFF, 0x6478, 0x8D7A, 0xFFFF, 0xEFBF,
    0xFFFF, 0x74F9, 0x74D9, 0xFFFF, 0xDF3E, 0x3B75, 0xCEBD, 0x6C98, 0x8539, 0xFFFF, 0xFFFF, 0x6CB8, 0x74B8, 0xFFFF, 0xF7BF, 0xFFFF,
    0xC6DD, 0x3B96, 0xE75E, 0xFFFF, 0x6CB9, 0x6CB9, 0xFFFF, 0xEFBF, 0x43B7, 0xB65C, 0xFFFF, 0xE79E, 0x43D7, 0xAE3C, 0xFFFF, 0xFFFF,
    0xDF5E, 0x3B75, 0xBE7C, 0xFFFF, 0xEF9F, 0x43D6, 0xC69C, 0xCEDD, 0x43B6, 0xE75E, 0xF7DF, 0xFFFF, 0xDF3E, 0x3BB6, 0xCEDD, 0xFFFF,
    0x8539, 0x6C98, 0xCEDD, 0x3B96, 0xDF1D, 0xFFFF, 0xD71D, 0x3355, 0xCEDD, 0x6498, 0x8D7A, 0xFFFF, 0x8D7A, 0x74F9, 0xFFFF, 0x9DDB,
    0x4BF7, 0xEFBF, 0xF7DF, 0xFFFF, 0xAE3C, 0x43D6, 0xF7BF, 0xFFFF, 0x6478, 0x8D7A, 0xFFFF, 0x9DDB, 0x74F8, 0x74F9, 0x3BB6, 0xDF3E,
    0xC69C, 0x3BB6, 0xDF3E, 0x4BF7, 0x9D9A, 0xFFFF, 0xFFFF, 0xA5FB, 0x4BF7, 0xF7BF, 0xFFFF, 0xF7DF, 0xF7DF, 0xF7DF, 0xF7DF, 0xF7DF,
    0xF7DF, 0xF7DF, 0xF7DF, 0xF7DF, 0xF7DF, 0xF7DF, 0xF7DF, 0xF7DF, 0xF7DF, 0xF7DF, 0xF7DF, 0xF7DF, 0xF7DF, 0xF7DF, 0xF7DF, 0xF7DF,
    0xF7DF, 0xF7DF, 0xF7DF, 0xF7DF, 0xF7DF, 0xF7DF, 0xF7DF, 0xF7DF, 0xF7DF, 0xF7DF, 0xF7DF, 0xF7DF, 0xF7DF, 0xF7DF, 0xF7DF, 0xF7DF,
    0xF7DF, 0xF7DF, 0xF7DF, 0xF7DF, 0xF7DF, 0xEFBF, 0xFFFF, 0x428C, 0x0002, 0x10E5, 0x08C4, 0x08C4, 0x08C4, 0x08C4, 0x0863, 0x0883,
    0x0883, 0x0862, 0x0883, 0x08A4, 0x08A4, 0x08A4, 0x08A4, 0x0042, 0x2967, 0xF7BF, 0xF7DF, 0xF7DF, 0xF7DF, 0xF7DF, 0xF7DF, 0xF7DF,
    0xF7DF, 0xF7DF, 0xF7DF, 0xF7DF, 0xF7DF, 0xF7DF, 0xF7DF, 0xF7DF, 0xF7DF, 0xF7DF, 0xF7DF, 0xF7DF, 0xF7DF, 0xF7DF, 0xF7DF, 0xF7DF,
    0xF7DF, 0xF7DF, 0xF7DF, 0xF7DF, 0xF7DF, 0xF7DF, 0xF7DF, 0xF7DF, 0xF7DF, 0xF7DF, 0xF7DF, 0xF7DF, 0xF7DF, 0xF7DF, 0xF7DF, 0xF7DF,
    0xF7DF, 0xF7DF, 0xF7DF, 0xF7DF, 0xF7DF, 0xF7DF, 0xF7FF, 0xEF9F, 0x4BF7, 0xAE1B, 0xFFFF, 0xFFFF, 0x8D5A, 0x53F7, 0xCEDD, 0x43B6,
    0xAE1B, 0xCEBD, 0x43D7, 0xAE1B, 0xCEDD, 0x4C17, 0xEF9F, 0xFFFF, 0x6CB8, 0x8D5A, 0xFFFF, 0xEFBF, 0xF7DF, 0x5438, 0x8D5A, 0xFFFF,
    0xEFBF, 0xE79F, 0xCEFD, 0x3B96, 0xA5FB, 0xCEDD, 0x43B6, 0xAE1B, 0xBE9C, 0x4BF7, 0xEF9F, 0xFFFF, 0x6CB8, 0x959A, 0xFFFF, 0xEFBF,
    0xFFFF, 0x74D8, 0x74D9, 0xFFFF, 0xD71E, 0x43B6, 0xD71D, 0x74B8, 0x74B8, 0xFFFF, 0xFFFF, 0x6477, 0x74B8, 0xFFFF, 0xF7BF, 0xFFFF,
    0xC6BC, 0x43D7, 0xE75E, 0xFFFF, 0x6498, 0x7D19, 0xFFFF, 0xEF9E, 0x43B6, 0x9DDB, 0xFFFF, 0xE77E, 0x43D7, 0xB63C, 0xFFFF, 0xFFFF,
    0xE77E, 0x3B75, 0x9DDA, 0xFFFF, 0xDF5E, 0x3BB6, 0xBE7C, 0xC6BD, 0x3B95, 0xE75E, 0xF7FF, 0xFFFF, 0xDF3E, 0x43D7, 0xC6BD, 0xFFFF,
    0x853A, 0x6CB8, 0xCEDD, 0x3376, 0xCEFD, 0xFFFF, 0xCEDD, 0x2B35, 0xCEDD, 0x6498, 0x8D7A, 0xFFFF, 0x8D7A, 0x7CF9, 0xFFFF, 0x959A,
    0x4BD6, 0xEFBF, 0xF7DF, 0xFFFF, 0xB65C, 0x4BF7, 0xEF9F, 0xFFFF, 0x5C78, 0x95BB, 0xA61B, 0x3375, 0xC6BC, 0xAE1B, 0x43D7, 0xDF3E,
    0xFFDF, 0x4C17, 0x6498, 0x4396, 0xDF3E, 0xF7FF, 0xF7DF, 0xD71E, 0xCEDD, 0xFFFF, 0xF7DF, 0xF7DF, 0xF7DF, 0xF7DF, 0xF7DF, 0xF7DF,
    0xF7DF, 0xF7DF, 0xF7DF, 0xF7DF, 0xF7DF, 0xF7DF, 0xF7DF, 0xF7DF, 0xF7DF, 0xF7DF, 0xF7DF, 0xF7DF, 0xF7DF, 0xF7DF, 0xF7DF, 0xF7DF,
    0xF7DF, 0xF7DF, 0xF7DF, 0xF7DF, 0xF7DF, 0xF7DF, 0xF7DF, 0xF7DF, 0xF7DF, 0xF7DF, 0xF7DF, 0xF7DF, 0xF7DF, 0xF7DF, 0xF7DF, 0xF7DF,
    0xF7DF, 0xF7DF, 0xF7DF, 0xF7DF, 0xF7DF, 0xEFBF, 0xFFFF, 0x428C, 0x0002, 0x10E5, 0x08C4, 0x08C4, 0x08C4, 0x08C4, 0x0863, 0x0883,
    0x0883, 0x0862, 0x0883, 0x08A4, 0x08A4, 0x08A4, 0x08A4, 0x0042, 0x2967, 0xF7BF, 0xF7DF, 0xF7DF, 0xF7DF, 0xF7DF, 0xF7DF, 0xF7DF,
    0xF7DF, 0xF7DF, 0xF7DF, 0xF7DF, 0xF7DF, 0xF7DF, 0xF7DF, 0xF7DF, 0xF7DF, 0xF7DF, 0xF7DF, 0xF7DF, 0xF7DF, 0xF7DF, 0xF7DF, 0xF7DF,
    0xF7DF, 0xF7DF, 0xF7DF, 0xF7DF, 0xF7DF, 0xF7DF, 0xF7DF, 0xF7DF, 0xF7DF, 0xF7DF, 0xF7DF, 0xF7DF, 0xF7DF, 0xF7DF, 0xF7DF, 0xF7DF,
    0xF7DF, 0xF7DF, 0xF7DF, 0xF7DF, 0xF7DF, 0xF7DF, 0xF7FF, 0xEF9F, 0x43B6, 0x5417, 0x8539, 0x7CF9, 0x3355, 0x8D5A, 0xCEDD, 0x3355,
    0xA5FB, 0xAE1B, 0x3396, 0xB63C, 0xC6DD, 0x3396, 0xE77E, 0xFFFF, 0x5437, 0x7CF9, 0xFFFF, 0xEFBF, 0xFFFF, 0xA5FB, 0x3355, 0x8D7A,
    0x6CB8, 0x5437, 0xC6BD, 0x3BB6, 0xA5FB, 0xA5FB, 0x2B14, 0xA5FA, 0xBE7C, 0x3BB6, 0xF7BF, 0xFFFF, 0x5C58, 0x853A, 0xFFFF, 0xEFBF,
    0xFFFF, 0x6498, 0x6457, 0xFFFF, 0xD73E, 0x3B96, 0xD71D, 0xC69C, 0x3355, 0x8539, 0x7D19, 0x3B96, 0xC69C, 0xFFFF, 0xF7BF, 0xFFFF,
    0xD6FD, 0x3B96, 0x6CB8, 0xCEDD, 0x6498, 0x6CB8, 0xFFFF, 0xFFFF, 0x8D59, 0x3355, 0x959A, 0x6478, 0x4C17, 0xEF7E, 0xFFFF, 0xF7DF,
    0xFFFF, 0x8519, 0x3335, 0x74D8, 0x5C57, 0x3376, 0xBE7C, 0xBE9C, 0x3355, 0xEF7E, 0xFFFF, 0xFFFF, 0xDF3E, 0x3376, 0xBE9C, 0xFFFF,
    0x7D19, 0x5C58, 0xFFDF, 0x5C57, 0x4BF7, 0x9DDB, 0x4BF6, 0x5C37, 0xF7DF, 0x5417, 0x8559, 0xFFFF, 0x8539, 0x6CB8, 0xFFFF, 0x8D7A,
    0x3B96, 0xEFBF, 0xEFDF, 0xFFFF, 0xB63B, 0x3B96, 0xE77E, 0xF7FF, 0x4BF6, 0x8D5A, 0xA5FB, 0x3375, 0xBE7C, 0x853A, 0x3376, 0xD6FD,
    0xFFFF, 0x9DDB, 0x2B35, 0x74D8, 0xF7FF, 0xEFBF, 0xFFFF, 0x959A, 0x5C58, 0xEFBF, 0xF7DF, 0xF7DF, 0xF7DF, 0xF7DF, 0xF7DF, 0xF7DF,
    0xF7DF, 0xF7DF, 0xF7DF, 0xF7DF, 0xF7DF, 0xF7DF, 0xF7DF, 0xF7DF, 0xF7DF, 0xF7DF, 0xF7DF, 0xF7DF, 0xF7DF, 0xF7DF, 0xF7DF, 0xF7DF,
    0xF7DF, 0xF7DF, 0xF7DF, 0xF7DF, 0xF7DF, 0xF7DF, 0xF7DF, 0xF7DF, 0xF7DF, 0xF7DF, 0xF7DF, 0xF7DF, 0xF7DF, 0xF7DF, 0xF7DF, 0xF7DF,
    0xF7DF, 0xF7DF, 0xF7DF, 0xF7DF, 0xF7DF, 0xEFBF, 0xFFFF, 0x428C, 0x0002, 0x10E5, 0x08C4, 0x08C4, 0x08C4, 0x10C4, 0x0883, 0x0883,
    0x0883, 0x0862, 0x0883, 0x08A4, 0x08A4, 0x08A4, 0x08A4, 0x0042, 0x2967, 0xF7BF, 0xF7DF, 0xF7DF, 0xF7DF, 0xF7DF, 0xF7DF, 0xF7DF,
    0xF7DF, 0xF7DF, 0xF7DF, 0xF7DF, 0xF7DF, 0xF7DF, 0xF7DF, 0xF7DF, 0xF7DF, 0xF7DF, 0xF7DF, 0xF7DF, 0xF7DF, 0xF7DF, 0xF7DF, 0xF7DF,
    0xF7DF, 0xF7DF, 0xF7DF, 0xF7DF, 0xF7DF, 0xF7DF, 0xF7DF, 0xF7DF, 0xF7DF, 0xF7DF, 0xF7DF, 0xF7DF, 0xF7DF, 0xF7DF, 0xF7DF, 0xF7DF,
    0xF7DF, 0xF7DF, 0xF7DF, 0xF7DF, 0xF7DF, 0xF7DF, 0xF7DF, 0xEFBF, 0x8D59, 0x74D8, 0x74F9, 0x7D19, 0xA5DB, 0xE7BF, 0xF7DF, 0x95BA,
    0x6478, 0x9DDB, 0x957A, 0xCEDD, 0xD71E, 0x7D19, 0xE79F, 0xF7FF, 0x8D7A, 0xA5FB, 0xFFFF, 0xF7DF, 0xF7DF, 0xF7DF, 0xA5DB, 0x6498,
    0x74D9, 0xC6DD, 0xFFFF, 0xAE3B, 0x6478, 0x8539, 0x8539, 0xC69C, 0xD71E, 0x855A, 0xF7DF, 0xFFFF, 0x959A, 0xA61B, 0xFFFF, 0xEFBF,
    0xFFFF, 0xA5DB, 0x95BA, 0xFFFF, 0xE77E, 0x8539, 0xDF3E, 0xFFFF, 0xB65C, 0x6498, 0x6C98, 0xC6BD, 0xFFFF, 0xF7DF, 0xF7DF, 0xF7DF,
    0xFFDF, 0x9DDB, 0x5C37, 0xC6BD, 0xA5FB, 0x9DBB, 0xFFFF, 0xF7FF, 0xF7BF, 0x95BA, 0x74D8, 0x8559, 0xD71E, 0xF7FF, 0xF7DF, 0xF7DF,
    0xF7DF, 0xFFFF, 0xA5FB, 0x7D19, 0xB65C, 0x43D6, 0xB65C, 0xDF3E, 0x8519, 0xF7BF, 0xF7FF, 0xF7FF, 0xE75E, 0x7D19, 0xCF1E, 0xFFFF,
    0xAE3C, 0x95BB, 0xFFFF, 0xE77E, 0x8D59, 0x6498, 0x855A, 0xDF7E, 0xFFFF, 0x959A, 0xB65C, 0xFFFF, 0xAE3C, 0x9DBB, 0xFFFF, 0xB67C,
    0x8539, 0xF7DF, 0xF7DF, 0xFFFF, 0xCEDD, 0x8519, 0xE79F, 0xF7FF, 0x8D59, 0xAE1B, 0xF7DF, 0x8559, 0x5C57, 0x95BA, 0x8D5A, 0xD71E,
    0xFFFF, 0xD71D, 0x43D7, 0xC6BD, 0xFFFF, 0xEFBF, 0xFFFF, 0xAE3C, 0x7D19, 0xF7DF, 0xF7DF, 0xF7DF, 0xF7DF, 0xF7DF, 0xF7DF, 0xF7DF,
    0xF7DF, 0xF7DF, 0xF7DF, 0xF7DF, 0xF7DF, 0xF7DF, 0xF7DF, 0xF7DF, 0xF7DF, 0xF7DF, 0xF7DF, 0xF7DF, 0xF7DF, 0xF7DF, 0xF7DF, 0xF7DF,
    0xF7DF, 0xF7DF, 0xF7DF, 0xF7DF, 0xF7DF, 0xF7DF, 0xF7DF, 0xF7DF, 0xF7DF, 0xF7DF, 0xF7DF, 0xF7DF, 0xF7DF, 0xF7DF, 0xF7DF, 0xF7DF,
    0xF7DF, 0xF7DF, 0xF7DF, 0xF7DF, 0xF7DF, 0xEFBF, 0xFFFF, 0x428C, 0x0002, 0x10E5, 0x08C4, 0x08C4, 0x08C4, 0x10C4, 0x0863, 0x08A3,
    0x0883, 0x0862, 0x0883, 0x08A4, 0x08A4, 0x08A4, 0x08A4, 0x0042, 0x2967, 0xF7BF, 0xF7DF, 0xF7DF, 0xF7DF, 0xF7DF, 0xF7DF, 0xF7DF,
    0xF7DF, 0xF7DF, 0xF7DF, 0xF7DF, 0xF7DF, 0xF7DF, 0xF7DF, 0xF7DF, 0xF7DF, 0xF7DF, 0xF7DF, 0xF7DF, 0xF7DF, 0xF7DF, 0xF7DF, 0xF7DF,
    0xF7DF, 0xF7DF, 0xF7DF, 0xF7DF, 0xF7DF, 0xF7DF, 0xF7DF, 0xF7DF, 0xF7DF, 0xF7DF, 0xF7DF, 0xF7DF, 0xF7DF, 0xF7DF, 0xF7DF, 0xF7DF,
    0xF7DF, 0xF7DF, 0xF7DF, 0xF7DF, 0xF7DF, 0xF7DF, 0xF7DF, 0xF7DF, 0xFFFF, 0xFFFF, 0xFFFF, 0xFFFF, 0xFFFF, 0xEFDF, 0xEFBF, 0xFFFF,
    0xC6BD, 0xAE3C, 0xFFFF, 0xFFFF, 0xF7DF, 0xFFFF, 0xF7DF, 0xF7DF, 0xF7FF, 0xF7FF, 0xF7DF, 0xF7DF, 0xF7DF, 0xF7DF, 0xFFFF, 0xFFFF,
    0xFFFF, 0xFFFF, 0xF7DF, 0xFFFF, 0xFFFF, 0xFFFF, 0xF7FF, 0xF7DF, 0xFFFF, 0xFFFF, 0xF7DF, 0xF7DF, 0xFFFF, 0xF7FF, 0xF7DF, 0xF7DF,
    0xF7DF, 0xFFFF, 0xF7FF, 0xF7DF, 0xFFFF, 0xFFFF, 0xF7DF, 0xF7DF, 0xFFFF, 0xFFFF, 0xFFFF, 0xFFFF, 0xF7DF, 0xF7DF, 0xF7DF, 0xF7DF,
    0xF7DF, 0xFFFF, 0xFFFF, 0xFFFF, 0xFFFF, 0xFFFF, 0xF7DF, 0xF7DF, 0xF7DF, 0xFFFF, 0x959B, 0xDF3E, 0xFFFF, 0xEFBF, 0xF7DF, 0xEFDF,
    0xFFFF, 0x957A, 0x8519, 0xDF5E, 0x9DBA, 0x3355, 0xD71D, 0xFFFF, 0xFFFF, 0xFFFF, 0xF7DF, 0xF7DF, 0xF7DF, 0xFFFF, 0xF7DF, 0xF7DF,
    0xFFFF, 0xFFFF, 0xEFDF, 0xFFFF, 0xFFFF, 0xFFFF, 0xFFFF, 0xF7DF, 0xF7DF, 0xFFFF, 0xFFFF, 0xF7DF, 0xFFFF, 0xF7FF, 0xEFDF, 0xFFFF,
    0xFFFF, 0xF7DF, 0xF7DF, 0xF7DF, 0xF7FF, 0xFFFF, 0xF7DF, 0xF7DF, 0xFFFF, 0xF7FF, 0xFFFF, 0xFFFF, 0xFFFF, 0xFFFF, 0xFFFF, 0xEFDF,
    0xD73E, 0x74F9, 0x5C78, 0xF7DF, 0xF7DF, 0xF7DF, 0xF7DF, 0xFFFF, 0xFFFF, 0xF7DF, 0xF7DF, 0xF7DF, 0xF7DF, 0xF7DF, 0xF7DF, 0xF7DF,
    0xF7DF, 0xF7DF, 0xF7DF, 0xF7DF, 0xF7DF, 0xF7DF, 0xF7DF, 0xF7DF, 0xF7DF, 0xF7DF, 0xF7DF, 0xF7DF, 0xF7DF, 0xF7DF, 0xF7DF, 0xF7DF,
    0xF7DF, 0xF7DF, 0xF7DF, 0xF7DF, 0xF7DF, 0xF7DF, 0xF7DF, 0xF7DF, 0xF7DF, 0xF7DF, 0xF7DF, 0xF7DF, 0xF7DF, 0xF7DF, 0xF7DF, 0xF7DF,
    0xF7DF, 0xF7DF, 0xF7DF, 0xF7DF, 0xF7DF, 0xEFBF, 0xFFFF, 0x428C, 0x0022, 0x10E5, 0x08C4, 0x08C4, 0x08C4, 0x10C4, 0x0863, 0x08A3,
    0x0883, 0x0862, 0x0883, 0x08A4, 0x08A4, 0x08A4, 0x08A4, 0x0042, 0x2967, 0xF7BF, 0xF7DF, 0xF7DF, 0xF7DF, 0xF7DF, 0xF7DF, 0xF7DF,
    0xF7DF, 0xF7DF, 0xF7DF, 0xF7DF, 0xF7DF, 0xF7DF, 0xF7DF, 0xF7DF, 0xF7DF, 0xF7DF, 0xF7DF, 0xF7DF, 0xF7DF, 0xF7DF, 0xF7DF, 0xF7DF,
    0xF7DF, 0xF7DF, 0xF7DF, 0xF7DF, 0xF7DF, 0xF7DF, 0xF7DF, 0xF7DF, 0xF7DF, 0xF7DF, 0xF7DF, 0xF7DF, 0xF7DF, 0xF7DF, 0xF7DF, 0xF7DF,
    0xF7DF, 0xF7DF, 0xF7DF, 0xF7DF, 0xF7DF, 0xF7DF, 0xF7DF, 0xF7DF, 0xF7DF, 0xF7DF, 0xF7DF, 0xF7DF, 0xF7DF, 0xF7DF, 0xF7DF, 0xFFFF,
    0x959A, 0x6498, 0xF7DF, 0xF7DF, 0xF7DF, 0xF7DF, 0xF7DF, 0xF7DF, 0xF7DF, 0xF7DF, 0xF7DF, 0xF7DF, 0xF7DF, 0xF7DF, 0xF7DF, 0xF7DF,
    0xF7DF, 0xF7DF, 0xF7DF, 0xF7DF, 0xF7DF, 0xEFBF, 0xEFBF, 0xF7DF, 0xF7DF, 0xF7DF, 0xF7DF, 0xF7DF, 0xF7DF, 0xF7DF, 0xF7DF, 0xF7DF,
    0xF7DF, 0xF7DF, 0xF7DF, 0xF7DF, 0xF7DF, 0xF7DF, 0xF7DF, 0xF7DF, 0xF7DF, 0xF7DF, 0xF7DF, 0xF7DF, 0xF7DF, 0xF7DF, 0xF7DF, 0xF7DF,
    0xF7DF, 0xF7DF, 0xF7DF, 0xF7DF, 0xF7DF, 0xF7DF, 0xF7DF, 0xF7DF, 0xF7FF, 0xE77E, 0x4BF7, 0xB65C, 0xFFFF, 0xF7DF, 0xF7DF, 0xF7DF,
    0xF7FF, 0xBE7C, 0x5437, 0x53F7, 0x5417, 0xAE3B, 0xFFFF, 0xF7DF, 0xF7DF, 0xF7DF, 0xF7DF, 0xF7DF, 0xF7DF, 0xEFBF, 0xF7DF, 0xF7DF,
    0xF7DF, 0xF7DF, 0xF7DF, 0xF7DF, 0xF7DF, 0xF7DF, 0xF7DF, 0xF7DF, 0xF7DF, 0xF7DF, 0xF7DF, 0xF7DF, 0xF7DF, 0xEFDF, 0xF7DF, 0xF7DF,
    0xF7DF, 0xF7DF, 0xF7DF, 0xF7DF, 0xF7DF, 0xEFDF, 0xF7DF, 0xF7DF, 0xF7DF, 0xF7DF, 0xF7DF, 0xF7DF, 0xF7DF, 0xF7DF, 0xEFBF, 0xFFFF,
    0x8D5A, 0x43B6, 0xBE9D, 0xFFFF, 0xF7DF, 0xF7DF, 0xF7DF, 0xF7DF, 0xF7DF, 0xF7DF, 0xF7DF, 0xF7DF, 0xF7DF, 0xF7DF, 0xF7DF, 0xF7DF,
    0xF7DF, 0xF7DF, 0xF7DF, 0xF7DF, 0xF7DF, 0xF7DF, 0xF7DF, 0xF7DF, 0xF7DF, 0xF7DF, 0xF7DF, 0xF7DF, 0xF7DF, 0xF7DF, 0xF7DF, 0xF7DF,
    0xF7DF, 0xF7DF, 0xF7DF, 0xF7DF, 0xF7DF, 0xF7DF, 0xF7DF, 0xF7DF, 0xF7DF, 0xF7DF, 0xF7DF, 0xF7DF, 0xF7DF, 0xF7DF, 0xF7DF, 0xF7DF,
    0xF7DF, 0xF7DF, 0xF7DF, 0xF7DF, 0xF7DF, 0xEFBF, 0xFFFF, 0x42AC, 0x0022, 0x10E5, 0x08C4, 0x08C4, 0x08C4, 0x10C4, 0x0863, 0x0883,
    0x0883, 0x0863, 0x0883, 0x08A4, 0x08A4, 0x08A4, 0x08A4, 0x0042, 0x2967, 0xF7BF, 0xF7DF, 0xF7DF, 0xF7DF, 0xF7DF, 0xF7DF, 0xF7DF,
    0xF7DF, 0xF7DF, 0xF7DF, 0xF7DF, 0xF7DF, 0xF7DF, 0xF7DF, 0xF7DF, 0xF7DF, 0xF7DF, 0xF7DF, 0xF7DF, 0xF7DF, 0xF7DF, 0xF7DF, 0xF7DF,
    0xF7DF, 0xF7DF, 0xF7DF, 0xF7DF, 0xF7DF, 0xF7DF, 0xF7DF, 0xF7DF, 0xF7DF, 0xF7DF, 0xF7DF, 0xF7DF, 0xF7DF, 0xF7DF, 0xF7DF, 0xF7DF,
    0xF7DF, 0xF7DF, 0xF7DF, 0xF7DF, 0xF7DF, 0xF7DF, 0xF7DF, 0xF7DF, 0xF7DF, 0xF7DF, 0xF7DF, 0xF7DF, 0xF7DF, 0xF7DF, 0xF7DF, 0xF7DF,
    0xF7DF, 0xF7DF, 0xF7DF, 0xF7DF, 0xF7DF, 0xF7DF, 0xF7DF, 0xF7DF, 0xF7DF, 0xF7DF, 0xF7DF, 0xF7DF, 0xF7DF, 0xF7DF, 0xF7DF, 0xF7DF,
    0xF7DF, 0xF7DF, 0xF7DF, 0xF7DF, 0xF7DF, 0xF7DF, 0xF7DF, 0xF7DF, 0xF7DF, 0xF7DF, 0xF7DF, 0xF7DF, 0xF7DF, 0xF7DF, 0xF7DF, 0xF7DF,
    0xF7DF, 0xF7DF, 0xF7DF, 0xF7DF, 0xF7DF, 0xF7DF, 0xF7DF, 0xF7DF, 0xF7DF, 0xF7DF, 0xF7DF, 0xF7DF, 0xF7DF, 0xF7DF, 0xF7DF, 0xF7DF,
    0xF7DF, 0xF7DF, 0xF7DF, 0xF7DF, 0xF7DF, 0xF7DF, 0xF7DF, 0xF7DF, 0xF7DF, 0xF7FF, 0xF7DF, 0xFFFF, 0xF7DF, 0xF7DF, 0xF7DF, 0xF7DF,
    0xF7DF, 0xFFFF, 0xFFFF, 0xEF9E, 0xF7DF, 0xFFFF, 0xF7DF, 0xF7DF, 0xF7DF, 0xF7DF, 0xF7DF, 0xF7DF, 0xF7DF, 0xF7DF, 0xF7DF, 0xF7DF,
    0xF7DF, 0xF7DF, 0xF7DF, 0xF7DF, 0xF7DF, 0xF7DF, 0xF7DF, 0xF7DF, 0xF7DF, 0xF7DF, 0xF7DF, 0xF7DF, 0xF7DF, 0xF7DF, 0xF7DF, 0xF7DF,
    0xF7DF, 0xF7DF, 0xF7DF, 0xF7DF, 0xF7DF, 0xF7DF, 0xF7DF, 0xF7DF, 0xF7DF, 0xF7DF, 0xF7DF, 0xF7DF, 0xF7DF, 0xF7DF, 0xF7DF, 0xF7DF,
    0xEFBF, 0xEFBF, 0xF7FF, 0xF7DF, 0xF7DF, 0xF7DF, 0xF7DF, 0xF7DF, 0xF7DF, 0xF7DF, 0xF7DF, 0xF7DF, 0xF7DF, 0xF7DF, 0xF7DF, 0xF7DF,
    0xF7DF, 0xF7DF, 0xF7DF, 0xF7DF, 0xF7DF, 0xF7DF, 0xF7DF, 0xF7DF, 0xF7DF, 0xF7DF, 0xF7DF, 0xF7DF, 0xF7DF, 0xF7DF, 0xF7DF, 0xF7DF,
    0xF7DF, 0xF7DF, 0xF7DF, 0xF7DF, 0xF7DF, 0xF7DF, 0xF7DF, 0xF7DF, 0xF7DF, 0xF7DF, 0xF7DF, 0xF7DF, 0xF7DF, 0xF7DF, 0xF7DF, 0xF7DF,
    0xF7DF, 0xF7DF, 0xF7DF, 0xF7DF, 0xF7DF, 0xEFBF, 0xFFFF, 0x42AC, 0x0022, 0x10E5, 0x08C4, 0x08C4, 0x08C4, 0x10C4, 0x0863, 0x0883,
    0x0883, 0x0862, 0x0883, 0x08A4, 0x08A4, 0x08A4, 0x08A4, 0x0042, 0x2967, 0xF7BF, 0xF7DF, 0xF7DF, 0xF7DF, 0xF7DF, 0xF7DF, 0xF7DF,
    0xF7DF, 0xF7DF, 0xF7DF, 0xF7DF, 0xF7DF, 0xF7DF, 0xF7DF, 0xF7DF, 0xF7DF, 0xF7DF, 0xF7DF, 0xF7DF, 0xF7DF, 0xF7DF, 0xF7DF, 0xF7DF,
    0xF7DF, 0xF7DF, 0xF7DF, 0xF7DF, 0xF7DF, 0xF7DF, 0xF7DF, 0xF7DF, 0xF7DF, 0xF7DF, 0xF7DF, 0xF7DF, 0xF7DF, 0xF7DF, 0xF7DF, 0xF7DF,
    0xF7DF, 0xF7DF, 0xF7DF, 0xF7DF, 0xF7DF, 0xF7DF, 0xF7DF, 0xF7DF, 0xF7DF, 0xF7DF, 0xF7DF, 0xF7DF, 0xF7DF, 0xF7DF, 0xF7DF, 0xF7DF,
    0xF7DF, 0xF7DF, 0xF7DF, 0xF7DF, 0xF7DF, 0xF7DF, 0xF7DF, 0xF7DF, 0xF7DF, 0xF7DF, 0xF7DF, 0xF7DF, 0xF7DF, 0xF7DF, 0xF7DF, 0xF7DF,
    0xF7DF, 0xF7DF, 0xF7DF, 0xF7DF, 0xF7DF, 0xF7DF, 0xF7DF, 0xF7DF, 0xF7DF, 0xF7DF, 0xF7DF, 0xF7DF, 0xF7DF, 0xF7DF, 0xF7DF, 0xF7DF,
    0xF7DF, 0xF7DF, 0xF7DF, 0xF7DF, 0xF7DF, 0xF7DF, 0xF7DF, 0xF7DF, 0xF7DF, 0xF7DF, 0xF7DF, 0xF7DF, 0xF7DF, 0xF7DF, 0xF7DF, 0xF7DF,
    0xF7DF, 0xF7DF, 0xF7DF, 0xF7DF, 0xF7DF, 0xF7DF, 0xF7DF, 0xF7DF, 0xF7DF, 0xF7DF, 0xF7DF, 0xF7DF, 0xF7DF, 0xF7DF, 0xF7DF, 0xF7DF,
    0xF7DF, 0xF7DF, 0xF7DF, 0xF7FF, 0xF7DF, 0xF7DF, 0xF7DF, 0xF7DF, 0xF7DF, 0xF7DF, 0xF7DF, 0xF7DF, 0xF7DF, 0xF7DF, 0xF7DF, 0xF7DF,
    0xF7DF, 0xF7DF, 0xF7DF, 0xF7DF, 0xF7DF, 0xF7DF, 0xF7DF, 0xF7DF, 0xF7DF, 0xF7DF, 0xF7DF, 0xF7DF, 0xF7DF, 0xF7DF, 0xF7DF, 0xF7DF,
    0xF7DF, 0xF7DF, 0xF7DF, 0xF7DF, 0xF7DF, 0xF7DF, 0xF7DF, 0xF7DF, 0xF7DF, 0xF7DF, 0xF7DF, 0xF7DF, 0xF7DF, 0xF7DF, 0xF7DF, 0xF7DF,
    0xF7DF, 0xF7DF, 0xF7DF, 0xF7DF, 0xF7DF, 0xF7DF, 0xF7DF, 0xF7DF, 0xF7DF, 0xF7DF, 0xF7DF, 0xF7DF, 0xF7DF, 0xF7DF, 0xF7DF, 0xF7DF,
    0xF7DF, 0xF7DF, 0xF7DF, 0xF7DF, 0xF7DF, 0xF7DF, 0xF7DF, 0xF7DF, 0xF7DF, 0xF7DF, 0xF7DF, 0xF7DF, 0xF7DF, 0xF7DF, 0xF7DF, 0xF7DF,
    0xF7DF, 0xF7DF, 0xF7DF, 0xF7DF, 0xF7DF, 0xF7DF, 0xF7DF, 0xF7DF, 0xF7DF, 0xF7DF, 0xF7DF, 0xF7DF, 0xF7DF, 0xF7DF, 0xF7DF, 0xF7DF,
    0xF7DF, 0xF7DF, 0xF7DF, 0xF7DF, 0xF7DF, 0xEFBF, 0xFFFF, 0x428C, 0x0002, 0x10E5, 0x08C4, 0x08C4, 0x08C4, 0x10C4, 0x0862, 0x0883,
    0x0883, 0x0862, 0x0883, 0x08A4, 0x08A4, 0x08A4, 0x08A4, 0x0042, 0x2967, 0xEFBF, 0xF7DF, 0xF7DF, 0xF7DF, 0xF7DF, 0xF7DF, 0xF7DF,
    0xF7DF, 0xF7DF, 0xF7DF, 0xF7DF, 0xF7DF, 0xF7DF, 0xF7DF, 0xF7DF, 0xF7DF, 0xF7DF, 0xF7DF, 0xF7DF, 0xF7DF, 0xF7DF, 0xF7DF, 0xF7DF,
    0xF7DF, 0xF7DF, 0xF7DF, 0xF7DF, 0xF7DF, 0xF7DF, 0xF7DF, 0xF7DF, 0xF7DF, 0xF7DF, 0xF7DF, 0xF7DF, 0xF7DF, 0xF7DF, 0xF7DF, 0xF7DF,
    0xF7DF, 0xF7DF, 0xF7DF, 0xF7DF, 0xF7DF, 0xF7DF, 0xF7DF, 0xF7DF, 0xF7DF, 0xF7DF, 0xF7DF, 0xF7DF, 0xF7DF, 0xF7DF, 0xF7DF, 0xF7DF,
    0xF7DF, 0xF7DF, 0xF7DF, 0xF7DF, 0xF7DF, 0xF7DF, 0xF7DF, 0xF7DF, 0xF7DF, 0xF7DF, 0xF7DF, 0xF7DF, 0xF7DF, 0xF7DF, 0xF7DF, 0xF7DF,
    0xF7DF, 0xF7DF, 0xF7DF, 0xF7DF, 0xF7DF, 0xF7DF, 0xF7DF, 0xF7DF, 0xF7DF, 0xF7DF, 0xF7DF, 0xF7DF, 0xF7DF, 0xF7DF, 0xF7DF, 0xF7DF,
    0xF7DF, 0xF7DF, 0xF7DF, 0xF7DF, 0xF7DF, 0xF7DF, 0xF7DF, 0xF7DF, 0xF7DF, 0xF7DF, 0xF7DF, 0xF7DF, 0xF7DF, 0xF7DF, 0xF7DF, 0xF7DF,
    0xF7DF, 0xF7DF, 0xF7DF, 0xF7DF, 0xF7DF, 0xF7DF, 0xF7DF, 0xF7DF, 0xF7DF, 0xF7DF, 0xF7DF, 0xF7DF, 0xF7DF, 0xF7DF, 0xF7DF, 0xF7DF,
    0xF7DF, 0xF7DF, 0xF7DF, 0xF7DF, 0xF7DF, 0xF7DF, 0xF7DF, 0xF7DF, 0xF7DF, 0xF7DF, 0xF7DF, 0xF7DF, 0xF7DF, 0xF7DF, 0xF7DF, 0xF7DF,
    0xF7DF, 0xF7DF, 0xF7DF, 0xF7DF, 0xF7DF, 0xF7DF, 0xF7DF, 0xF7DF, 0xF7DF, 0xF7DF, 0xF7DF, 0xF7DF, 0xF7DF, 0xF7DF, 0xF7DF, 0xF7DF,
    0xF7DF, 0xF7DF, 0xF7DF, 0xF7DF, 0xF7DF, 0xF7DF, 0xF7DF, 0xF7DF, 0xF7DF, 0xF7DF, 0xF7DF, 0xF7DF, 0xF7DF, 0xF7DF, 0xF7DF, 0xF7DF,
    0xF7DF, 0xF7DF, 0xF7DF, 0xF7DF, 0xF7DF, 0xF7DF, 0xF7DF, 0xF7DF, 0xF7DF, 0xF7DF, 0xF7DF, 0xF7DF, 0xF7DF, 0xF7DF, 0xF7DF, 0xF7DF,
    0xF7DF, 0xF7DF, 0xF7DF, 0xF7DF, 0xF7DF, 0xF7DF, 0xF7DF, 0xF7DF, 0xF7DF, 0xF7DF, 0xF7DF, 0xF7DF, 0xF7DF, 0xF7DF, 0xF7DF, 0xF7DF,
    0xF7DF, 0xF7DF, 0xF7DF, 0xF7DF, 0xF7DF, 0xF7DF, 0xF7DF, 0xF7DF, 0xF7DF, 0xF7DF, 0xF7DF, 0xF7DF, 0xF7DF, 0xF7DF, 0xF7DF, 0xF7DF,
    0xF7DF, 0xF7DF, 0xF7DF, 0xF7DF, 0xF7DF, 0xEFBF, 0xFFFF, 0x428C, 0x0002, 0x10E5, 0x08C4, 0x08C4, 0x08C4, 0x10C4, 0x0862, 0x0883,
    0x0883, 0x0862, 0x0883, 0x08A4, 0x08A4, 0x08A4, 0x08A4, 0x0042, 0x2967, 0xF7BF, 0xF7DF, 0xF7DF, 0xF7DF, 0xF7DF, 0xF7DF, 0xF7DF,
    0xF7DF, 0xF7DF, 0xF7DF, 0xF7DF, 0xF7DF, 0xF7DF, 0xF7DF, 0xF7DF, 0xF7DF, 0xF7DF, 0xF7DF, 0xF7DF, 0xF7DF, 0xF7DF, 0xF7DF, 0xF7DF,
    0xF7DF, 0xF7DF, 0xF7DF, 0xF7DF, 0xF7DF, 0xF7DF, 0xF7DF, 0xF7DF, 0xF7DF, 0xF7DF, 0xF7DF, 0xF7DF, 0xF7DF, 0xF7DF, 0xF7DF, 0xF7DF,
    0xF7DF, 0xF7DF, 0xF7DF, 0xF7DF, 0xF7DF, 0xF7DF, 0xF7DF, 0xF7DF, 0xF7DF, 0xF7DF, 0xF7DF, 0xF7DF, 0xF7DF, 0xF7DF, 0xF7DF, 0xF7DF,
    0xF7DF, 0xF7DF, 0xF7DF, 0xF7DF, 0xF7DF, 0xF7DF, 0xF7DF, 0xF7DF, 0xF7DF, 0xF7DF, 0xF7DF, 0xF7DF, 0xF7DF, 0xF7DF, 0xF7DF, 0xF7DF,
    0xF7DF, 0xF7DF, 0xF7DF, 0xF7DF, 0xF7DF, 0xF7DF, 0xF7DF, 0xF7DF, 0xF7DF, 0xF7DF, 0xF7DF, 0xF7DF, 0xF7DF, 0xF7DF, 0xF7DF, 0xF7DF,
    0xF7DF, 0xF7DF, 0xF7DF, 0xF7DF, 0xF7DF, 0xF7DF, 0xF7DF, 0xF7DF, 0xF7DF, 0xF7DF, 0xF7DF, 0xF7DF, 0xF7DF, 0xF7DF, 0xF7DF, 0xF7DF,
    0xF7DF, 0xF7DF, 0xF7DF, 0xF7DF, 0xF7DF, 0xF7DF, 0xF7DF, 0xF7DF, 0xF7DF, 0xF7DF, 0xF7DF, 0xF7DF, 0xF7DF, 0xF7DF, 0xF7DF, 0xF7DF,
    0xF7DF, 0xF7DF, 0xF7DF, 0xF7DF, 0xF7DF, 0xF7DF, 0xF7DF, 0xF7DF, 0xF7DF, 0xF7DF, 0xF7DF, 0xF7DF, 0xF7DF, 0xF7DF, 0xF7DF, 0xF7DF,
    0xF7DF, 0xF7DF, 0xF7DF, 0xF7DF, 0xF7DF, 0xF7DF, 0xF7DF, 0xF7DF, 0xF7DF, 0xF7DF, 0xF7DF, 0xF7DF, 0xF7DF, 0xF7DF, 0xF7DF, 0xF7DF,
    0xF7DF, 0xF7DF, 0xF7DF, 0xF7DF, 0xF7DF, 0xF7DF, 0xF7DF, 0xF7DF, 0xF7DF, 0xF7DF, 0xF7DF, 0xF7DF, 0xF7DF, 0xF7DF, 0xF7DF, 0xF7DF,
    0xF7DF, 0xF7DF, 0xF7DF, 0xF7DF, 0xF7DF, 0xF7DF, 0xF7DF, 0xF7DF, 0xF7DF, 0xF7DF, 0xF7DF, 0xF7DF, 0xF7DF, 0xF7DF, 0xF7DF, 0xF7DF,
    0xF7DF, 0xF7DF, 0xF7DF, 0xF7DF, 0xF7DF, 0xF7DF, 0xF7DF, 0xF7DF, 0xF7DF, 0xF7DF, 0xF7DF, 0xF7DF, 0xF7DF, 0xF7DF, 0xF7DF, 0xF7DF,
    0xF7DF, 0xF7DF, 0xF7DF, 0xF7DF, 0xF7DF, 0xF7DF, 0xF7DF, 0xF7DF, 0xF7DF, 0xF7DF, 0xF7DF, 0xF7DF, 0xF7DF, 0xF7DF, 0xF7DF, 0xF7DF,
    0xF7DF, 0xF7DF, 0xF7DF, 0xF7DF, 0xEFDF, 0xEFBF, 0xFFFF, 0x42AD, 0x0002, 0x10E5, 0x08C4, 0x08A4, 0x08A4, 0x08C4, 0x0862, 0x0883,
    0x0883, 0x0862, 0x0883, 0x08A4, 0x08A3, 0x08A4, 0x08A4, 0x0042, 0x2967, 0xEFBF, 0xF7DF, 0xF7DF, 0xF7DF, 0xF7DF, 0xF7DF, 0xF7DF,
    0xF7DF, 0xF7DF, 0xF7DF, 0xF7DF, 0xF7DF, 0xF7DF, 0xF7DF, 0xF7DF, 0xF7DF, 0xF7DF, 0xF7DF, 0xF7DF, 0xF7DF, 0xF7DF, 0xF7DF, 0xF7DF,
    0xF7DF, 0xF7DF, 0xF7DF, 0xF7DF, 0xF7DF, 0xF7DF, 0xF7DF, 0xF7DF, 0xF7DF, 0xF7DF, 0xF7DF, 0xF7DF, 0xF7DF, 0xF7DF, 0xF7DF, 0xF7DF,
    0xF7DF, 0xF7DF, 0xF7DF, 0xF7DF, 0xF7DF, 0xF7DF, 0xF7DF, 0xF7DF, 0xF7DF, 0xF7DF, 0xF7DF, 0xF7DF, 0xF7DF, 0xF7DF, 0xF7DF, 0xF7DF,
    0xF7DF, 0xF7DF, 0xF7DF, 0xF7DF, 0xF7DF, 0xF7DF, 0xF7DF, 0xF7DF, 0xF7DF, 0xF7DF, 0xF7DF, 0xF7DF, 0xF7DF, 0xF7DF, 0xF7DF, 0xF7DF,
    0xF7DF, 0xF7DF, 0xF7DF, 0xF7DF, 0xF7DF, 0xF7DF, 0xF7DF, 0xF7DF, 0xF7DF, 0xF7DF, 0xF7DF, 0xF7DF, 0xF7DF, 0xF7DF, 0xF7DF, 0xF7DF,
    0xF7DF, 0xF7DF, 0xF7DF, 0xF7DF, 0xF7DF, 0xF7DF, 0xF7DF, 0xF7DF, 0xF7DF, 0xF7DF, 0xF7DF, 0xF7DF, 0xF7DF, 0xF7DF, 0xF7DF, 0xF7DF,
    0xF7DF, 0xF7DF, 0xF7DF, 0xF7DF, 0xF7DF, 0xF7DF, 0xF7DF, 0xF7DF, 0xF7DF, 0xF7DF, 0xF7DF, 0xF7DF, 0xF7DF, 0xF7DF, 0xF7DF, 0xF7DF,
    0xF7DF, 0xF7DF, 0xF7DF, 0xF7DF, 0xF7DF, 0xF7DF, 0xF7DF, 0xF7DF, 0xF7DF, 0xF7DF, 0xF7DF, 0xF7DF, 0xF7DF, 0xF7DF, 0xF7DF, 0xF7DF,
    0xF7DF, 0xF7DF, 0xF7DF, 0xF7DF, 0xF7DF, 0xF7DF, 0xF7DF, 0xF7DF, 0xF7DF, 0xF7DF, 0xF7DF, 0xF7DF, 0xF7DF, 0xF7DF, 0xF7DF, 0xF7DF,
    0xF7DF, 0xF7DF, 0xF7DF, 0xF7DF, 0xF7DF, 0xF7DF, 0xF7DF, 0xF7DF, 0xF7DF, 0xF7DF, 0xF7DF, 0xF7DF, 0xF7DF, 0xF7DF, 0xF7DF, 0xF7DF,
    0xF7DF, 0xF7DF, 0xF7DF, 0xF7DF, 0xF7DF, 0xF7DF, 0xF7DF, 0xF7DF, 0xF7DF, 0xF7DF, 0xF7DF, 0xF7DF, 0xF7DF, 0xF7DF, 0xF7DF, 0xF7DF,
    0xF7DF, 0xF7DF, 0xF7DF, 0xF7DF, 0xF7DF, 0xF7DF, 0xF7DF, 0xF7DF, 0xF7DF, 0xF7DF, 0xF7DF, 0xF7DF, 0xF7DF, 0xF7DF, 0xF7DF, 0xF7DF,
    0xF7DF, 0xF7DF, 0xF7DF, 0xF7DF, 0xF7DF, 0xF7DF, 0xF7DF, 0xF7DF, 0xF7DF, 0xF7DF, 0xF7DF, 0xF7DF, 0xF7DF, 0xF7DF, 0xF7DF, 0xF7DF,
    0xF7DF, 0xF7DF, 0xF7DF, 0xF7DF, 0xEFDF, 0xEFBF, 0xFFFF, 0x4AAD, 0x0002, 0x10E5, 0x08C4, 0x08A4, 0x08C4, 0x08C4, 0x0862, 0x0883,
    0x0883, 0x0862, 0x0883, 0x08A4, 0x0883, 0x08A3, 0x08A4, 0x0042, 0x2967, 0xEFBF, 0xF7DF, 0xF7DF, 0xF7DF, 0xF7DF, 0xF7DF, 0xF7DF,
    0xF7DF, 0xF7DF, 0xF7DF, 0xF7DF, 0xF7DF, 0xF7DF, 0xF7DF, 0xF7DF, 0xF7DF, 0xF7DF, 0xF7DF, 0xF7DF, 0xF7DF, 0xF7DF, 0xF7DF, 0xF7DF,
    0xF7DF, 0xF7DF, 0xF7DF, 0xF7DF, 0xF7DF, 0xF7DF, 0xF7DF, 0xF7DF, 0xF7DF, 0xF7DF, 0xF7DF, 0xF7DF, 0xF7DF, 0xF7DF, 0xF7DF, 0xF7DF,
    0xF7DF, 0xF7DF, 0xF7DF, 0xF7DF, 0xF7DF, 0xF7DF, 0xF7DF, 0xF7DF, 0xF7DF, 0xF7DF, 0xF7DF, 0xF7DF, 0xF7DF, 0xF7DF, 0xF7DF, 0xF7DF,
    0xF7DF, 0xF7DF, 0xF7DF, 0xF7DF, 0xF7DF, 0xF7DF, 0xF7DF, 0xF7DF, 0xF7DF, 0xF7DF, 0xF7DF, 0xF7DF, 0xF7DF, 0xF7DF, 0xF7DF, 0xF7DF,
    0xF7DF, 0xF7DF, 0xF7DF, 0xF7DF, 0xF7DF, 0xF7DF, 0xF7DF, 0xF7DF, 0xF7DF, 0xF7DF, 0xF7DF, 0xF7DF, 0xF7DF, 0xF7DF, 0xF7DF, 0xF7DF,
    0xF7DF, 0xF7DF, 0xF7DF, 0xF7DF, 0xF7DF, 0xF7DF, 0xF7DF, 0xF7DF, 0xF7DF, 0xF7DF, 0xF7DF, 0xF7DF, 0xF7DF, 0xF7DF, 0xF7DF, 0xF7DF,
    0xF7DF, 0xF7DF, 0xF7DF, 0xF7DF, 0xF7DF, 0xF7DF, 0xF7DF, 0xF7DF, 0xF7DF, 0xF7DF, 0xF7DF, 0xF7DF, 0xF7DF, 0xF7DF, 0xF7DF, 0xF7DF,
    0xF7DF, 0xF7DF, 0xF7DF, 0xF7DF, 0xF7DF, 0xF7DF, 0xF7DF, 0xF7DF, 0xF7DF, 0xF7DF, 0xF7DF, 0xF7DF, 0xF7DF, 0xF7DF, 0xF7DF, 0xF7DF,
    0xF7DF, 0xF7DF, 0xF7DF, 0xF7DF, 0xF7DF, 0xF7DF, 0xF7DF, 0xF7DF, 0xF7DF, 0xF7DF, 0xF7DF, 0xF7DF, 0xF7DF, 0xF7DF, 0xF7DF, 0xF7DF,
    0xF7DF, 0xF7DF, 0xF7DF, 0xF7DF, 0xF7DF, 0xF7DF, 0xF7DF, 0xF7DF, 0xF7DF, 0xF7DF, 0xF7DF, 0xF7DF, 0xF7DF, 0xF7DF, 0xF7DF, 0xF7DF,
    0xF7DF, 0xF7DF, 0xF7DF, 0xF7DF, 0xF7DF, 0xF7DF, 0xF7DF, 0xF7DF, 0xF7DF, 0xF7DF, 0xF7DF, 0xF7DF, 0xF7DF, 0xF7DF, 0xF7DF, 0xF7DF,
    0xF7DF, 0xF7DF, 0xF7DF, 0xF7DF, 0xF7DF, 0xF7DF, 0xF7DF, 0xF7DF, 0xF7DF, 0xF7DF, 0xF7DF, 0xF7DF, 0xF7DF, 0xF7DF, 0xF7DF, 0xF7DF,
    0xF7DF, 0xF7DF, 0xF7DF, 0xF7DF, 0xF7DF, 0xF7DF, 0xF7DF, 0xF7DF, 0xF7DF, 0xF7DF, 0xF7DF, 0xF7DF, 0xF7DF, 0xF7DF, 0xF7DF, 0xF7DF,
    0xF7DF, 0xF7DF, 0xF7DF, 0xF7DF, 0xF7DF, 0xEFBF, 0xFFFF, 0x4AAD, 0x0002, 0x10E5, 0x08A4, 0x08C4, 0x08A4, 0x08C4, 0x0862, 0x0883,
    0x0883, 0x0862, 0x0883, 0x08A4, 0x0883, 0x08A3, 0x08A4, 0x0042, 0x2967, 0xF7BF, 0xF7DF, 0xF7DF, 0xF7DF, 0xF7DF, 0xF7DF, 0xF7DF,
    0xF7DF, 0xF7DF, 0xF7DF, 0xF7DF, 0xF7DF, 0xF7DF, 0xF7DF, 0xF7DF, 0xF7DF, 0xF7DF, 0xF7DF, 0xF7DF, 0xF7DF, 0xF7DF, 0xF7DF, 0xF7DF,
    0xF7DF, 0xF7DF, 0xF7DF, 0xF7DF, 0xF7DF, 0xF7DF, 0xF7DF, 0xF7DF, 0xF7DF, 0xF7DF, 0xF7DF, 0xF7DF, 0xF7DF, 0xF7DF, 0xF7DF, 0xF7DF,
    0xF7DF, 0xF7DF, 0xF7DF, 0xF7DF, 0xF7DF, 0xF7DF, 0xF7DF, 0xF7DF, 0xF7DF, 0xF7DF, 0xF7DF, 0xF7DF, 0xF7DF, 0xF7DF, 0xF7DF, 0xF7DF,
    0xF7DF, 0xF7DF, 0xF7DF, 0xF7DF, 0xF7DF, 0xF7DF, 0xF7DF, 0xF7DF, 0xF7DF, 0xF7DF, 0xF7DF, 0xF7DF, 0xF7DF, 0xF7DF, 0xF7DF, 0xF7DF,
    0xF7DF, 0xF7DF, 0xF7DF, 0xF7DF, 0xF7DF, 0xF7DF, 0xF7DF, 0xF7DF, 0xF7DF, 0xF7DF, 0xF7DF, 0xF7DF, 0xF7DF, 0xF7DF, 0xF7DF, 0xF7DF,
    0xF7DF, 0xF7DF, 0xF7DF, 0xF7DF, 0xF7DF, 0xF7DF, 0xF7DF, 0xF7DF, 0xF7DF, 0xF7DF, 0xF7DF, 0xF7DF, 0xF7DF, 0xF7DF, 0xF7DF, 0xF7DF,
    0xF7DF, 0xF7DF, 0xF7DF, 0xF7DF, 0xF7DF, 0xF7DF, 0xF7DF, 0xF7DF, 0xF7DF, 0xF7DF, 0xF7DF, 0xF7DF, 0xF7DF, 0xF7DF, 0xF7DF, 0xF7DF,
    0xF7DF, 0xF7DF, 0xF7DF, 0xF7DF, 0xF7DF, 0xF7DF, 0xF7DF, 0xF7DF, 0xF7DF, 0xF7DF, 0xF7DF, 0xF7DF, 0xF7DF, 0xF7DF, 0xF7DF, 0xF7DF,
    0xF7DF, 0xF7DF, 0xF7DF, 0xF7DF, 0xF7DF, 0xF7DF, 0xF7DF, 0xF7DF, 0xF7DF, 0xF7DF, 0xF7DF, 0xF7DF, 0xF7DF, 0xF7DF, 0xF7DF, 0xF7DF,
    0xF7DF, 0xF7DF, 0xF7DF, 0xF7DF, 0xF7DF, 0xF7DF, 0xF7DF, 0xF7DF, 0xF7DF, 0xF7DF, 0xF7DF, 0xF7DF, 0xF7DF, 0xF7DF, 0xF7DF, 0xF7DF,
    0xF7DF, 0xF7DF, 0xF7DF, 0xF7DF, 0xF7DF, 0xF7DF, 0xF7DF, 0xF7DF, 0xF7DF, 0xF7DF, 0xF7DF, 0xF7DF, 0xF7DF, 0xF7DF, 0xF7DF, 0xF7DF,
    0xF7DF, 0xF7DF, 0xF7DF, 0xF7DF, 0xF7DF, 0xF7DF, 0xF7DF, 0xF7DF, 0xF7DF, 0xF7DF, 0xF7DF, 0xF7DF, 0xF7DF, 0xF7DF, 0xF7DF, 0xF7DF,
    0xF7DF, 0xF7DF, 0xF7DF, 0xF7DF, 0xF7DF, 0xF7DF, 0xF7DF, 0xF7DF, 0xF7DF, 0xF7DF, 0xF7DF, 0xF7DF, 0xF7DF, 0xF7DF, 0xF7DF, 0xF7DF,
    0xF7DF, 0xF7DF, 0xF7DF, 0xF7DF, 0xF7DF, 0xEFBF, 0xFFFF, 0x42AD, 0x0022, 0x10E5, 0x08C4, 0x08C4, 0x08C4, 0x08C4, 0x0862, 0x0883,
    0x0883, 0x0862, 0x0883, 0x08A3, 0x08A3, 0x0883, 0x08A4, 0x0042, 0x2967, 0xF7BF, 0xF7DF, 0xF7DF, 0xF7DF, 0xF7DF, 0xF7DF, 0xF7DF,
    0xF7DF, 0xF7DF, 0xF7DF, 0xF7DF, 0xF7DF, 0xF7DF, 0xF7DF, 0xF7DF, 0xF7DF, 0xF7DF, 0xF7DF, 0xF7DF, 0xF7DF, 0xF7DF, 0xF7DF, 0xF7DF,
    0xF7DF, 0xF7DF, 0xF7DF, 0xF7DF, 0xF7DF, 0xF7DF, 0xF7DF, 0xF7DF, 0xF7DF, 0xF7DF, 0xF7DF, 0xF7DF, 0xF7DF, 0xF7DF, 0xF7DF, 0xF7DF,
    0xF7DF, 0xF7DF, 0xF7DF, 0xF7DF, 0xF7DF, 0xF7DF, 0xF7DF, 0xF7DF, 0xF7DF, 0xF7DF, 0xF7DF, 0xF7DF, 0xF7DF, 0xF7DF, 0xF7DF, 0xF7DF,
    0xF7DF, 0xF7DF, 0xF7DF, 0xF7DF, 0xF7DF, 0xF7DF, 0xF7DF, 0xF7DF, 0xF7DF, 0xF7DF, 0xF7DF, 0xF7DF, 0xF7DF, 0xF7DF, 0xF7DF, 0xF7DF,
    0xF7DF, 0xF7DF, 0xF7DF, 0xF7DF, 0xF7DF, 0xF7DF, 0xF7DF, 0xF7DF, 0xF7DF, 0xF7DF, 0xF7DF, 0xF7DF, 0xF7DF, 0xF7DF, 0xF7DF, 0xF7DF,
    0xF7DF, 0xF7DF, 0xF7DF, 0xF7DF, 0xF7DF, 0xF7DF, 0xF7DF, 0xF7DF, 0xF7DF, 0xF7DF, 0xF7DF, 0xF7DF, 0xF7DF, 0xF7DF, 0xF7DF, 0xF7DF,
    0xF7DF, 0xF7DF, 0xF7DF, 0xF7DF, 0xF7DF, 0xF7DF, 0xF7DF, 0xF7DF, 0xF7DF, 0xF7DF, 0xF7DF, 0xF7DF, 0xF7DF, 0xF7DF, 0xF7DF, 0xF7DF,
    0xF7DF, 0xF7DF, 0xF7DF, 0xF7DF, 0xF7DF, 0xF7DF, 0xF7DF, 0xF7DF, 0xF7DF, 0xF7DF, 0xF7DF, 0xF7DF, 0xF7DF, 0xF7DF, 0xF7DF, 0xF7DF,
    0xF7DF, 0xF7DF, 0xF7DF, 0xF7DF, 0xF7DF, 0xF7DF, 0xF7DF, 0xF7DF, 0xF7DF, 0xF7DF, 0xF7DF, 0xF7DF, 0xF7DF, 0xF7DF, 0xF7DF, 0xF7DF,
    0xF7DF, 0xF7DF, 0xF7DF, 0xF7DF, 0xF7DF, 0xF7DF, 0xF7DF, 0xF7DF, 0xF7DF, 0xF7DF, 0xF7DF, 0xF7DF, 0xF7DF, 0xF7DF, 0xF7DF, 0xF7DF,
    0xF7DF, 0xF7DF, 0xF7DF, 0xF7DF, 0xF7DF, 0xF7DF, 0xF7DF, 0xF7DF, 0xF7DF, 0xF7DF, 0xF7DF, 0xF7DF, 0xF7DF, 0xF7DF, 0xF7DF, 0xF7DF,
    0xF7DF, 0xF7DF, 0xF7DF, 0xF7DF, 0xF7DF, 0xF7DF, 0xF7DF, 0xF7DF, 0xF7DF, 0xF7DF, 0xF7DF, 0xF7DF, 0xF7DF, 0xF7DF, 0xF7DF, 0xF7DF,
    0xF7DF, 0xF7DF, 0xF7DF, 0xF7DF, 0xF7DF, 0xF7DF, 0xF7DF, 0xF7DF, 0xF7DF, 0xF7DF, 0xF7DF, 0xF7DF, 0xF7DF, 0xF7DF, 0xF7DF, 0xF7DF,
    0xF7DF, 0xF7DF, 0xEFDF, 0xEFDF, 0xF7DF, 0xEFBF, 0xFFFF, 0x428C, 0x0002, 0x10E5, 0x08C4, 0x08C4, 0x08C4, 0x08C4, 0x0862, 0x0883,
    0x0883, 0x0862, 0x0883, 0x0883, 0x0883, 0x08A3, 0x08A4, 0x0042, 0x2967, 0xF7BF, 0xF7DF, 0xF7DF, 0xF7DF, 0xF7DF, 0xF7DF, 0xF7DF,
    0xF7DF, 0xF7DF, 0xF7DF, 0xF7DF, 0xF7DF, 0xF7DF, 0xF7DF, 0xF7DF, 0xF7DF, 0xF7DF, 0xF7DF, 0xF7DF, 0xF7DF, 0xF7DF, 0xF7DF, 0xF7DF,
    0xF7DF, 0xF7DF, 0xF7DF, 0xF7DF, 0xF7DF, 0xF7DF, 0xF7DF, 0xF7DF, 0xF7DF, 0xF7DF, 0xF7DF, 0xF7DF, 0xF7DF, 0xF7DF, 0xF7DF, 0xF7DF,
    0xF7DF, 0xF7DF, 0xF7DF, 0xF7DF, 0xF7DF, 0xF7DF, 0xF7DF, 0xF7DF, 0xF7DF, 0xF7DF, 0xF7DF, 0xF7DF, 0xF7DF, 0xF7DF, 0xF7DF, 0xF7DF,
    0xF7DF, 0xF7DF, 0xF7DF, 0xF7DF, 0xF7DF, 0xF7DF, 0xF7DF, 0xF7DF, 0xF7DF, 0xF7DF, 0xF7DF, 0xF7DF, 0xF7DF, 0xF7DF, 0xF7DF, 0xF7DF,
    0xF7DF, 0xF7DF, 0xF7DF, 0xF7DF, 0xF7DF, 0xF7DF, 0xF7DF, 0xF7DF, 0xF7DF, 0xF7DF, 0xF7DF, 0xF7DF, 0xF7DF, 0xF7DF, 0xF7DF, 0xF7DF,
    0xF7DF, 0xF7DF, 0xF7DF, 0xF7DF, 0xF7DF, 0xF7DF, 0xF7DF, 0xF7DF, 0xF7DF, 0xF7DF, 0xF7DF, 0xF7DF, 0xF7DF, 0xF7DF, 0xF7DF, 0xF7DF,
    0xF7DF, 0xF7DF, 0xF7DF, 0xF7DF, 0xF7DF, 0xF7DF, 0xF7DF, 0xF7DF, 0xF7DF, 0xF7DF, 0xF7DF, 0xF7DF, 0xF7DF, 0xF7DF, 0xF7DF, 0xF7DF,
    0xF7DF, 0xF7DF, 0xF7DF, 0xF7DF, 0xF7DF, 0xF7DF, 0xF7DF, 0xF7DF, 0xF7DF, 0xF7DF, 0xF7DF, 0xF7DF, 0xF7DF, 0xF7DF, 0xF7DF, 0xF7DF,
    0xF7DF, 0xF7DF, 0xF7DF, 0xF7DF, 0xF7DF, 0xF7DF, 0xF7DF, 0xF7DF, 0xF7DF, 0xF7DF, 0xF7DF, 0xF7DF, 0xF7DF, 0xF7DF, 0xF7DF, 0xF7DF,
    0xF7DF, 0xF7DF, 0xF7DF, 0xF7DF, 0xF7DF, 0xF7DF, 0xF7DF, 0xF7DF, 0xF7DF, 0xF7DF, 0xF7DF, 0xF7DF, 0xF7DF, 0xF7DF, 0xF7DF, 0xF7DF,
    0xF7DF, 0xF7DF, 0xF7DF, 0xF7DF, 0xF7DF, 0xF7DF, 0xF7DF, 0xF7DF, 0xF7DF, 0xF7DF, 0xF7DF, 0xF7DF, 0xF7DF, 0xF7DF, 0xF7DF, 0xF7DF,
    0xF7DF, 0xF7DF, 0xF7DF, 0xF7DF, 0xF7DF, 0xF7DF, 0xF7DF, 0xF7DF, 0xF7DF, 0xF7DF, 0xF7DF, 0xF7DF, 0xF7DF, 0xF7DF, 0xF7DF, 0xF7DF,
    0xF7DF, 0xF7DF, 0xF7DF, 0xF7DF, 0xF7DF, 0xF7DF, 0xF7DF, 0xF7DF, 0xF7DF, 0xF7DF, 0xF7DF, 0xF7DF, 0xF7DF, 0xF7DF, 0xF7DF, 0xF7DF,
    0xF7DF, 0xF7DF, 0xF7DF, 0xF7DF, 0xEFDF, 0xEFBF, 0xFFFF, 0x428C, 0x0002, 0x10E5, 0x08C4, 0x08C4, 0x08C4, 0x08C4, 0x0862, 0x0883,
    0x0883, 0x0862, 0x0883, 0x08A3, 0x0883, 0x08A3, 0x08A4, 0x0042, 0x2967, 0xF7BF, 0xF7DF, 0xF7DF, 0xF7DF, 0xF7DF, 0xF7DF, 0xF7DF,
    0xF7DF, 0xF7DF, 0xF7DF, 0xF7DF, 0xF7DF, 0xF7DF, 0xF7DF, 0xF7DF, 0xF7DF, 0xF7DF, 0xF7DF, 0xF7DF, 0xF7DF, 0xF7DF, 0xF7DF, 0xF7DF,
    0xF7DF, 0xF7DF, 0xF7DF, 0xF7DF, 0xF7DF, 0xF7DF, 0xF7DF, 0xF7DF, 0xF7DF, 0xF7DF, 0xF7DF, 0xF7DF, 0xF7DF, 0xF7DF, 0xF7DF, 0xF7DF,
    0xF7DF, 0xF7DF, 0xF7DF, 0xF7DF, 0xF7DF, 0xF7DF, 0xF7DF, 0xF7DF, 0xF7DF, 0xF7DF, 0xF7DF, 0xF7DF, 0xF7DF, 0xF7DF, 0xF7DF, 0xF7DF,
    0xF7DF, 0xF7DF, 0xF7DF, 0xF7DF, 0xF7DF, 0xF7DF, 0xF7DF, 0xF7DF, 0xF7DF, 0xF7DF, 0xF7DF, 0xF7DF, 0xF7DF, 0xF7DF, 0xF7DF, 0xF7DF,
    0xF7DF, 0xF7DF, 0xF7DF, 0xF7DF, 0xF7DF, 0xF7DF, 0xF7DF, 0xF7DF, 0xF7DF, 0xF7DF, 0xF7DF, 0xF7DF, 0xF7DF, 0xF7DF, 0xF7DF, 0xF7DF,
    0xF7DF, 0xF7DF, 0xF7DF, 0xF7DF, 0xF7DF, 0xF7DF, 0xF7DF, 0xF7DF, 0xF7DF, 0xF7DF, 0xF7DF, 0xF7DF, 0xF7DF, 0xF7DF, 0xF7DF, 0xF7DF,
    0xF7DF, 0xF7DF, 0xF7DF, 0xF7DF, 0xF7DF, 0xF7DF, 0xF7DF, 0xF7DF, 0xF7DF, 0xF7DF, 0xF7DF, 0xF7DF, 0xF7DF, 0xF7DF, 0xF7DF, 0xF7DF,
    0xF7DF, 0xF7DF, 0xF7DF, 0xF7DF, 0xF7DF, 0xF7DF, 0xF7DF, 0xF7DF, 0xF7DF, 0xF7DF, 0xF7DF, 0xF7DF, 0xF7DF, 0xF7DF, 0xF7DF, 0xF7DF,
    0xF7DF, 0xF7DF, 0xF7DF, 0xF7DF, 0xF7DF, 0xF7DF, 0xF7DF, 0xF7DF, 0xF7DF, 0xF7DF, 0xF7DF, 0xF7DF, 0xF7DF, 0xF7DF, 0xF7DF, 0xF7DF,
    0xF7DF, 0xF7DF, 0xF7DF, 0xF7DF, 0xF7DF, 0xF7DF, 0xF7DF, 0xF7DF, 0xF7DF, 0xF7DF, 0xF7DF, 0xF7DF, 0xF7DF, 0xF7DF, 0xF7DF, 0xF7DF,
    0xF7DF, 0xF7DF, 0xF7DF, 0xF7DF, 0xF7DF, 0xF7DF, 0xF7DF, 0xF7DF, 0xF7DF, 0xF7DF, 0xF7DF, 0xF7DF, 0xF7DF, 0xF7DF, 0xF7DF, 0xF7DF,
    0xF7DF, 0xF7DF, 0xF7DF, 0xF7DF, 0xF7DF, 0xF7DF, 0xF7DF, 0xF7DF, 0xF7DF, 0xF7DF, 0xF7DF, 0xF7DF, 0xF7DF, 0xF7DF, 0xF7DF, 0xF7DF,
    0xF7DF, 0xF7DF, 0xF7DF, 0xF7DF, 0xF7DF, 0xF7DF, 0xF7DF, 0xF7DF, 0xF7DF, 0xF7DF, 0xF7DF, 0xF7DF, 0xF7DF, 0xF7DF, 0xF7DF, 0xF7DF,
    0xF7DF, 0xF7DF, 0xF7DF, 0xF7DF, 0xF7DF, 0xEFBF, 0xFFFF, 0x42AC, 0x0002, 0x10E5, 0x08C4, 0x08C4, 0x08C4, 0x08C4, 0x0862, 0x0883,
    0x0883, 0x0862, 0x0883, 0x08A3, 0x08A3, 0x0883, 0x08A4, 0x0042, 0x2967, 0xF7BF, 0xF7DF, 0xF7DF, 0xF7DF, 0xF7DF, 0xF7DF, 0xF7DF,
    0xF7DF, 0xF7DF, 0xF7DF, 0xF7DF, 0xF7DF, 0xF7DF, 0xF7DF, 0xF7DF, 0xF7DF, 0xF7DF, 0xF7DF, 0xF7DF, 0xF7DF, 0xF7DF, 0xF7DF, 0xF7DF,
    0xF7DF, 0xF7DF, 0xF7DF, 0xF7DF, 0xF7DF, 0xF7DF, 0xF7DF, 0xF7DF, 0xF7DF, 0xF7DF, 0xF7DF, 0xF7DF, 0xF7DF, 0xF7DF, 0xF7DF, 0xF7DF,
    0xF7DF, 0xF7DF, 0xF7DF, 0xF7DF, 0xF7DF, 0xF7DF, 0xF7DF, 0xF7DF, 0xF7DF, 0xF7DF, 0xF7DF, 0xF7DF, 0xF7DF, 0xF7DF, 0xF7DF, 0xF7DF,
    0xF7DF, 0xF7DF, 0xF7DF, 0xF7DF, 0xF7DF, 0xF7DF, 0xF7DF, 0xF7DF, 0xF7DF, 0xF7DF, 0xF7DF, 0xF7DF, 0xF7DF, 0xF7DF, 0xF7DF, 0xF7DF,
    0xF7DF, 0xF7DF, 0xF7DF, 0xF7DF, 0xF7DF, 0xF7DF, 0xF7DF, 0xF7DF, 0xF7DF, 0xF7DF, 0xF7DF, 0xF7DF, 0xF7DF, 0xF7DF, 0xF7DF, 0xF7DF,
    0xF7DF, 0xF7DF, 0xF7DF, 0xF7DF, 0xF7DF, 0xF7DF, 0xF7DF, 0xF7DF, 0xF7DF, 0xF7DF, 0xF7DF, 0xF7DF, 0xF7DF, 0xF7DF, 0xF7DF, 0xF7DF,
    0xF7DF, 0xF7DF, 0xF7DF, 0xF7DF, 0xF7DF, 0xF7DF, 0xF7DF, 0xF7DF, 0xF7DF, 0xF7DF, 0xF7DF, 0xF7DF, 0xF7DF, 0xF7DF, 0xF7DF, 0xF7DF,
    0xF7DF, 0xF7DF, 0xF7DF, 0xF7DF, 0xF7DF, 0xF7DF, 0xF7DF, 0xF7DF, 0xF7DF, 0xF7DF, 0xF7DF, 0xF7DF, 0xF7DF, 0xF7DF, 0xF7DF, 0xF7DF,
    0xF7DF, 0xF7DF, 0xF7DF, 0xF7DF, 0xF7DF, 0xF7DF, 0xF7DF, 0xF7DF, 0xF7DF, 0xF7DF, 0xF7DF, 0xF7DF, 0xF7DF, 0xF7DF, 0xF7DF, 0xF7DF,
    0xF7DF, 0xF7DF, 0xF7DF, 0xF7DF, 0xF7DF, 0xF7DF, 0xF7DF, 0xF7DF, 0xF7DF, 0xF7DF, 0xF7DF, 0xF7DF, 0xF7DF, 0xF7DF, 0xF7DF, 0xF7DF,
    0xF7DF, 0xF7DF, 0xF7DF, 0xF7DF, 0xF7DF, 0xF7DF, 0xF7DF, 0xF7DF, 0xF7DF, 0xF7DF, 0xF7DF, 0xF7DF, 0xF7DF, 0xF7DF, 0xF7DF, 0xF7DF,
    0xF7DF, 0xF7DF, 0xF7DF, 0xF7DF, 0xF7DF, 0xF7DF, 0xF7DF, 0xF7DF, 0xF7DF, 0xF7DF, 0xF7DF, 0xF7DF, 0xF7DF, 0xF7DF, 0xF7DF, 0xF7DF,
    0xF7DF, 0xF7DF, 0xF7DF, 0xF7DF, 0xF7DF, 0xF7DF, 0xF7DF, 0xF7DF, 0xF7DF, 0xF7DF, 0xF7DF, 0xF7DF, 0xF7DF, 0xF7DF, 0xF7DF, 0xF7DF,
    0xF7DF, 0xF7DF, 0xF7DF, 0xF7DF, 0xF7DF, 0xEFBF, 0xFFFF, 0x428C, 0x0022, 0x10E5, 0x08C4, 0x08C4, 0x08A4, 0x08C4, 0x0862, 0x0883,
    0x0883, 0x0862, 0x0883, 0x0883, 0x08A3, 0x0883, 0x08A4, 0x0042, 0x2967, 0xF7BF, 0xF7DF, 0xF7DF, 0xF7DF, 0xF7DF, 0xF7DF, 0xF7DF,
    0xF7DF, 0xF7DF, 0xF7DF, 0xF7DF, 0xF7DF, 0xF7DF, 0xF7DF, 0xF7DF, 0xF7DF, 0xF7DF, 0xF7DF, 0xF7DF, 0xF7DF, 0xF7DF, 0xF7DF, 0xF7DF,
    0xF7DF, 0xF7DF, 0xF7DF, 0xF7DF, 0xF7DF, 0xF7DF, 0xF7DF, 0xF7DF, 0xF7DF, 0xF7DF, 0xF7DF, 0xF7DF, 0xF7DF, 0xF7DF, 0xF7DF, 0xF7DF,
    0xF7DF, 0xF7DF, 0xF7DF, 0xF7DF, 0xF7DF, 0xF7DF, 0xF7DF, 0xF7DF, 0xF7DF, 0xF7DF, 0xF7DF, 0xF7DF, 0xF7DF, 0xF7DF, 0xF7DF, 0xF7DF,
    0xF7DF, 0xF7DF, 0xF7DF, 0xF7DF, 0xF7DF, 0xF7DF, 0xF7DF, 0xF7DF, 0xF7DF, 0xF7DF, 0xF7DF, 0xF7DF, 0xF7DF, 0xF7DF, 0xF7DF, 0xF7DF,
    0xF7DF, 0xF7DF, 0xF7DF, 0xF7DF, 0xF7DF, 0xF7DF, 0xF7DF, 0xF7DF, 0xF7DF, 0xF7DF, 0xF7DF, 0xF7DF, 0xF7DF, 0xF7DF, 0xF7DF, 0xF7DF,
    0xF7DF, 0xF7DF, 0xF7DF, 0xF7DF, 0xF7DF, 0xF7DF, 0xF7DF, 0xF7DF, 0xF7DF, 0xF7DF, 0xF7DF, 0xF7DF, 0xF7DF, 0xF7DF, 0xF7DF, 0xF7DF,
    0xF7DF, 0xF7DF, 0xF7DF, 0xF7DF, 0xF7DF, 0xF7DF, 0xF7DF, 0xF7DF, 0xF7DF, 0xF7DF, 0xF7DF, 0xF7DF, 0xF7DF, 0xF7DF, 0xF7DF, 0xF7DF,
    0xF7DF, 0xF7DF, 0xF7DF, 0xF7DF, 0xF7DF, 0xF7DF, 0xF7DF, 0xF7DF, 0xF7DF, 0xF7DF, 0xF7DF, 0xF7DF, 0xF7DF, 0xF7DF, 0xF7DF, 0xF7DF,
    0xF7DF, 0xF7DF, 0xF7DF, 0xF7DF, 0xF7DF, 0xF7DF, 0xF7DF, 0xF7DF, 0xF7DF, 0xF7DF, 0xF7DF, 0xF7DF, 0xF7DF, 0xF7DF, 0xF7DF, 0xF7DF,
    0xF7DF, 0xF7DF, 0xF7DF, 0xF7DF, 0xF7DF, 0xF7DF, 0xF7DF, 0xF7DF, 0xF7DF, 0xF7DF, 0xF7DF, 0xF7DF, 0xF7DF, 0xF7DF, 0xF7DF, 0xF7DF,
    0xF7DF, 0xF7DF, 0xF7DF, 0xF7DF, 0xF7DF, 0xF7DF, 0xF7DF, 0xF7DF, 0xF7DF, 0xF7DF, 0xF7DF, 0xF7DF, 0xF7DF, 0xF7DF, 0xF7DF, 0xF7DF,
    0xF7DF, 0xF7DF, 0xF7DF, 0xF7DF, 0xF7DF, 0xF7DF, 0xF7DF, 0xF7DF, 0xF7DF, 0xF7DF, 0xF7DF, 0xF7DF, 0xF7DF, 0xF7DF, 0xF7DF, 0xF7DF,
    0xF7DF, 0xF7DF, 0xF7DF, 0xF7DF, 0xF7DF, 0xF7DF, 0xF7DF, 0xF7DF, 0xF7DF, 0xF7DF, 0xF7DF, 0xF7DF, 0xF7DF, 0xF7DF, 0xF7DF, 0xF7DF,
    0xF7DF, 0xF7DF, 0xF7DF, 0xF7DF, 0xF7DF, 0xEFBF, 0xFFFF, 0x428C, 0x0002, 0x10C5, 0x08A4, 0x08C4, 0x08A4, 0x08A4, 0x0862, 0x0883,
    0x0883, 0x0862, 0x0883, 0x0883, 0x0883, 0x08A3, 0x08A4, 0x0042, 0x2967, 0xF7BF, 0xF7DF, 0xF7DF, 0xF7DF, 0xF7DF, 0xF7DF, 0xF7DF,
    0xF7DF, 0xF7DF, 0xF7DF, 0xF7DF, 0xF7DF, 0xF7DF, 0xF7DF, 0xF7DF, 0xF7DF, 0xF7DF, 0xF7DF, 0xF7DF, 0xF7DF, 0xF7DF, 0xF7DF, 0xF7DF,
    0xF7DF, 0xF7DF, 0xF7DF, 0xF7DF, 0xF7DF, 0xF7DF, 0xF7DF, 0xF7DF, 0xF7DF, 0xF7DF, 0xF7DF, 0xF7DF, 0xF7DF, 0xF7DF, 0xF7DF, 0xF7DF,
    0xF7DF, 0xF7DF, 0xF7DF, 0xF7DF, 0xF7DF, 0xF7DF, 0xF7DF, 0xF7DF, 0xF7DF, 0xF7DF, 0xF7DF, 0xF7DF, 0xF7DF, 0xF7DF, 0xF7DF, 0xF7DF,
    0xF7DF, 0xF7DF, 0xF7DF, 0xF7DF, 0xF7DF, 0xF7DF, 0xF7DF, 0xF7DF, 0xF7DF, 0xF7DF, 0xF7DF, 0xF7DF, 0xF7DF, 0xF7DF, 0xF7DF, 0xF7DF,
    0xF7DF, 0xF7DF, 0xF7DF, 0xF7DF, 0xF7DF, 0xF7DF, 0xF7DF, 0xF7DF, 0xF7DF, 0xF7DF, 0xF7DF, 0xF7DF, 0xF7DF, 0xF7DF, 0xF7DF, 0xF7DF,
    0xF7DF, 0xF7DF, 0xF7DF, 0xF7DF, 0xF7DF, 0xF7DF, 0xF7DF, 0xF7DF, 0xF7DF, 0xF7DF, 0xF7DF, 0xF7DF, 0xF7DF, 0xF7DF, 0xF7DF, 0xF7DF,
    0xF7DF, 0xF7DF, 0xF7DF, 0xF7DF, 0xF7DF, 0xF7DF, 0xF7DF, 0xF7DF, 0xF7DF, 0xF7DF, 0xF7DF, 0xF7DF, 0xF7DF, 0xF7DF, 0xF7DF, 0xF7DF,
    0xF7DF, 0xF7DF, 0xF7DF, 0xF7DF, 0xF7DF, 0xF7DF, 0xF7DF, 0xF7DF, 0xF7DF, 0xF7DF, 0xF7DF, 0xF7DF, 0xF7DF, 0xF7DF, 0xF7DF, 0xF7DF,
    0xF7DF, 0xF7DF, 0xF7DF, 0xF7DF, 0xF7DF, 0xF7DF, 0xF7DF, 0xF7DF, 0xF7DF, 0xF7DF, 0xF7DF, 0xF7DF, 0xF7DF, 0xF7DF, 0xF7DF, 0xF7DF,
    0xF7DF, 0xF7DF, 0xF7DF, 0xF7DF, 0xF7DF, 0xF7DF, 0xF7DF, 0xF7DF, 0xF7DF, 0xF7DF, 0xF7DF, 0xF7DF, 0xF7DF, 0xF7DF, 0xF7DF, 0xF7DF,
    0xF7DF, 0xF7DF, 0xF7DF, 0xF7DF, 0xF7DF, 0xF7DF, 0xF7DF, 0xF7DF, 0xF7DF, 0xF7DF, 0xF7DF, 0xF7DF, 0xF7DF, 0xF7DF, 0xF7DF, 0xF7DF,
    0xF7DF, 0xF7DF, 0xF7DF, 0xF7DF, 0xF7DF, 0xF7DF, 0xF7DF, 0xF7DF, 0xF7DF, 0xF7DF, 0xF7DF, 0xF7DF, 0xF7DF, 0xF7DF, 0xF7DF, 0xF7DF,
    0xF7DF, 0xF7DF, 0xF7DF, 0xF7DF, 0xF7DF, 0xF7DF, 0xF7DF, 0xF7DF, 0xF7DF, 0xF7DF, 0xF7DF, 0xF7DF, 0xF7DF, 0xF7DF, 0xF7DF, 0xF7DF,
    0xF7DF, 0xF7DF, 0xF7DF, 0xF7DF, 0xF7DF, 0xEFBF, 0xFFFF, 0x428C, 0x0002, 0x10C5, 0x08A4, 0x08A4, 0x08A4, 0x08C4, 0x0862, 0x0883,
    0x0883, 0x0862, 0x0883, 0x0883, 0x08A4, 0x08A3, 0x08A4, 0x0042, 0x2967, 0xF7BF, 0xF7DF, 0xF7DF, 0xF7DF, 0xF7DF, 0xF7DF, 0xF7DF,
    0xF7DF, 0xF7DF, 0xF7DF, 0xF7DF, 0xF7DF, 0xF7DF, 0xF7DF, 0xF7DF, 0xF7DF, 0xF7DF, 0xF7DF, 0xF7DF, 0xF7DF, 0xF7DF, 0xF7DF, 0xF7DF,
    0xF7DF, 0xF7DF, 0xF7DF, 0xF7DF, 0xF7DF, 0xF7DF, 0xF7DF, 0xF7DF, 0xF7DF, 0xF7DF, 0xF7DF, 0xF7DF, 0xF7DF, 0xF7DF, 0xF7DF, 0xF7DF,
    0xF7DF, 0xF7DF, 0xF7DF, 0xF7DF, 0xF7DF, 0xF7DF, 0xF7DF, 0xF7DF, 0xF7DF, 0xF7DF, 0xF7DF, 0xF7DF, 0xF7DF, 0xF7DF, 0xF7DF, 0xF7DF,
    0xF7DF, 0xF7DF, 0xF7DF, 0xF7DF, 0xF7DF, 0xF7DF, 0xF7DF, 0xF7DF, 0xF7DF, 0xF7DF, 0xF7DF, 0xF7DF, 0xF7DF, 0xF7DF, 0xF7DF, 0xF7DF,
    0xF7DF, 0xF7DF, 0xF7DF, 0xF7DF, 0xF7DF, 0xF7DF, 0xF7DF, 0xF7DF, 0xF7DF, 0xF7DF, 0xF7DF, 0xF7DF, 0xF7DF, 0xF7DF, 0xF7DF, 0xF7DF,
    0xF7DF, 0xF7DF, 0xF7DF, 0xF7DF, 0xF7DF, 0xF7DF, 0xF7DF, 0xF7DF, 0xF7DF, 0xF7DF, 0xF7DF, 0xF7DF, 0xF7DF, 0xF7DF, 0xF7DF, 0xF7DF,
    0xF7DF, 0xF7DF, 0xF7DF, 0xF7DF, 0xF7DF, 0xF7DF, 0xF7DF, 0xF7DF, 0xF7DF, 0xF7DF, 0xF7DF, 0xF7DF, 0xF7DF, 0xF7DF, 0xF7DF, 0xF7DF,
    0xF7DF, 0xF7DF, 0xF7DF, 0xF7DF, 0xF7DF, 0xF7DF, 0xF7DF, 0xF7DF, 0xF7DF, 0xF7DF, 0xF7DF, 0xF7DF, 0xF7DF, 0xF7DF, 0xF7DF, 0xF7DF,
    0xF7DF, 0xF7DF, 0xF7DF, 0xF7DF, 0xF7DF, 0xF7DF, 0xF7DF, 0xF7DF, 0xF7DF, 0xF7DF, 0xF7DF, 0xF7DF, 0xF7DF, 0xF7DF, 0xF7DF, 0xF7DF,
    0xF7DF, 0xF7DF, 0xF7DF, 0xF7DF, 0xF7DF, 0xF7DF, 0xF7DF, 0xF7DF, 0xF7DF, 0xF7DF, 0xF7DF, 0xF7DF, 0xF7DF, 0xF7DF, 0xF7DF, 0xF7DF,
    0xF7DF, 0xF7DF, 0xF7DF, 0xF7DF, 0xF7DF, 0xF7DF, 0xF7DF, 0xF7DF, 0xF7DF, 0xF7DF, 0xF7DF, 0xF7DF, 0xF7DF, 0xF7DF, 0xF7DF, 0xF7DF,
    0xF7DF, 0xF7DF, 0xF7DF, 0xF7DF, 0xF7DF, 0xF7DF, 0xF7DF, 0xF7DF, 0xF7DF, 0xF7DF, 0xF7DF, 0xF7DF, 0xF7DF, 0xF7DF, 0xF7DF, 0xF7DF,
    0xF7DF, 0xF7DF, 0xF7DF, 0xF7DF, 0xF7DF, 0xF7DF, 0xF7DF, 0xF7DF, 0xF7DF, 0xF7DF, 0xF7DF, 0xF7DF, 0xF7DF, 0xF7DF, 0xF7DF, 0xF7DF,
    0xF7DF, 0xF7DF, 0xF7DF, 0xF7DF, 0xF7DF, 0xEFBF, 0xFFFF, 0x428C, 0x0002, 0x10C5, 0x08A4, 0x08A4, 0x08A4, 0x08A4, 0x0862, 0x0883,
    0x0883, 0x0862, 0x0883, 0x0883, 0x08A4, 0x08A3, 0x08A4, 0x0042, 0x2967, 0xF7BF, 0xF7DF, 0xF7DF, 0xF7DF, 0xF7DF, 0xF7DF, 0xF7DF,
    0xF7DF, 0xF7DF, 0xF7DF, 0xF7DF, 0xF7DF, 0xF7DF, 0xF7DF, 0xF7DF, 0xF7DF, 0xF7DF, 0xF7DF, 0xF7DF, 0xF7DF, 0xF7DF, 0xF7DF, 0xF7DF,
    0xF7DF, 0xF7DF, 0xF7DF, 0xF7DF, 0xF7DF, 0xF7DF, 0xF7DF, 0xF7DF, 0xF7DF, 0xF7DF, 0xF7DF, 0xF7DF, 0xF7DF, 0xF7DF, 0xF7DF, 0xF7DF,
    0xF7DF, 0xF7DF, 0xF7DF, 0xF7DF, 0xF7DF, 0xF7DF, 0xF7DF, 0xF7DF, 0xF7DF, 0xF7DF, 0xF7DF, 0xF7DF, 0xF7DF, 0xF7DF, 0xF7DF, 0xF7DF,
    0xF7DF, 0xF7DF, 0xF7DF, 0xF7DF, 0xF7DF, 0xF7DF, 0xF7DF, 0xF7DF, 0xF7DF, 0xF7DF, 0xF7DF, 0xF7DF, 0xF7DF, 0xF7DF, 0xF7DF, 0xF7DF,
    0xF7DF, 0xF7DF, 0xF7DF, 0xF7DF, 0xF7DF, 0xF7DF, 0xF7DF, 0xF7DF, 0xF7DF, 0xF7DF, 0xF7DF, 0xF7DF, 0xF7DF, 0xF7DF, 0xF7DF, 0xF7DF,
    0xF7DF, 0xF7DF, 0xF7DF, 0xF7DF, 0xF7DF, 0xF7DF, 0xF7DF, 0xF7DF, 0xF7DF, 0xF7DF, 0xF7DF, 0xF7DF, 0xF7DF, 0xF7DF, 0xF7DF, 0xF7DF,
    0xF7DF, 0xF7DF, 0xF7DF, 0xF7DF, 0xF7DF, 0xF7DF, 0xF7DF, 0xF7DF, 0xF7DF, 0xF7DF, 0xF7DF, 0xF7DF, 0xF7DF, 0xF7DF, 0xF7DF, 0xF7DF,
    0xF7DF, 0xF7DF, 0xF7DF, 0xF7DF, 0xF7DF, 0xF7DF, 0xF7DF, 0xF7DF, 0xF7DF, 0xF7DF, 0xF7DF, 0xF7DF, 0xF7DF, 0xF7DF, 0xF7DF, 0xF7DF,
    0xF7DF, 0xF7DF, 0xF7DF, 0xF7DF, 0xF7DF, 0xF7DF, 0xF7DF, 0xF7DF, 0xF7DF, 0xF7DF, 0xF7DF, 0xF7DF, 0xF7DF, 0xF7DF, 0xF7DF, 0xF7DF,
    0xF7DF, 0xF7DF, 0xF7DF, 0xF7DF, 0xF7DF, 0xF7DF, 0xF7DF, 0xF7DF, 0xF7DF, 0xF7DF, 0xF7DF, 0xF7DF, 0xF7DF, 0xF7DF, 0xF7DF, 0xF7DF,
    0xF7DF, 0xF7DF, 0xF7DF, 0xF7DF, 0xF7DF, 0xF7DF, 0xF7DF, 0xF7DF, 0xF7DF, 0xF7DF, 0xF7DF, 0xF7DF, 0xF7DF, 0xF7DF, 0xF7DF, 0xF7DF,
    0xF7DF, 0xF7DF, 0xF7DF, 0xF7DF, 0xF7DF, 0xF7DF, 0xF7DF, 0xF7DF, 0xF7DF, 0xF7DF, 0xF7DF, 0xF7DF, 0xF7DF, 0xF7DF, 0xF7DF, 0xF7DF,
    0xF7DF, 0xF7DF, 0xF7DF, 0xF7DF, 0xF7DF, 0xF7DF, 0xF7DF, 0xF7DF, 0xF7DF, 0xF7DF, 0xF7DF, 0xF7DF, 0xF7DF, 0xF7DF, 0xF7DF, 0xF7DF,
    0xF7DF, 0xF7DF, 0xF7DF, 0xF7DF, 0xF7DF, 0xEFBF, 0xFFFF, 0x428C, 0x0002, 0x10C5, 0x08A4, 0x08A4, 0x08A4, 0x08A4, 0x0862, 0x0883,
    0x0883, 0x0862, 0x0883, 0x08A3, 0x08A3, 0x08A4, 0x08A4, 0x0042, 0x2967, 0xF7BF, 0xF7DF, 0xF7DF, 0xF7DF, 0xF7DF, 0xF7DF, 0xF7DF,
    0xF7DF, 0xF7DF, 0xF7DF, 0xF7DF, 0xF7DF, 0xF7DF, 0xF7DF, 0xF7DF, 0xF7DF, 0xF7DF, 0xF7DF, 0xF7DF, 0xF7DF, 0xF7DF, 0xF7DF, 0xF7DF,
    0xF7DF, 0xF7DF, 0xF7DF, 0xF7DF, 0xF7DF, 0xF7DF, 0xF7DF, 0xF7DF, 0xF7DF, 0xF7DF, 0xF7DF, 0xF7DF, 0xF7DF, 0xF7DF, 0xF7DF, 0xF7DF,
    0xF7DF, 0xF7DF, 0xF7DF, 0xF7DF, 0xF7DF, 0xF7DF, 0xF7DF, 0xF7DF, 0xF7DF, 0xF7DF, 0xF7DF, 0xF7DF, 0xF7DF, 0xF7DF, 0xF7DF, 0xF7DF,
    0xF7DF, 0xF7DF, 0xF7DF, 0xF7DF, 0xF7DF, 0xF7DF, 0xF7DF, 0xF7DF, 0xF7DF, 0xF7DF, 0xF7DF, 0xF7DF, 0xF7DF, 0xF7DF, 0xF7DF, 0xF7DF,
    0xF7DF, 0xF7DF, 0xF7DF, 0xF7DF, 0xF7DF, 0xF7DF, 0xF7DF, 0xF7DF, 0xF7DF, 0xF7DF, 0xF7DF, 0xF7DF, 0xF7DF, 0xF7DF, 0xF7DF, 0xF7DF,
    0xF7DF, 0xF7DF, 0xF7DF, 0xF7DF, 0xF7DF, 0xF7DF, 0xF7DF, 0xF7DF, 0xF7DF, 0xF7DF, 0xF7DF, 0xF7DF, 0xF7DF, 0xF7DF, 0xF7DF, 0xF7DF,
    0xF7DF, 0xF7DF, 0xF7DF, 0xF7DF, 0xF7DF, 0xF7DF, 0xF7DF, 0xF7DF, 0xF7DF, 0xF7DF, 0xF7DF, 0xF7DF, 0xF7DF, 0xF7DF, 0xF7DF, 0xF7DF,
    0xF7DF, 0xF7DF, 0xF7DF, 0xF7DF, 0xF7DF, 0xF7DF, 0xF7DF, 0xF7DF, 0xF7DF, 0xF7DF, 0xF7DF, 0xF7DF, 0xF7DF, 0xF7DF, 0xF7DF, 0xF7DF,
    0xF7DF, 0xF7DF, 0xF7DF, 0xF7DF, 0xF7DF, 0xF7DF, 0xF7DF, 0xF7DF, 0xF7DF, 0xF7DF, 0xF7DF, 0xF7DF, 0xF7DF, 0xF7DF, 0xF7DF, 0xF7DF,
    0xF7DF, 0xF7DF, 0xF7DF, 0xF7DF, 0xF7DF, 0xF7DF, 0xF7DF, 0xF7DF, 0xF7DF, 0xF7DF, 0xF7DF, 0xF7DF, 0xF7DF, 0xF7DF, 0xF7DF, 0xF7DF,
    0xF7DF, 0xF7DF, 0xF7DF, 0xF7DF, 0xF7DF, 0xF7DF, 0xF7DF, 0xF7DF, 0xF7DF, 0xF7DF, 0xF7DF, 0xF7DF, 0xF7DF, 0xF7DF, 0xF7DF, 0xF7DF,
    0xF7DF, 0xF7DF, 0xF7DF, 0xF7DF, 0xF7DF, 0xF7DF, 0xF7DF, 0xF7DF, 0xF7DF, 0xF7DF, 0xF7DF, 0xF7DF, 0xF7DF, 0xF7DF, 0xF7DF, 0xF7DF,
    0xF7DF, 0xF7DF, 0xF7DF, 0xF7DF, 0xF7DF, 0xF7DF, 0xF7DF, 0xF7DF, 0xF7DF, 0xF7DF, 0xF7DF, 0xF7DF, 0xF7DF, 0xF7DF, 0xF7DF, 0xF7DF,
    0xF7DF, 0xF7DF, 0xF7DF, 0xF7DF, 0xF7DF, 0xEFBF, 0xFFFF, 0x428C, 0x0002, 0x10C5, 0x08A4, 0x08A4, 0x08A4, 0x08A4, 0x0862, 0x0883,
    0x0883, 0x0862, 0x0883, 0x08A3, 0x0883, 0x08A4, 0x08A4, 0x0042, 0x2967, 0xF7BF, 0xF7DF, 0xF7DF, 0xF7DF, 0xF7DF, 0xF7DF, 0xF7DF,
    0xF7DF, 0xF7DF, 0xF7DF, 0xF7DF, 0xF7DF, 0xF7DF, 0xF7DF, 0xF7DF, 0xF7DF, 0xF7DF, 0xF7DF, 0xF7DF, 0xF7DF, 0xF7DF, 0xF7DF, 0xF7DF,
    0xF7DF, 0xF7DF, 0xF7DF, 0xF7DF, 0xF7DF, 0xF7DF, 0xF7DF, 0xF7DF, 0xF7DF, 0xF7DF, 0xF7DF, 0xF7DF, 0xF7DF, 0xF7DF, 0xF7DF, 0xF7DF,
    0xF7DF, 0xF7DF, 0xF7DF, 0xF7DF, 0xF7DF, 0xF7DF, 0xF7DF, 0xF7DF, 0xF7DF, 0xF7DF, 0xF7DF, 0xF7DF, 0xF7DF, 0xF7DF, 0xF7DF, 0xF7DF,
    0xF7DF, 0xF7DF, 0xF7DF, 0xF7DF, 0xF7DF, 0xF7DF, 0xF7DF, 0xF7DF, 0xF7DF, 0xF7DF, 0xF7DF, 0xF7DF, 0xF7DF, 0xF7DF, 0xF7DF, 0xF7DF,
    0xF7DF, 0xF7DF, 0xF7DF, 0xF7DF, 0xF7DF, 0xF7DF, 0xF7DF, 0xF7DF, 0xF7DF, 0xF7DF, 0xF7DF, 0xF7DF, 0xF7DF, 0xF7DF, 0xF7DF, 0xF7DF,
    0xF7DF, 0xF7DF, 0xF7DF, 0xF7DF, 0xF7DF, 0xF7DF, 0xF7DF, 0xF7DF, 0xF7DF, 0xF7DF, 0xF7DF, 0xF7DF, 0xF7DF, 0xF7DF, 0xF7DF, 0xF7DF,
    0xF7DF, 0xF7DF, 0xF7DF, 0xF7DF, 0xF7DF, 0xF7DF, 0xF7DF, 0xF7DF, 0xF7DF, 0xF7DF, 0xF7DF, 0xF7DF, 0xF7DF, 0xF7DF, 0xF7DF, 0xF7DF,
    0xF7DF, 0xF7DF, 0xF7DF, 0xF7DF, 0xF7DF, 0xF7DF, 0xF7DF, 0xF7DF, 0xF7DF, 0xF7DF, 0xF7DF, 0xF7DF, 0xF7DF, 0xF7DF, 0xF7DF, 0xF7DF,
    0xF7DF, 0xF7DF, 0xF7DF, 0xF7DF, 0xF7DF, 0xF7DF, 0xF7DF, 0xF7DF, 0xF7DF, 0xF7DF, 0xF7DF, 0xF7DF, 0xF7DF, 0xF7DF, 0xF7DF, 0xF7DF,
    0xF7DF, 0xF7DF, 0xF7DF, 0xF7DF, 0xF7DF, 0xF7DF, 0xF7DF, 0xF7DF, 0xF7DF, 0xF7DF, 0xF7DF, 0xF7DF, 0xF7DF, 0xF7DF, 0xF7DF, 0xF7DF,
    0xF7DF, 0xF7DF, 0xF7DF, 0xF7DF, 0xF7DF, 0xF7DF, 0xF7DF, 0xF7DF, 0xF7DF, 0xF7DF, 0xF7DF, 0xF7DF, 0xF7DF, 0xF7DF, 0xF7DF, 0xF7DF,
    0xF7DF, 0xF7DF, 0xF7DF, 0xF7DF, 0xF7DF, 0xF7DF, 0xF7DF, 0xF7DF, 0xF7DF, 0xF7DF, 0xF7DF, 0xF7DF, 0xF7DF, 0xF7DF, 0xF7DF, 0xF7DF,
    0xF7DF, 0xF7DF, 0xF7DF, 0xF7DF, 0xF7DF, 0xF7DF, 0xF7DF, 0xF7DF, 0xF7DF, 0xF7DF, 0xF7DF, 0xF7DF, 0xF7DF, 0xF7DF, 0xF7DF, 0xF7DF,
    0xF7DF, 0xF7DF, 0xF7DF, 0xF7DF, 0xF7DF, 0xEFBF, 0xFFFF, 0x428C, 0x0002, 0x10C5, 0x08A4, 0x08A4, 0x08A4, 0x08A4, 0x0862, 0x0883,
    0x0883, 0x0862, 0x0883, 0x08A3, 0x08A3, 0x08A3, 0x08A4, 0x0042, 0x2967, 0xF7BF, 0xF7DF, 0xF7DF, 0xF7DF, 0xF7DF, 0xF7DF, 0xF7DF,
    0xF7DF, 0xF7DF, 0xF7DF, 0xF7DF, 0xF7DF, 0xF7DF, 0xF7DF, 0xF7DF, 0xF7DF, 0xF7DF, 0xF7DF, 0xF7DF, 0xF7DF, 0xF7DF, 0xF7DF, 0xF7DF,
    0xF7DF, 0xF7DF, 0xF7DF, 0xF7DF, 0xF7DF, 0xF7DF, 0xF7DF, 0xF7DF, 0xF7DF, 0xF7DF, 0xF7DF, 0xF7DF, 0xF7DF, 0xF7DF, 0xF7DF, 0xF7DF,
    0xF7DF, 0xF7DF, 0xF7DF, 0xF7DF, 0xF7DF, 0xF7DF, 0xF7DF, 0xF7DF, 0xF7DF, 0xF7DF, 0xF7DF, 0xF7DF, 0xF7DF, 0xF7DF, 0xF7DF, 0xF7DF,
    0xF7DF, 0xF7DF, 0xF7DF, 0xF7DF, 0xF7DF, 0xF7DF, 0xF7DF, 0xF7DF, 0xF7DF, 0xF7DF, 0xF7DF, 0xF7DF, 0xF7DF, 0xF7DF, 0xF7DF, 0xF7DF,
    0xF7DF, 0xF7DF, 0xF7DF, 0xF7DF, 0xF7DF, 0xF7DF, 0xF7DF, 0xF7DF, 0xF7DF, 0xF7DF, 0xF7DF, 0xF7DF, 0xF7DF, 0xF7DF, 0xF7DF, 0xF7DF,
    0xF7DF, 0xF7DF, 0xF7DF, 0xF7DF, 0xF7DF, 0xF7DF, 0xF7DF, 0xF7DF, 0xF7DF, 0xF7DF, 0xF7DF, 0xF7DF, 0xF7DF, 0xF7DF, 0xF7DF, 0xF7DF,
    0xF7DF, 0xF7DF, 0xF7DF, 0xF7DF, 0xF7DF, 0xF7DF, 0xF7DF, 0xF7DF, 0xF7DF, 0xF7DF, 0xF7DF, 0xF7DF, 0xF7DF, 0xF7DF, 0xF7DF, 0xF7DF,
    0xF7DF, 0xF7DF, 0xF7DF, 0xF7DF, 0xF7DF, 0xF7DF, 0xF7DF, 0xF7DF, 0xF7DF, 0xF7DF, 0xF7DF, 0xF7DF, 0xF7DF, 0xF7DF, 0xF7DF, 0xF7DF,
    0xF7DF, 0xF7DF, 0xF7DF, 0xF7DF, 0xF7DF, 0xF7DF, 0xF7DF, 0xF7DF, 0xF7DF, 0xF7DF, 0xF7DF, 0xF7DF, 0xF7DF, 0xF7DF, 0xF7DF, 0xF7DF,
    0xF7DF, 0xF7DF, 0xF7DF, 0xF7DF, 0xF7DF, 0xF7DF, 0xF7DF, 0xF7DF, 0xF7DF, 0xF7DF, 0xF7DF, 0xF7DF, 0xF7DF, 0xF7DF, 0xF7DF, 0xF7DF,
    0xF7DF, 0xF7DF, 0xF7DF, 0xF7DF, 0xF7DF, 0xF7DF, 0xF7DF, 0xF7DF, 0xF7DF, 0xF7DF, 0xF7DF, 0xF7DF, 0xF7DF, 0xF7DF, 0xF7DF, 0xF7DF,
    0xF7DF, 0xF7DF, 0xF7DF, 0xF7DF, 0xF7DF, 0xF7DF, 0xF7DF, 0xF7DF, 0xF7DF, 0xF7DF, 0xF7DF, 0xF7DF, 0xF7DF, 0xF7DF, 0xF7DF, 0xF7DF,
    0xF7DF, 0xF7DF, 0xF7DF, 0xF7DF, 0xF7DF, 0xF7DF, 0xF7DF, 0xF7DF, 0xF7DF, 0xF7DF, 0xF7DF, 0xF7DF, 0xF7DF, 0xF7DF, 0xF7DF, 0xF7DF,
    0xF7DF, 0xF7DF, 0xF7DF, 0xF7DF, 0xF7DF, 0xEFBF, 0xFFFF, 0x428C, 0x0002, 0x10C5, 0x08A4, 0x08A4, 0x08A4, 0x08A4, 0x0862, 0x0883,
    0x0883, 0x0862, 0x0883, 0x08A3, 0x08A3, 0x0883, 0x08A4, 0x0042, 0x2967, 0xEFBF, 0xF7DF, 0xF7DF, 0xF7DF, 0xF7DF, 0xF7DF, 0xF7DF,
    0xF7DF, 0xF7DF, 0xF7DF, 0xF7DF, 0xF7DF, 0xF7DF, 0xF7DF, 0xF7DF, 0xF7DF, 0xF7DF, 0xF7DF, 0xF7DF, 0xF7DF, 0xF7DF, 0xF7DF, 0xF7DF,
    0xF7DF, 0xF7DF, 0xF7DF, 0xF7DF, 0xF7DF, 0xF7DF, 0xF7DF, 0xF7DF, 0xF7DF, 0xF7DF, 0xF7DF, 0xF7DF, 0xF7DF, 0xF7DF, 0xF7DF, 0xF7DF,
    0xF7DF, 0xF7DF, 0xF7DF, 0xF7DF, 0xF7DF, 0xF7DF, 0xF7DF, 0xF7DF, 0xF7DF, 0xF7DF, 0xF7DF, 0xF7DF, 0xF7DF, 0xF7DF, 0xF7DF, 0xF7DF,
    0xF7DF, 0xF7DF, 0xF7DF, 0xF7DF, 0xF7DF, 0xF7DF, 0xF7DF, 0xF7DF, 0xF7DF, 0xF7DF, 0xF7DF, 0xF7DF, 0xF7DF, 0xF7DF, 0xF7DF, 0xF7DF,
    0xF7DF, 0xF7DF, 0xF7DF, 0xF7DF, 0xF7DF, 0xF7DF, 0xF7DF, 0xF7DF, 0xF7DF, 0xF7DF, 0xF7DF, 0xF7DF, 0xF7DF, 0xF7DF, 0xF7DF, 0xF7DF,
    0xF7DF, 0xF7DF, 0xF7DF, 0xF7DF, 0xF7DF, 0xF7DF, 0xF7DF, 0xF7DF, 0xF7DF, 0xF7DF, 0xF7DF, 0xF7DF, 0xF7DF, 0xF7DF, 0xF7DF, 0xF7DF,
    0xF7DF, 0xF7DF, 0xF7DF, 0xF7DF, 0xF7DF, 0xF7DF, 0xF7DF, 0xF7DF, 0xF7DF, 0xF7DF, 0xF7DF, 0xF7DF, 0xF7DF, 0xF7DF, 0xF7DF, 0xF7DF,
    0xF7DF, 0xF7DF, 0xF7DF, 0xF7DF, 0xF7DF, 0xF7DF, 0xF7DF, 0xF7DF, 0xF7DF, 0xF7DF, 0xF7DF, 0xF7DF, 0xF7DF, 0xF7DF, 0xF7DF, 0xF7DF,
    0xF7DF, 0xF7DF, 0xF7DF, 0xF7DF, 0xF7DF, 0xF7DF, 0xF7DF, 0xF7DF, 0xF7DF, 0xF7DF, 0xF7DF, 0xF7DF, 0xF7DF, 0xF7DF, 0xF7DF, 0xF7DF,
    0xF7DF, 0xF7DF, 0xF7DF, 0xF7DF, 0xF7DF, 0xF7DF, 0xF7DF, 0xF7DF, 0xF7DF, 0xF7DF, 0xF7DF, 0xF7DF, 0xF7DF, 0xF7DF, 0xF7DF, 0xF7DF,
    0xF7DF, 0xF7DF, 0xF7DF, 0xF7DF, 0xF7DF, 0xF7DF, 0xF7DF, 0xF7DF, 0xF7DF, 0xF7DF, 0xF7DF, 0xF7DF, 0xF7DF, 0xF7DF, 0xF7DF, 0xF7DF,
    0xF7DF, 0xF7DF, 0xF7DF, 0xF7DF, 0xF7DF, 0xF7DF, 0xF7DF, 0xF7DF, 0xF7DF, 0xF7DF, 0xF7DF, 0xF7DF, 0xF7DF, 0xF7DF, 0xF7DF, 0xF7DF,
    0xF7DF, 0xF7DF, 0xF7DF, 0xF7DF, 0xF7DF, 0xF7DF, 0xF7DF, 0xF7DF, 0xF7DF, 0xF7DF, 0xF7DF, 0xF7DF, 0xF7DF, 0xF7DF, 0xF7DF, 0xF7DF,
    0xF7DF, 0xF7DF, 0xF7DF, 0xF7DF, 0xF7DF, 0xEFBF, 0xFFFF, 0x428C, 0x0002, 0x10C5, 0x08A4, 0x08A4, 0x08A4, 0x08A4, 0x0862, 0x0883,
    0x0883, 0x0862, 0x0883, 0x08A3, 0x08A3, 0x0883, 0x08A4, 0x0042, 0x2967, 0xEFBF, 0xF7DF, 0xF7DF, 0xF7DF, 0xF7DF, 0xF7DF, 0xF7DF,
    0xF7DF, 0xF7DF, 0xF7DF, 0xF7DF, 0xF7DF, 0xF7DF, 0xF7DF, 0xF7DF, 0xF7DF, 0xF7DF, 0xF7DF, 0xF7DF, 0xF7DF, 0xF7DF, 0xF7DF, 0xF7DF,
    0xF7DF, 0xF7DF, 0xF7DF, 0xF7DF, 0xF7DF, 0xF7DF, 0xF7DF, 0xF7DF, 0xF7DF, 0xF7DF, 0xF7DF, 0xF7DF, 0xF7DF, 0xF7DF, 0xF7DF, 0xF7DF,
    0xF7DF, 0xF7DF, 0xF7DF, 0xF7DF, 0xF7DF, 0xF7DF, 0xF7DF, 0xF7DF, 0xF7DF, 0xF7DF, 0xF7DF, 0xF7DF, 0xF7DF, 0xF7DF, 0xF7DF, 0xF7DF,
    0xF7DF, 0xF7DF, 0xF7DF, 0xF7DF, 0xF7DF, 0xF7DF, 0xF7DF, 0xF7DF, 0xF7DF, 0xF7DF, 0xF7DF, 0xF7DF, 0xF7DF, 0xF7DF, 0xF7DF, 0xF7DF,
    0xF7DF, 0xF7DF, 0xF7DF, 0xF7DF, 0xF7DF, 0xF7DF, 0xF7DF, 0xF7DF, 0xF7DF, 0xF7DF, 0xF7DF, 0xF7DF, 0xF7DF, 0xF7DF, 0xF7DF, 0xF7DF,
    0xF7DF, 0xF7DF, 0xF7DF, 0xF7DF, 0xF7DF, 0xF7DF, 0xF7DF, 0xF7DF, 0xF7DF, 0xF7DF, 0xF7DF, 0xF7DF, 0xF7DF, 0xF7DF, 0xF7DF, 0xF7DF,
    0xF7DF, 0xF7DF, 0xF7DF, 0xF7DF, 0xF7DF, 0xF7DF, 0xF7DF, 0xF7DF, 0xF7DF, 0xF7DF, 0xF7DF, 0xF7DF, 0xF7DF, 0xF7DF, 0xF7DF, 0xF7DF,
    0xF7DF, 0xF7DF, 0xF7DF, 0xF7DF, 0xF7DF, 0xF7DF, 0xF7DF, 0xF7DF, 0xF7DF, 0xF7DF, 0xF7DF, 0xF7DF, 0xF7DF, 0xF7DF, 0xF7DF, 0xF7DF,
    0xF7DF, 0xF7DF, 0xF7DF, 0xF7DF, 0xF7DF, 0xF7DF, 0xF7DF, 0xF7DF, 0xF7DF, 0xF7DF, 0xF7DF, 0xF7DF, 0xF7DF, 0xF7DF, 0xF7DF, 0xF7DF,
    0xF7DF, 0xF7DF, 0xF7DF, 0xF7DF, 0xF7DF, 0xF7DF, 0xF7DF, 0xF7DF, 0xF7DF, 0xF7DF, 0xF7DF, 0xF7DF, 0xF7DF, 0xF7DF, 0xF7DF, 0xF7DF,
    0xF7DF, 0xF7DF, 0xF7DF, 0xF7DF, 0xF7DF, 0xF7DF, 0xF7DF, 0xF7DF, 0xF7DF, 0xF7DF, 0xF7DF, 0xF7DF, 0xF7DF, 0xF7DF, 0xF7DF, 0xF7DF,
    0xF7DF, 0xF7DF, 0xF7DF, 0xF7DF, 0xF7DF, 0xF7DF, 0xF7DF, 0xF7DF, 0xF7DF, 0xF7DF, 0xF7DF, 0xF7DF, 0xF7DF, 0xF7DF, 0xF7DF, 0xF7DF,
    0xF7DF, 0xF7DF, 0xF7DF, 0xF7DF, 0xF7DF, 0xF7DF, 0xF7DF, 0xF7DF, 0xF7DF, 0xF7DF, 0xF7DF, 0xF7DF, 0xF7DF, 0xF7DF, 0xF7DF, 0xF7DF,
    0xF7DF, 0xF7DF, 0xF7DF, 0xF7DF, 0xF7DF, 0xEFBF, 0xFFFF, 0x428C, 0x0002, 0x10C5, 0x08A4, 0x08A4, 0x08A4, 0x08A4, 0x0862, 0x0883,
    0x0883, 0x0862, 0x0883, 0x08A3, 0x0883, 0x08A3, 0x08A4, 0x0042, 0x2967, 0xF7BF, 0xF7DF, 0xF7DF, 0xF7DF, 0xF7DF, 0xF7DF, 0xF7DF,
    0xF7DF, 0xF7DF, 0xF7DF, 0xF7DF, 0xF7DF, 0xF7DF, 0xF7DF, 0xF7DF, 0xF7DF, 0xF7DF, 0xF7DF, 0xF7DF, 0xF7DF, 0xF7DF, 0xF7DF, 0xF7DF,
    0xF7DF, 0xF7DF, 0xF7DF, 0xF7DF, 0xF7DF, 0xF7DF, 0xF7DF, 0xF7DF, 0xF7DF, 0xF7DF, 0xF7DF, 0xF7DF, 0xF7DF, 0xF7DF, 0xF7DF, 0xF7DF,
    0xF7DF, 0xF7DF, 0xF7DF, 0xF7DF, 0xF7DF, 0xF7DF, 0xF7DF, 0xF7DF, 0xF7DF, 0xF7DF, 0xF7DF, 0xF7DF, 0xF7DF, 0xF7DF, 0xF7DF, 0xF7DF,
    0xF7DF, 0xF7DF, 0xF7DF, 0xF7DF, 0xF7DF, 0xF7DF, 0xF7DF, 0xF7DF, 0xF7DF, 0xF7DF, 0xF7DF, 0xF7DF, 0xF7DF, 0xF7DF, 0xF7DF, 0xF7DF,
    0xF7DF, 0xF7DF, 0xF7DF, 0xF7DF, 0xF7DF, 0xF7DF, 0xF7DF, 0xF7DF, 0xF7DF, 0xF7DF, 0xF7DF, 0xF7DF, 0xF7DF, 0xF7DF, 0xF7DF, 0xF7DF,
    0xF7DF, 0xF7DF, 0xF7DF, 0xF7DF, 0xF7DF, 0xF7DF, 0xF7DF, 0xF7DF, 0xF7DF, 0xF7DF, 0xF7DF, 0xF7DF, 0xF7DF, 0xF7DF, 0xF7DF, 0xF7DF,
    0xF7DF, 0xF7DF, 0xF7DF, 0xF7DF, 0xF7DF, 0xF7DF, 0xF7DF, 0xF7DF, 0xF7DF, 0xF7DF, 0xF7DF, 0xF7DF, 0xF7DF, 0xF7DF, 0xF7DF, 0xF7DF,
    0xF7DF, 0xF7DF, 0xF7DF, 0xF7DF, 0xF7DF, 0xF7DF, 0xF7DF, 0xF7DF, 0xF7DF, 0xF7DF, 0xF7DF, 0xF7DF, 0xF7DF, 0xF7DF, 0xF7DF, 0xF7DF,
    0xF7DF, 0xF7DF, 0xF7DF, 0xF7DF, 0xF7DF, 0xF7DF, 0xF7DF, 0xF7DF, 0xF7DF, 0xF7DF, 0xF7DF, 0xF7DF, 0xF7DF, 0xF7DF, 0xF7DF, 0xF7DF,
    0xF7DF, 0xF7DF, 0xF7DF, 0xF7DF, 0xF7DF, 0xF7DF, 0xF7DF, 0xF7DF, 0xF7DF, 0xF7DF, 0xF7DF, 0xF7DF, 0xF7DF, 0xF7DF, 0xF7DF, 0xF7DF,
    0xF7DF, 0xF7DF, 0xF7DF, 0xF7DF, 0xF7DF, 0xF7DF, 0xF7DF, 0xF7DF, 0xF7DF, 0xF7DF, 0xF7DF, 0xF7DF, 0xF7DF, 0xF7DF, 0xF7DF, 0xF7DF,
    0xF7DF, 0xF7DF, 0xF7DF, 0xF7DF, 0xF7DF, 0xF7DF, 0xF7DF, 0xF7DF, 0xF7DF, 0xF7DF, 0xF7DF, 0xF7DF, 0xF7DF, 0xF7DF, 0xF7DF, 0xF7DF,
    0xF7DF, 0xF7DF, 0xF7DF, 0xF7DF, 0xF7DF, 0xF7DF, 0xF7DF, 0xF7DF, 0xF7DF, 0xF7DF, 0xF7DF, 0xF7DF, 0xF7DF, 0xF7DF, 0xF7DF, 0xF7DF,
    0xF7DF, 0xF7DF, 0xF7DF, 0xF7DF, 0xF7DF, 0xEFBF, 0xFFFF, 0x428C, 0x0002, 0x10C5, 0x08A4, 0x08A4, 0x08A4, 0x08A4, 0x0862, 0x0883,
    0x0883, 0x0862, 0x0883, 0x0883, 0x0883, 0x0883, 0x08A4, 0x0042, 0x2967, 0xF7BF, 0xF7DF, 0xF7DF, 0xF7DF, 0xF7DF, 0xF7DF, 0xF7DF,
    0xF7DF, 0xF7DF, 0xF7DF, 0xF7DF, 0xF7DF, 0xF7DF, 0xF7DF, 0xF7DF, 0xF7DF, 0xF7DF, 0xF7DF, 0xF7DF, 0xF7DF, 0xF7DF, 0xF7DF, 0xF7DF,
    0xF7DF, 0xF7DF, 0xF7DF, 0xF7DF, 0xF7DF, 0xF7DF, 0xF7DF, 0xF7DF, 0xF7DF, 0xF7DF, 0xF7DF, 0xF7DF, 0xF7DF, 0xF7DF, 0xF7DF, 0xF7DF,
    0xF7DF, 0xF7DF, 0xF7DF, 0xF7DF, 0xF7DF, 0xF7DF, 0xF7DF, 0xF7DF, 0xF7DF, 0xF7DF, 0xF7DF, 0xF7DF, 0xF7DF, 0xF7DF, 0xF7DF, 0xF7DF,
    0xF7DF, 0xF7DF, 0xF7DF, 0xF7DF, 0xF7DF, 0xF7DF, 0xF7DF, 0xF7DF, 0xF7DF, 0xF7DF, 0xF7DF, 0xF7DF, 0xF7DF, 0xF7DF, 0xF7DF, 0xF7DF,
    0xF7DF, 0xF7DF, 0xF7DF, 0xF7DF, 0xF7DF, 0xF7DF, 0xF7DF, 0xF7DF, 0xF7DF, 0xF7DF, 0xF7DF, 0xF7DF, 0xF7DF, 0xF7DF, 0xF7DF, 0xF7DF,
    0xF7DF, 0xF7DF, 0xF7DF, 0xF7DF, 0xF7DF, 0xF7DF, 0xF7DF, 0xF7DF, 0xF7DF, 0xF7DF, 0xF7DF, 0xF7DF, 0xF7DF, 0xF7DF, 0xF7DF, 0xF7DF,
    0xF7DF, 0xF7DF, 0xF7DF, 0xF7DF, 0xF7DF, 0xF7DF, 0xF7DF, 0xF7DF, 0xF7DF, 0xF7DF, 0xF7DF, 0xF7DF, 0xF7DF, 0xF7DF, 0xF7DF, 0xF7DF,
    0xF7DF, 0xF7DF, 0xF7DF, 0xF7DF, 0xF7DF, 0xF7DF, 0xF7DF, 0xF7DF, 0xF7DF, 0xF7DF, 0xF7DF, 0xF7DF, 0xF7DF, 0xF7DF, 0xF7DF, 0xF7DF,
    0xF7DF, 0xF7DF, 0xF7DF, 0xF7DF, 0xF7DF, 0xF7DF, 0xF7DF, 0xF7DF, 0xF7DF, 0xF7DF, 0xF7DF, 0xF7DF, 0xF7DF, 0xF7DF, 0xF7DF, 0xF7DF,
    0xF7DF, 0xF7DF, 0xF7DF, 0xF7DF, 0xF7DF, 0xF7DF, 0xF7DF, 0xF7DF, 0xF7DF, 0xF7DF, 0xF7DF, 0xF7DF, 0xF7DF, 0xF7DF, 0xF7DF, 0xF7DF,
    0xF7DF, 0xF7DF, 0xF7DF, 0xF7DF, 0xF7DF, 0xF7DF, 0xF7DF, 0xF7DF, 0xF7DF, 0xF7DF, 0xF7DF, 0xF7DF, 0xF7DF, 0xF7DF, 0xF7DF, 0xF7DF,
    0xF7DF, 0xF7DF, 0xF7DF, 0xF7DF, 0xF7DF, 0xF7DF, 0xF7DF, 0xF7DF, 0xF7DF, 0xF7DF, 0xF7DF, 0xF7DF, 0xF7DF, 0xF7DF, 0xF7DF, 0xF7DF,
    0xF7DF, 0xF7DF, 0xF7DF, 0xF7DF, 0xF7DF, 0xF7DF, 0xF7DF, 0xF7DF, 0xF7DF, 0xF7DF, 0xF7DF, 0xF7DF, 0xF7DF, 0xF7DF, 0xF7DF, 0xF7DF,
    0xF7DF, 0xF7DF, 0xF7DF, 0xF7DF, 0xF7DF, 0xEFBF, 0xFFFF, 0x428C, 0x0002, 0x10C5, 0x08A4, 0x08A4, 0x08A4, 0x08A4, 0x0862, 0x0883,
    0x0883, 0x0062, 0x0883, 0x0883, 0x0883, 0x0883, 0x08A4, 0x0042, 0x2967, 0xF7BF, 0xF7DF, 0xF7DF, 0xF7DF, 0xF7DF, 0xF7DF, 0xF7DF,
    0xF7DF, 0xF7DF, 0xF7DF, 0xF7DF, 0xF7DF, 0xF7DF, 0xF7DF, 0xF7DF, 0xF7DF, 0xF7DF, 0xF7DF, 0xF7DF, 0xF7DF, 0xF7DF, 0xF7DF, 0xF7DF,
    0xF7DF, 0xF7DF, 0xF7DF, 0xF7DF, 0xF7DF, 0xF7DF, 0xF7DF, 0xF7DF, 0xF7DF, 0xF7DF, 0xF7DF, 0xF7DF, 0xF7DF, 0xF7DF, 0xF7DF, 0xF7DF,
    0xF7DF, 0xF7DF, 0xF7DF, 0xF7DF, 0xF7DF, 0xF7DF, 0xF7DF, 0xF7DF, 0xF7DF, 0xF7DF, 0xF7DF, 0xF7DF, 0xF7DF, 0xF7DF, 0xF7DF, 0xF7DF,
    0xF7DF, 0xF7DF, 0xF7DF, 0xF7DF, 0xF7DF, 0xF7DF, 0xF7DF, 0xF7DF, 0xF7DF, 0xF7DF, 0xF7DF, 0xF7DF, 0xF7DF, 0xF7DF, 0xF7DF, 0xF7DF,
    0xF7DF, 0xF7DF, 0xF7DF, 0xF7DF, 0xF7DF, 0xF7DF, 0xF7DF, 0xF7DF, 0xF7DF, 0xF7DF, 0xF7DF, 0xF7DF, 0xF7DF, 0xF7DF, 0xF7DF, 0xF7DF,
    0xF7DF, 0xF7DF, 0xF7DF, 0xF7DF, 0xF7DF, 0xF7DF, 0xF7DF, 0xF7DF, 0xF7DF, 0xF7DF, 0xF7DF, 0xF7DF, 0xF7DF, 0xF7DF, 0xF7DF, 0xF7DF,
    0xF7DF, 0xF7DF, 0xF7DF, 0xF7DF, 0xF7DF, 0xF7DF, 0xF7DF, 0xF7DF, 0xF7DF, 0xF7DF, 0xF7DF, 0xF7DF, 0xF7DF, 0xF7DF, 0xF7DF, 0xF7DF,
    0xF7DF, 0xF7DF, 0xF7DF, 0xF7DF, 0xF7DF, 0xF7DF, 0xF7DF, 0xF7DF, 0xF7DF, 0xF7DF, 0xF7DF, 0xF7DF, 0xF7DF, 0xF7DF, 0xF7DF, 0xF7DF,
    0xF7DF, 0xF7DF, 0xF7DF, 0xF7DF, 0xF7DF, 0xF7DF, 0xF7DF, 0xF7DF, 0xF7DF, 0xF7DF, 0xF7DF, 0xF7DF, 0xF7DF, 0xF7DF, 0xF7DF, 0xF7DF,
    0xF7DF, 0xF7DF, 0xF7DF, 0xF7DF, 0xF7DF, 0xF7DF, 0xF7DF, 0xF7DF, 0xF7DF, 0xF7DF, 0xF7DF, 0xF7DF, 0xF7DF, 0xF7DF, 0xF7DF, 0xF7DF,
    0xF7DF, 0xF7DF, 0xF7DF, 0xF7DF, 0xF7DF, 0xF7DF, 0xF7DF, 0xF7DF, 0xF7DF, 0xF7DF, 0xF7DF, 0xF7DF, 0xF7DF, 0xF7DF, 0xF7DF, 0xF7DF,
    0xF7DF, 0xF7DF, 0xF7DF, 0xF7DF, 0xF7DF, 0xF7DF, 0xF7DF, 0xF7DF, 0xF7DF, 0xF7DF, 0xF7DF, 0xF7DF, 0xF7DF, 0xF7DF, 0xF7DF, 0xF7DF,
    0xF7DF, 0xF7DF, 0xF7DF, 0xF7DF, 0xF7DF, 0xF7DF, 0xF7DF, 0xF7DF, 0xF7DF, 0xF7DF, 0xF7DF, 0xF7DF, 0xF7DF, 0xF7DF, 0xF7DF, 0xF7DF,
    0xF7DF, 0xF7DF, 0xF7DF, 0xF7DF, 0xF7DF, 0xEFBF, 0xFFFF, 0x428C, 0x0002, 0x10C4, 0x08A4, 0x08A4, 0x08A4, 0x08A4, 0x0862, 0x0883,
    0x0883, 0x0862, 0x0883, 0x0883, 0x0883, 0x08A3, 0x08A4, 0x0042, 0x2967, 0xF7BF, 0xF7DF, 0xF7DF, 0xF7DF, 0xF7DF, 0xF7DF, 0xF7DF,
    0xF7DF, 0xF7DF, 0xF7DF, 0xF7DF, 0xF7DF, 0xF7DF, 0xF7DF, 0xF7DF, 0xF7DF, 0xF7DF, 0xF7DF, 0xF7DF, 0xF7DF, 0xF7DF, 0xF7DF, 0xF7DF,
    0xF7DF, 0xF7DF, 0xF7DF, 0xF7DF, 0xF7DF, 0xF7DF, 0xF7DF, 0xF7DF, 0xF7DF, 0xF7DF, 0xF7DF, 0xF7DF, 0xF7DF, 0xF7DF, 0xF7DF, 0xF7DF,
    0xF7DF, 0xF7DF, 0xF7DF, 0xF7DF, 0xF7DF, 0xF7DF, 0xF7DF, 0xF7DF, 0xF7DF, 0xF7DF, 0xF7DF, 0xF7DF, 0xF7DF, 0xF7DF, 0xF7DF, 0xF7DF,
    0xF7DF, 0xF7DF, 0xF7DF, 0xF7DF, 0xF7DF, 0xF7DF, 0xF7DF, 0xF7DF, 0xF7DF, 0xF7DF, 0xF7DF, 0xF7DF, 0xF7DF, 0xF7DF, 0xF7DF, 0xF7DF,
    0xF7DF, 0xF7DF, 0xF7DF, 0xF7DF, 0xF7DF, 0xF7DF, 0xF7DF, 0xF7DF, 0xF7DF, 0xF7DF, 0xF7DF, 0xF7DF, 0xF7DF, 0xF7DF, 0xF7DF, 0xF7DF,
    0xF7DF, 0xF7DF, 0xF7DF, 0xF7DF, 0xF7DF, 0xF7DF, 0xF7DF, 0xF7DF, 0xF7DF, 0xF7DF, 0xF7DF, 0xF7DF, 0xF7DF, 0xF7DF, 0xF7DF, 0xF7DF,
    0xF7DF, 0xF7DF, 0xF7DF, 0xF7DF, 0xF7DF, 0xF7DF, 0xF7DF, 0xF7DF, 0xF7DF, 0xF7DF, 0xF7DF, 0xF7DF, 0xF7DF, 0xF7DF, 0xF7DF, 0xF7DF,
    0xF7DF, 0xF7DF, 0xF7DF, 0xF7DF, 0xF7DF, 0xF7DF, 0xF7DF, 0xF7DF, 0xF7DF, 0xF7DF, 0xF7DF, 0xF7DF, 0xF7DF, 0xF7DF, 0xF7DF, 0xF7DF,
    0xF7DF, 0xF7DF, 0xF7DF, 0xF7DF, 0xF7DF, 0xF7DF, 0xF7DF, 0xF7DF, 0xF7DF, 0xF7DF, 0xF7DF, 0xF7DF, 0xF7DF, 0xF7DF, 0xF7DF, 0xF7DF,
    0xF7DF, 0xF7DF, 0xF7DF, 0xF7DF, 0xF7DF, 0xF7DF, 0xF7DF, 0xF7DF, 0xF7DF, 0xF7DF, 0xF7DF, 0xF7DF, 0xF7DF, 0xF7DF, 0xF7DF, 0xF7DF,
    0xF7DF, 0xF7DF, 0xF7DF, 0xF7DF, 0xF7DF, 0xF7DF, 0xF7DF, 0xF7DF, 0xF7DF, 0xF7DF, 0xF7DF, 0xF7DF, 0xF7DF, 0xF7DF, 0xF7DF, 0xF7DF,
    0xF7DF, 0xF7DF, 0xF7DF, 0xF7DF, 0xF7DF, 0xF7DF, 0xF7DF, 0xF7DF, 0xF7DF, 0xF7DF, 0xF7DF, 0xF7DF, 0xF7DF, 0xF7DF, 0xF7DF, 0xF7DF,
    0xF7DF, 0xF7DF, 0xF7DF, 0xF7DF, 0xF7DF, 0xF7DF, 0xF7DF, 0xF7DF, 0xF7DF, 0xF7DF, 0xF7DF, 0xF7DF, 0xF7DF, 0xF7DF, 0xF7DF, 0xF7DF,
    0xF7DF, 0xF7DF, 0xF7DF, 0xF7DF, 0xF7DF, 0xEFBF, 0xFFFF, 0x428C, 0x0002, 0x10C4, 0x08A4, 0x08A4, 0x08A4, 0x08A4, 0x0862, 0x0883,
    0x0883, 0x0862, 0x0883, 0x0883, 0x0883, 0x0883, 0x08A4, 0x0042, 0x2967, 0xF7BF, 0xF7DF, 0xF7DF, 0xF7DF, 0xF7DF, 0xF7DF, 0xF7DF,
    0xF7DF, 0xF7DF, 0xF7DF, 0xF7DF, 0xF7DF, 0xF7DF, 0xF7DF, 0xF7DF, 0xF7DF, 0xF7DF, 0xF7DF, 0xF7DF, 0xF7DF, 0xF7DF, 0xF7DF, 0xF7DF,
    0xF7DF, 0xF7DF, 0xF7DF, 0xF7DF, 0xF7DF, 0xF7DF, 0xF7DF, 0xF7DF, 0xF7DF, 0xF7DF, 0xF7DF, 0xF7DF, 0xF7DF, 0xF7DF, 0xF7DF, 0xF7DF,
    0xF7DF, 0xF7DF, 0xF7DF, 0xF7DF, 0xF7DF, 0xF7DF, 0xF7DF, 0xF7DF, 0xF7DF, 0xF7DF, 0xF7DF, 0xF7DF, 0xF7DF, 0xF7DF, 0xF7DF, 0xF7DF,
    0xF7DF, 0xF7DF, 0xF7DF, 0xF7DF, 0xF7DF, 0xF7DF, 0xF7DF, 0xF7DF, 0xF7DF, 0xF7DF, 0xF7DF, 0xF7DF, 0xF7DF, 0xF7DF, 0xF7DF, 0xF7DF,
    0xF7DF, 0xF7DF, 0xF7DF, 0xF7DF, 0xF7DF, 0xF7DF, 0xF7DF, 0xF7DF, 0xF7DF, 0xF7DF, 0xF7DF, 0xF7DF, 0xF7DF, 0xF7DF, 0xF7DF, 0xF7DF,
    0xF7DF, 0xF7DF, 0xF7DF, 0xF7DF, 0xF7DF, 0xF7DF, 0xF7DF, 0xF7DF, 0xF7DF, 0xF7DF, 0xF7DF, 0xF7DF, 0xF7DF, 0xF7DF, 0xF7DF, 0xF7DF,
    0xF7DF, 0xF7DF, 0xF7DF, 0xF7DF, 0xF7DF, 0xF7DF, 0xF7DF, 0xF7DF, 0xF7DF, 0xF7DF, 0xF7DF, 0xF7DF, 0xF7DF, 0xF7DF, 0xF7DF, 0xF7DF,
    0xF7DF, 0xF7DF, 0xF7DF, 0xF7DF, 0xF7DF, 0xF7DF, 0xF7DF, 0xF7DF, 0xF7DF, 0xF7DF, 0xF7DF, 0xF7DF, 0xF7DF, 0xF7DF, 0xF7DF, 0xF7DF,
    0xF7DF, 0xF7DF, 0xF7DF, 0xF7DF, 0xF7DF, 0xF7DF, 0xF7DF, 0xF7DF, 0xF7DF, 0xF7DF, 0xF7DF, 0xF7DF, 0xF7DF, 0xF7DF, 0xF7DF, 0xF7DF,
    0xF7DF, 0xF7DF, 0xF7DF, 0xF7DF, 0xF7DF, 0xF7DF, 0xF7DF, 0xF7DF, 0xF7DF, 0xF7DF, 0xF7DF, 0xF7DF, 0xF7DF, 0xF7DF, 0xF7DF, 0xF7DF,
    0xF7DF, 0xF7DF, 0xF7DF, 0xF7DF, 0xF7DF, 0xF7DF, 0xF7DF, 0xF7DF, 0xF7DF, 0xF7DF, 0xF7DF, 0xF7DF, 0xF7DF, 0xF7DF, 0xF7DF, 0xF7DF,
    0xF7DF, 0xF7DF, 0xF7DF, 0xF7DF, 0xF7DF, 0xF7DF, 0xF7DF, 0xF7DF, 0xF7DF, 0xF7DF, 0xF7DF, 0xF7DF, 0xF7DF, 0xF7DF, 0xF7DF, 0xF7DF,
    0xF7DF, 0xF7DF, 0xF7DF, 0xF7DF, 0xF7DF, 0xF7DF, 0xF7DF, 0xF7DF, 0xF7DF, 0xF7DF, 0xF7DF, 0xF7DF, 0xF7DF, 0xF7DF, 0xF7DF, 0xF7DF,
    0xF7DF, 0xF7DF, 0xF7DF, 0xF7DF, 0xEFDF, 0xEFBF, 0xFFFF, 0x428C, 0x0002, 0x10C4, 0x08A4, 0x08A4, 0x08A4, 0x08A4, 0x0863, 0x0883,
    0x0883, 0x0862, 0x0883, 0x08A3, 0x0883, 0x0883, 0x08A4, 0x0042, 0x2967, 0xF7BF, 0xF7DF, 0xF7DF, 0xF7DF, 0xF7DF, 0xF7DF, 0xF7DF,
    0xF7DF, 0xF7DF, 0xF7DF, 0xF7DF, 0xF7DF, 0xF7DF, 0xF7DF, 0xF7DF, 0xF7DF, 0xF7DF, 0xF7DF, 0xF7DF, 0xF7DF, 0xF7DF, 0xF7DF, 0xF7DF,
    0xF7DF, 0xF7DF, 0xF7DF, 0xF7DF, 0xF7DF, 0xF7DF, 0xF7DF, 0xF7DF, 0xF7DF, 0xF7DF, 0xF7DF, 0xF7DF, 0xF7DF, 0xF7DF, 0xF7DF, 0xF7DF,
    0xF7DF, 0xF7DF, 0xF7DF, 0xF7DF, 0xF7DF, 0xF7DF, 0xF7DF, 0xF7DF, 0xF7DF, 0xF7DF, 0xF7DF, 0xF7DF, 0xF7DF, 0xF7DF, 0xF7DF, 0xF7DF,
    0xF7DF, 0xF7DF, 0xF7DF, 0xF7DF, 0xF7DF, 0xF7DF, 0xF7DF, 0xF7DF, 0xF7DF, 0xF7DF, 0xF7DF, 0xF7DF, 0xF7DF, 0xF7DF, 0xF7DF, 0xF7DF,
    0xF7DF, 0xF7DF, 0xF7DF, 0xF7DF, 0xF7DF, 0xF7DF, 0xF7DF, 0xF7DF, 0xF7DF, 0xF7DF, 0xF7DF, 0xF7DF, 0xF7DF, 0xF7DF, 0xF7DF, 0xF7DF,
    0xF7DF, 0xF7DF, 0xF7DF, 0xF7DF, 0xF7DF, 0xF7DF, 0xF7DF, 0xF7DF, 0xF7DF, 0xF7DF, 0xF7DF, 0xF7DF, 0xF7DF, 0xF7DF, 0xF7DF, 0xF7DF,
    0xF7DF, 0xF7DF, 0xF7DF, 0xF7DF, 0xF7DF, 0xF7DF, 0xF7DF, 0xF7DF, 0xF7DF, 0xF7DF, 0xF7DF, 0xF7DF, 0xF7DF, 0xF7DF, 0xF7DF, 0xF7DF,
    0xF7DF, 0xF7DF, 0xF7DF, 0xF7DF, 0xF7DF, 0xF7DF, 0xF7DF, 0xF7DF, 0xF7DF, 0xF7DF, 0xF7DF, 0xF7DF, 0xF7DF, 0xF7DF, 0xF7DF, 0xF7DF,
    0xF7DF, 0xF7DF, 0xF7DF, 0xF7DF, 0xF7DF, 0xF7DF, 0xF7DF, 0xF7DF, 0xF7DF, 0xF7DF, 0xF7DF, 0xF7DF, 0xF7DF, 0xF7DF, 0xF7DF, 0xF7DF,
    0xF7DF, 0xF7DF, 0xF7DF, 0xF7DF, 0xF7DF, 0xF7DF, 0xF7DF, 0xF7DF, 0xF7DF, 0xF7DF, 0xF7DF, 0xF7DF, 0xF7DF, 0xF7DF, 0xF7DF, 0xF7DF,
    0xF7DF, 0xF7DF, 0xF7DF, 0xF7DF, 0xF7DF, 0xF7DF, 0xF7DF, 0xF7DF, 0xF7DF, 0xF7DF, 0xF7DF, 0xF7DF, 0xF7DF, 0xF7DF, 0xF7DF, 0xF7DF,
    0xF7DF, 0xF7DF, 0xF7DF, 0xF7DF, 0xF7DF, 0xF7DF, 0xF7DF, 0xF7DF, 0xF7DF, 0xF7DF, 0xF7DF, 0xF7DF, 0xF7DF, 0xF7DF, 0xF7DF, 0xF7DF,
    0xF7DF, 0xF7DF, 0xF7DF, 0xF7DF, 0xF7DF, 0xF7DF, 0xF7DF, 0xF7DF, 0xF7DF, 0xF7DF, 0xF7DF, 0xF7DF, 0xF7DF, 0xF7DF, 0xF7DF, 0xF7DF,
    0xF7DF, 0xF7DF, 0xF7DF, 0xF7DF, 0xF7DF, 0xEFBF, 0xFFFF, 0x428C, 0x0002, 0x10C4, 0x08A4, 0x08A4, 0x08A4, 0x08A4, 0x0863, 0x0883,
    0x0883, 0x0862, 0x0883, 0x0883, 0x0883, 0x0883, 0x08A4, 0x0042, 0x2967, 0xF7BF, 0xF7DF, 0xF7DF, 0xF7DF, 0xF7DF, 0xF7DF, 0xF7DF,
    0xF7DF, 0xF7DF, 0xF7DF, 0xF7DF, 0xF7DF, 0xF7DF, 0xF7DF, 0xF7DF, 0xF7DF, 0xF7DF, 0xF7DF, 0xF7DF, 0xF7DF, 0xF7DF, 0xF7DF, 0xF7DF,
    0xF7DF, 0xF7DF, 0xF7DF, 0xF7DF, 0xF7DF, 0xF7DF, 0xF7DF, 0xF7DF, 0xF7DF, 0xF7DF, 0xF7DF, 0xF7DF, 0xF7DF, 0xF7DF, 0xF7DF, 0xF7DF,
    0xF7DF, 0xF7DF, 0xF7DF, 0xF7DF, 0xF7DF, 0xF7DF, 0xF7DF, 0xF7DF, 0xF7DF, 0xF7DF, 0xF7DF, 0xF7DF, 0xF7DF, 0xF7DF, 0xF7DF, 0xF7DF,
    0xF7DF, 0xF7DF, 0xF7DF, 0xF7DF, 0xF7DF, 0xF7DF, 0xF7DF, 0xF7DF, 0xF7DF, 0xF7DF, 0xF7DF, 0xF7DF, 0xF7DF, 0xF7DF, 0xF7DF, 0xF7DF,
    0xF7DF, 0xF7DF, 0xF7DF, 0xF7DF, 0xF7DF, 0xF7DF, 0xF7DF, 0xF7DF, 0xF7DF, 0xF7DF, 0xF7DF, 0xF7DF, 0xF7DF, 0xF7DF, 0xF7DF, 0xF7DF,
    0xF7DF, 0xF7DF, 0xF7DF, 0xF7DF, 0xF7DF, 0xF7DF, 0xF7DF, 0xF7DF, 0xF7DF, 0xF7DF, 0xF7DF, 0xF7DF, 0xF7DF, 0xF7DF, 0xF7DF, 0xF7DF,
    0xF7DF, 0xF7DF, 0xF7DF, 0xF7DF, 0xF7DF, 0xF7DF, 0xF7DF, 0xF7DF, 0xF7DF, 0xF7DF, 0xF7DF, 0xF7DF, 0xF7DF, 0xF7DF, 0xF7DF, 0xF7DF,
    0xF7DF, 0xF7DF, 0xF7DF, 0xF7DF, 0xF7DF, 0xF7DF, 0xF7DF, 0xF7DF, 0xF7DF, 0xF7DF, 0xF7DF, 0xF7DF, 0xF7DF, 0xF7DF, 0xF7DF, 0xF7DF,
    0xF7DF, 0xF7DF, 0xF7DF, 0xF7DF, 0xF7DF, 0xF7DF, 0xF7DF, 0xF7DF, 0xF7DF, 0xF7DF, 0xF7DF, 0xF7DF, 0xF7DF, 0xF7DF, 0xF7DF, 0xF7DF,
    0xF7DF, 0xF7DF, 0xF7DF, 0xF7DF, 0xF7DF, 0xF7DF, 0xF7DF, 0xF7DF, 0xF7DF, 0xF7DF, 0xF7DF, 0xF7DF, 0xF7DF, 0xF7DF, 0xF7DF, 0xF7DF,
    0xF7DF, 0xF7DF, 0xF7DF, 0xF7DF, 0xF7DF, 0xF7DF, 0xF7DF, 0xF7DF, 0xF7DF, 0xF7DF, 0xF7DF, 0xF7DF, 0xF7DF, 0xF7DF, 0xF7DF, 0xF7DF,
    0xF7DF, 0xF7DF, 0xF7DF, 0xF7DF, 0xF7DF, 0xF7DF, 0xF7DF, 0xF7DF, 0xF7DF, 0xF7DF, 0xF7DF, 0xF7DF, 0xF7DF, 0xF7DF, 0xF7DF, 0xF7DF,
    0xF7DF, 0xF7DF, 0xF7DF, 0xF7DF, 0xF7DF, 0xF7DF, 0xF7DF, 0xF7DF, 0xF7DF, 0xF7DF, 0xF7DF, 0xF7DF, 0xF7DF, 0xF7DF, 0xF7DF, 0xF7DF,
    0xF7DF, 0xF7DF, 0xF7DF, 0xF7DF, 0xF7DF, 0xEFBF, 0xFFFF, 0x428C, 0x0002, 0x10C4, 0x08A4, 0x08A4, 0x08A4, 0x08A4, 0x0862, 0x0883,
    0x0863, 0x0862, 0x0883, 0x0883, 0x0883, 0x0883, 0x08A4, 0x0042, 0x2988, 0xF7BF, 0xF7DF, 0xF7DF, 0xF7DF, 0xF7DF, 0xF7DF, 0xF7DF,
    0xF7DF, 0xF7DF, 0xF7DF, 0xF7DF, 0xF7DF, 0xF7DF, 0xF7DF, 0xF7DF, 0xF7DF, 0xF7DF, 0xF7DF, 0xF7DF, 0xF7DF, 0xF7DF, 0xF7DF, 0xF7DF,
    0xF7DF, 0xF7DF, 0xF7DF, 0xF7DF, 0xF7DF, 0xF7DF, 0xF7DF, 0xF7DF, 0xF7DF, 0xF7DF, 0xF7DF, 0xF7DF, 0xF7DF, 0xF7DF, 0xF7DF, 0xF7DF,
    0xF7DF, 0xF7DF, 0xF7DF, 0xF7DF, 0xF7DF, 0xF7DF, 0xF7DF, 0xF7DF, 0xF7DF, 0xF7DF, 0xF7DF, 0xF7DF, 0xF7DF, 0xF7DF, 0xF7DF, 0xF7DF,
    0xF7DF, 0xF7DF, 0xF7DF, 0xF7DF, 0xF7DF, 0xF7DF, 0xF7DF, 0xF7DF, 0xF7DF, 0xF7DF, 0xF7DF, 0xF7DF, 0xF7DF, 0xF7DF, 0xF7DF, 0xF7DF,
    0xF7DF, 0xF7DF, 0xF7DF, 0xF7DF, 0xF7DF, 0xF7DF, 0xF7DF, 0xF7DF, 0xF7DF, 0xF7DF, 0xF7DF, 0xF7DF, 0xF7DF, 0xF7DF, 0xF7DF, 0xF7DF,
    0xF7DF, 0xF7DF, 0xF7DF, 0xF7DF, 0xF7DF, 0xF7DF, 0xF7DF, 0xF7DF, 0xF7DF, 0xF7DF, 0xF7DF, 0xF7DF, 0xF7DF, 0xF7DF, 0xF7DF, 0xF7DF,
    0xF7DF, 0xF7DF, 0xF7DF, 0xF7DF, 0xF7DF, 0xF7DF, 0xF7DF, 0xF7DF, 0xF7DF, 0xF7DF, 0xF7DF, 0xF7DF, 0xF7DF, 0xF7DF, 0xF7DF, 0xF7DF,
    0xF7DF, 0xF7DF, 0xF7DF, 0xF7DF, 0xF7DF, 0xF7DF, 0xF7DF, 0xF7DF, 0xF7DF, 0xF7DF, 0xF7DF, 0xF7DF, 0xF7DF, 0xF7DF, 0xF7DF, 0xF7DF,
    0xF7DF, 0xF7DF, 0xF7DF, 0xF7DF, 0xF7DF, 0xF7DF, 0xF7DF, 0xF7DF, 0xF7DF, 0xF7DF, 0xF7DF, 0xF7DF, 0xF7DF, 0xF7DF, 0xF7DF, 0xF7DF,
    0xF7DF, 0xF7DF, 0xF7DF, 0xF7DF, 0xF7DF, 0xF7DF, 0xF7DF, 0xF7DF, 0xF7DF, 0xF7DF, 0xF7DF, 0xF7DF, 0xF7DF, 0xF7DF, 0xF7DF, 0xF7DF,
    0xF7DF, 0xF7DF, 0xF7DF, 0xF7DF, 0xF7DF, 0xF7DF, 0xF7DF, 0xF7DF, 0xF7DF, 0xF7DF, 0xF7DF, 0xF7DF, 0xF7DF, 0xF7DF, 0xF7DF, 0xF7DF,
    0xF7DF, 0xF7DF, 0xF7DF, 0xF7DF, 0xF7DF, 0xF7DF, 0xF7DF, 0xF7DF, 0xF7DF, 0xF7DF, 0xF7DF, 0xF7DF, 0xF7DF, 0xF7DF, 0xF7DF, 0xF7DF,
    0xF7DF, 0xF7DF, 0xF7DF, 0xF7DF, 0xF7DF, 0xF7DF, 0xF7DF, 0xF7DF, 0xF7DF, 0xF7DF, 0xF7DF, 0xF7DF, 0xF7DF, 0xF7DF, 0xF7DF, 0xF7DF,
    0xF7DF, 0xF7DF, 0xF7DF, 0xF7DF, 0xF7DF, 0xEFBF, 0xFFFF, 0x428C, 0x0002, 0x10C4, 0x08A4, 0x08A4, 0x08A4, 0x08A4, 0x0862, 0x0883,
    0x0883, 0x0862, 0x0863, 0x0883, 0x0883, 0x0883, 0x08A4, 0x0042, 0x2988, 0xF7BF, 0xF7DF, 0xF7DF, 0xF7DF, 0xF7DF, 0xF7DF, 0xF7DF,
    0xF7DF, 0xF7DF, 0xF7DF, 0xF7DF, 0xF7DF, 0xF7DF, 0xF7DF, 0xF7DF, 0xF7DF, 0xF7DF, 0xF7DF, 0xF7DF, 0xF7DF, 0xF7DF, 0xF7DF, 0xF7DF,
    0xF7DF, 0xF7DF, 0xF7DF, 0xF7DF, 0xF7DF, 0xF7DF, 0xF7DF, 0xF7DF, 0xF7DF, 0xF7DF, 0xF7DF, 0xF7DF, 0xF7DF, 0xF7DF, 0xF7DF, 0xF7DF,
    0xF7DF, 0xF7DF, 0xF7DF, 0xF7DF, 0xF7DF, 0xF7DF, 0xF7DF, 0xF7DF, 0xF7DF, 0xF7DF, 0xF7DF, 0xF7DF, 0xF7DF, 0xF7DF, 0xF7DF, 0xF7DF,
    0xF7DF, 0xF7DF, 0xF7DF, 0xF7DF, 0xF7DF, 0xF7DF, 0xF7DF, 0xF7DF, 0xF7DF, 0xF7DF, 0xF7DF, 0xF7DF, 0xF7DF, 0xF7DF, 0xF7DF, 0xF7DF,
    0xF7DF, 0xF7DF, 0xF7DF, 0xF7DF, 0xF7DF, 0xF7DF, 0xF7DF, 0xF7DF, 0xF7DF, 0xF7DF, 0xF7DF, 0xF7DF, 0xF7DF, 0xF7DF, 0xF7DF, 0xF7DF,
    0xF7DF, 0xF7DF, 0xF7DF, 0xF7DF, 0xF7DF, 0xF7DF, 0xF7DF, 0xF7DF, 0xF7DF, 0xF7DF, 0xF7DF, 0xF7DF, 0xF7DF, 0xF7DF, 0xF7DF, 0xF7DF,
    0xF7DF, 0xF7DF, 0xF7DF, 0xF7DF, 0xF7DF, 0xF7DF, 0xF7DF, 0xF7DF, 0xF7DF, 0xF7DF, 0xF7DF, 0xF7DF, 0xF7DF, 0xF7DF, 0xF7DF, 0xF7DF,
    0xF7DF, 0xF7DF, 0xF7DF, 0xF7DF, 0xF7DF, 0xF7DF, 0xF7DF, 0xF7DF, 0xF7DF, 0xF7DF, 0xF7DF, 0xF7DF, 0xF7DF, 0xF7DF, 0xF7DF, 0xF7DF,
    0xF7DF, 0xF7DF, 0xF7DF, 0xF7DF, 0xF7DF, 0xF7DF, 0xF7DF, 0xF7DF, 0xF7DF, 0xF7DF, 0xF7DF, 0xF7DF, 0xF7DF, 0xF7DF, 0xF7DF, 0xF7DF,
    0xF7DF, 0xF7DF, 0xF7DF, 0xF7DF, 0xF7DF, 0xF7DF, 0xF7DF, 0xF7DF, 0xF7DF, 0xF7DF, 0xF7DF, 0xF7DF, 0xF7DF, 0xF7DF, 0xF7DF, 0xF7DF,
    0xF7DF, 0xF7DF, 0xF7DF, 0xF7DF, 0xF7DF, 0xF7DF, 0xF7DF, 0xF7DF, 0xF7DF, 0xF7DF, 0xF7DF, 0xF7DF, 0xF7DF, 0xF7DF, 0xF7DF, 0xF7DF,
    0xF7DF, 0xF7DF, 0xF7DF, 0xF7DF, 0xF7DF, 0xF7DF, 0xF7DF, 0xF7DF, 0xF7DF, 0xF7DF, 0xF7DF, 0xF7DF, 0xF7DF, 0xF7DF, 0xF7DF, 0xF7DF,
    0xF7DF, 0xF7DF, 0xF7DF, 0xF7DF, 0xF7DF, 0xF7DF, 0xF7DF, 0xF7DF, 0xF7DF, 0xF7DF, 0xF7DF, 0xF7DF, 0xF7DF, 0xF7DF, 0xF7DF, 0xF7DF,
    0xF7DF, 0xF7DF, 0xF7DF, 0xF7DF, 0xF7DF, 0xEFBF, 0xFFFF, 0x428C, 0x0002, 0x10C4, 0x08A4, 0x08A4, 0x08A4, 0x08A4, 0x0862, 0x0883,
    0x0883, 0x0062, 0x0863, 0x0883, 0x0883, 0x0883, 0x08A4, 0x0042, 0x2988, 0xF7BF, 0xF7DF, 0xF7DF, 0xF7DF, 0xF7DF, 0xF7DF, 0xF7DF,
    0xF7DF, 0xF7DF, 0xF7DF, 0xF7DF, 0xF7DF, 0xF7DF, 0xF7DF, 0xF7DF, 0xF7DF, 0xF7DF, 0xF7DF, 0xF7DF, 0xF7DF, 0xF7DF, 0xF7DF, 0xF7DF,
    0xF7DF, 0xF7DF, 0xF7DF, 0xF7DF, 0xF7DF, 0xF7DF, 0xF7DF, 0xF7DF, 0xF7DF, 0xF7DF, 0xF7DF, 0xF7DF, 0xF7DF, 0xF7DF, 0xF7DF, 0xF7DF,
    0xF7DF, 0xF7DF, 0xF7DF, 0xF7DF, 0xF7DF, 0xF7DF, 0xF7DF, 0xF7DF, 0xF7DF, 0xF7DF, 0xF7DF, 0xF7DF, 0xF7DF, 0xF7DF, 0xF7DF, 0xF7DF,
    0xF7DF, 0xF7DF, 0xF7DF, 0xF7DF, 0xF7DF, 0xF7DF, 0xF7DF, 0xF7DF, 0xF7DF, 0xF7DF, 0xF7DF, 0xF7DF, 0xF7DF, 0xF7DF, 0xF7DF, 0xF7DF,
    0xF7DF, 0xF7DF, 0xF7DF, 0xF7DF, 0xF7DF, 0xF7DF, 0xF7DF, 0xF7DF, 0xF7DF, 0xF7DF, 0xF7DF, 0xF7DF, 0xF7DF, 0xF7DF, 0xF7DF, 0xF7DF,
    0xF7DF, 0xF7DF, 0xF7DF, 0xF7DF, 0xF7DF, 0xF7DF, 0xF7DF, 0xF7DF, 0xF7DF, 0xF7DF, 0xF7DF, 0xF7DF, 0xF7DF, 0xF7DF, 0xF7DF, 0xF7DF,
    0xF7DF, 0xF7DF, 0xF7DF, 0xF7DF, 0xF7DF, 0xF7DF, 0xF7DF, 0xF7DF, 0xF7DF, 0xF7DF, 0xF7DF, 0xF7DF, 0xF7DF, 0xF7DF, 0xF7DF, 0xF7DF,
    0xF7DF, 0xF7DF, 0xF7DF, 0xF7DF, 0xF7DF, 0xF7DF, 0xF7DF, 0xF7DF, 0xF7DF, 0xF7DF, 0xF7DF, 0xF7DF, 0xF7DF, 0xF7DF, 0xF7DF, 0xF7DF,
    0xF7DF, 0xF7DF, 0xF7DF, 0xF7DF, 0xF7DF, 0xF7DF, 0xF7DF, 0xF7DF, 0xF7DF, 0xF7DF, 0xF7DF, 0xF7DF, 0xF7DF, 0xF7DF, 0xF7DF, 0xF7DF,
    0xF7DF, 0xF7DF, 0xF7DF, 0xF7DF, 0xF7DF, 0xF7DF, 0xF7DF, 0xF7DF, 0xF7DF, 0xF7DF, 0xF7DF, 0xF7DF, 0xF7DF, 0xF7DF, 0xF7DF, 0xF7DF,
    0xF7DF, 0xF7DF, 0xF7DF, 0xF7DF, 0xF7DF, 0xF7DF, 0xF7DF, 0xF7DF, 0xF7DF, 0xF7DF, 0xF7DF, 0xF7DF, 0xF7DF, 0xF7DF, 0xF7DF, 0xF7DF,
    0xF7DF, 0xF7DF, 0xF7DF, 0xF7DF, 0xF7DF, 0xF7DF, 0xF7DF, 0xF7DF, 0xF7DF, 0xF7DF, 0xF7DF, 0xF7DF, 0xF7DF, 0xF7DF, 0xF7DF, 0xF7DF,
    0xF7DF, 0xF7DF, 0xF7DF, 0xF7DF, 0xF7DF, 0xF7DF, 0xF7DF, 0xF7DF, 0xF7DF, 0xF7DF, 0xF7DF, 0xF7DF, 0xF7DF, 0xF7DF, 0xF7DF, 0xF7DF,
    0xF7DF, 0xF7DF, 0xF7DF, 0xF7DF, 0xF7DF, 0xEFBF, 0xFFFF, 0x428C, 0x0002, 0x10C4, 0x08A4, 0x08A4, 0x08A4, 0x08A4, 0x0862, 0x0883,
    0x0883, 0x0062, 0x0863, 0x0883, 0x0883, 0x0883, 0x08A4, 0x0042, 0x2988, 0xF7BF, 0xF7DF, 0xF7DF, 0xF7DF, 0xF7DF, 0xF7DF, 0xF7DF,
    0xF7DF, 0xF7DF, 0xF7DF, 0xF7DF, 0xF7DF, 0xF7DF, 0xF7DF, 0xF7DF, 0xF7DF, 0xF7DF, 0xF7DF, 0xF7DF, 0xF7DF, 0xF7DF, 0xF7DF, 0xF7DF,
    0xF7DF, 0xF7DF, 0xF7DF, 0xF7DF, 0xF7DF, 0xF7DF, 0xF7DF, 0xF7DF, 0xF7DF, 0xF7DF, 0xF7DF, 0xF7DF, 0xF7DF, 0xF7DF, 0xF7DF, 0xF7DF,
    0xF7DF, 0xF7DF, 0xF7DF, 0xF7DF, 0xF7DF, 0xF7DF, 0xF7DF, 0xF7DF, 0xF7DF, 0xF7DF, 0xF7DF, 0xF7DF, 0xF7DF, 0xF7DF, 0xF7DF, 0xF7DF,
    0xF7DF, 0xF7DF, 0xF7DF, 0xF7DF, 0xF7DF, 0xF7DF, 0xF7DF, 0xF7DF, 0xF7DF, 0xF7DF, 0xF7DF, 0xF7DF, 0xF7DF, 0xF7DF, 0xF7DF, 0xF7DF,
    0xF7DF, 0xF7DF, 0xF7DF, 0xF7DF, 0xF7DF, 0xF7DF, 0xF7DF, 0xF7DF, 0xF7DF, 0xF7DF, 0xF7DF, 0xF7DF, 0xF7DF, 0xF7DF, 0xF7DF, 0xF7DF,
    0xF7DF, 0xF7DF, 0xF7DF, 0xF7DF, 0xF7DF, 0xF7DF, 0xF7DF, 0xF7DF, 0xF7DF, 0xF7DF, 0xF7DF, 0xF7DF, 0xF7DF, 0xF7DF, 0xF7DF, 0xF7DF,
    0xF7DF, 0xF7DF, 0xF7DF, 0xF7DF, 0xF7DF, 0xF7DF, 0xF7DF, 0xF7DF, 0xF7DF, 0xF7DF, 0xF7DF, 0xF7DF, 0xF7DF, 0xF7DF, 0xF7DF, 0xF7DF,
    0xF7DF, 0xF7DF, 0xF7DF, 0xF7DF, 0xF7DF, 0xF7DF, 0xF7DF, 0xF7DF, 0xF7DF, 0xF7DF, 0xF7DF, 0xF7DF, 0xF7DF, 0xF7DF, 0xF7DF, 0xF7DF,
    0xF7DF, 0xF7DF, 0xF7DF, 0xF7DF, 0xF7DF, 0xF7DF, 0xF7DF, 0xF7DF, 0xF7DF, 0xF7DF, 0xF7DF, 0xF7DF, 0xF7DF, 0xF7DF, 0xF7DF, 0xF7DF,
    0xF7DF, 0xF7DF, 0xF7DF, 0xF7DF, 0xF7DF, 0xF7DF, 0xF7DF, 0xF7DF, 0xF7DF, 0xF7DF, 0xF7DF, 0xF7DF, 0xF7DF, 0xF7DF, 0xF7DF, 0xF7DF,
    0xF7DF, 0xF7DF, 0xF7DF, 0xF7DF, 0xF7DF, 0xF7DF, 0xF7DF, 0xF7DF, 0xF7DF, 0xF7DF, 0xF7DF, 0xF7DF, 0xF7DF, 0xF7DF, 0xF7DF, 0xF7DF,
    0xF7DF, 0xF7DF, 0xF7DF, 0xF7DF, 0xF7DF, 0xF7DF, 0xF7DF, 0xF7DF, 0xF7DF, 0xF7DF, 0xF7DF, 0xF7DF, 0xF7DF, 0xF7DF, 0xF7DF, 0xF7DF,
    0xF7DF, 0xF7DF, 0xF7DF, 0xF7DF, 0xF7DF, 0xF7DF, 0xF7DF, 0xF7DF, 0xF7DF, 0xF7DF, 0xF7DF, 0xF7DF, 0xF7DF, 0xF7DF, 0xF7DF, 0xF7DF,
    0xF7DF, 0xF7DF, 0xF7DF, 0xF7DF, 0xF7DF, 0xEFBF, 0xFFFF, 0x428C, 0x0002, 0x10C4, 0x08A4, 0x08A4, 0x08A4, 0x08A4, 0x0862, 0x0883,
    0x0883, 0x0062, 0x0863, 0x0883, 0x0883, 0x0883, 0x08A4, 0x0042, 0x2988, 0xF7BF, 0xF7DF, 0xF7DF, 0xF7DF, 0xF7DF, 0xF7DF, 0xF7DF,
    0xF7DF, 0xF7DF, 0xF7DF, 0xF7DF, 0xF7DF, 0xF7DF, 0xF7DF, 0xF7DF, 0xF7DF, 0xF7DF, 0xF7DF, 0xF7DF, 0xF7DF, 0xF7DF, 0xF7DF, 0xF7DF,
    0xF7DF, 0xF7DF, 0xF7DF, 0xF7DF, 0xF7DF, 0xF7DF, 0xF7DF, 0xF7DF, 0xF7DF, 0xF7DF, 0xF7DF, 0xF7DF, 0xF7DF, 0xF7DF, 0xF7DF, 0xF7DF,
    0xF7DF, 0xF7DF, 0xF7DF, 0xF7DF, 0xF7DF, 0xF7DF, 0xF7DF, 0xF7DF, 0xF7DF, 0xF7DF, 0xF7DF, 0xF7DF, 0xF7DF, 0xF7DF, 0xF7DF, 0xF7DF,
    0xF7DF, 0xF7DF, 0xF7DF, 0xF7DF, 0xF7DF, 0xF7DF, 0xF7DF, 0xF7DF, 0xF7DF, 0xF7DF, 0xF7DF, 0xF7DF, 0xF7DF, 0xF7DF, 0xF7DF, 0xF7DF,
    0xF7DF, 0xF7DF, 0xF7DF, 0xF7DF, 0xF7DF, 0xF7DF, 0xF7DF, 0xF7DF, 0xF7DF, 0xF7DF, 0xF7DF, 0xF7DF, 0xF7DF, 0xF7DF, 0xF7DF, 0xF7DF,
    0xF7DF, 0xF7DF, 0xF7DF, 0xF7DF, 0xF7DF, 0xF7DF, 0xF7DF, 0xF7DF, 0xF7DF, 0xF7DF, 0xF7DF, 0xF7DF, 0xF7DF, 0xF7DF, 0xF7DF, 0xF7DF,
    0xF7DF, 0xF7DF, 0xF7DF, 0xF7DF, 0xF7DF, 0xF7DF, 0xF7DF, 0xF7DF, 0xF7DF, 0xF7DF, 0xF7DF, 0xF7DF, 0xF7DF, 0xF7DF, 0xF7DF, 0xF7DF,
    0xF7DF, 0xF7DF, 0xF7DF, 0xF7DF, 0xF7DF, 0xF7DF, 0xF7DF, 0xF7DF, 0xF7DF, 0xF7DF, 0xF7DF, 0xF7DF, 0xF7DF, 0xF7DF, 0xF7DF, 0xF7DF,
    0xF7DF, 0xF7DF, 0xF7DF, 0xF7DF, 0xF7DF, 0xF7DF, 0xF7DF, 0xF7DF, 0xF7DF, 0xF7DF, 0xF7DF, 0xF7DF, 0xF7DF, 0xF7DF, 0xF7DF, 0xF7DF,
    0xF7DF, 0xF7DF, 0xF7DF, 0xF7DF, 0xF7DF, 0xF7DF, 0xF7DF, 0xF7DF, 0xF7DF, 0xF7DF, 0xF7DF, 0xF7DF, 0xF7DF, 0xF7DF, 0xF7DF, 0xF7DF,
    0xF7DF, 0xF7DF, 0xF7DF, 0xF7DF, 0xF7DF, 0xF7DF, 0xF7DF, 0xF7DF, 0xF7DF, 0xF7DF, 0xF7DF, 0xF7DF, 0xF7DF, 0xF7DF, 0xF7DF, 0xF7DF,
    0xF7DF, 0xF7DF, 0xF7DF, 0xF7DF, 0xF7DF, 0xF7DF, 0xF7DF, 0xF7DF, 0xF7DF, 0xF7DF, 0xF7DF, 0xF7DF, 0xF7DF, 0xF7DF, 0xF7DF, 0xF7DF,
    0xF7DF, 0xF7DF, 0xF7DF, 0xF7DF, 0xF7DF, 0xF7DF, 0xF7DF, 0xF7DF, 0xF7DF, 0xF7DF, 0xF7DF, 0xF7DF, 0xF7DF, 0xF7DF, 0xF7DF, 0xF7DF,
    0xEFDF, 0xF7DF, 0xEFDF, 0xF7DF, 0xF7DF, 0xEFBF, 0xFFFF, 0x428C, 0x0002, 0x10C4, 0x08A4, 0x08A4, 0x08A4, 0x08A4, 0x0862, 0x0883,
    0x0883, 0x0862, 0x0863, 0x0883, 0x0883, 0x0883, 0x08A4, 0x0042, 0x2988, 0xF7BF, 0xF7DF, 0xF7DF, 0xF7DF, 0xF7DF, 0xF7DF, 0xF7DF,
    0xF7DF, 0xF7DF, 0xF7DF, 0xF7DF, 0xF7DF, 0xF7DF, 0xF7DF, 0xF7DF, 0xF7DF, 0xF7DF, 0xF7DF, 0xF7DF, 0xF7DF, 0xF7DF, 0xF7DF, 0xF7DF,
    0xF7DF, 0xF7DF, 0xF7DF, 0xF7DF, 0xF7DF, 0xF7DF, 0xF7DF, 0xF7DF, 0xF7DF, 0xF7DF, 0xF7DF, 0xF7DF, 0xF7DF, 0xF7DF, 0xF7DF, 0xF7DF,
    0xF7DF, 0xF7DF, 0xF7DF, 0xF7DF, 0xF7DF, 0xF7DF, 0xF7DF, 0xF7DF, 0xF7DF, 0xF7DF, 0xF7DF, 0xF7DF, 0xF7DF, 0xF7DF, 0xF7DF, 0xF7DF,
    0xF7DF, 0xF7DF, 0xF7DF, 0xF7DF, 0xF7DF, 0xF7DF, 0xF7DF, 0xF7DF, 0xF7DF, 0xF7DF, 0xF7DF, 0xF7DF, 0xF7DF, 0xF7DF, 0xF7DF, 0xF7DF,
    0xF7DF, 0xF7DF, 0xF7DF, 0xF7DF, 0xF7DF, 0xF7DF, 0xF7DF, 0xF7DF, 0xF7DF, 0xF7DF, 0xF7DF, 0xF7DF, 0xF7DF, 0xF7DF, 0xF7DF, 0xF7DF,
    0xF7DF, 0xF7DF, 0xF7DF, 0xF7DF, 0xF7DF, 0xF7DF, 0xF7DF, 0xF7DF, 0xF7DF, 0xF7DF, 0xF7DF, 0xF7DF, 0xF7DF, 0xF7DF, 0xF7DF, 0xF7DF,
    0xF7DF, 0xF7DF, 0xF7DF, 0xF7DF, 0xF7DF, 0xF7DF, 0xF7DF, 0xF7DF, 0xF7DF, 0xF7DF, 0xF7DF, 0xF7DF, 0xF7DF, 0xF7DF, 0xF7DF, 0xF7DF,
    0xF7DF, 0xF7DF, 0xF7DF, 0xF7DF, 0xF7DF, 0xF7DF, 0xF7DF, 0xF7DF, 0xF7DF, 0xF7DF, 0xF7DF, 0xF7DF, 0xF7DF, 0xF7DF, 0xF7DF, 0xF7DF,
    0xF7DF, 0xF7DF, 0xF7DF, 0xF7DF, 0xF7DF, 0xF7DF, 0xF7DF, 0xF7DF, 0xF7DF, 0xF7DF, 0xF7DF, 0xF7DF, 0xF7DF, 0xF7DF, 0xF7DF, 0xF7DF,
    0xF7DF, 0xF7DF, 0xF7DF, 0xF7DF, 0xF7DF, 0xF7DF, 0xF7DF, 0xF7DF, 0xF7DF, 0xF7DF, 0xF7DF, 0xF7DF, 0xF7DF, 0xF7DF, 0xF7DF, 0xF7DF,
    0xF7DF, 0xF7DF, 0xF7DF, 0xF7DF, 0xF7DF, 0xF7DF, 0xF7DF, 0xF7DF, 0xF7DF, 0xF7DF, 0xF7DF, 0xF7DF, 0xF7DF, 0xF7DF, 0xF7DF, 0xF7DF,
    0xF7DF, 0xF7DF, 0xF7DF, 0xF7DF, 0xF7DF, 0xF7DF, 0xF7DF, 0xF7DF, 0xF7DF, 0xF7DF, 0xF7DF, 0xF7DF, 0xF7DF, 0xF7DF, 0xF7DF, 0xF7DF,
    0xF7DF, 0xF7DF, 0xF7DF, 0xF7DF, 0xF7DF, 0xF7DF, 0xF7DF, 0xF7DF, 0xF7DF, 0xF7DF, 0xF7DF, 0xF7DF, 0xEFDF, 0xEFDF, 0xF7DF, 0xEFDF,
    0xEFDF, 0xEFDF, 0xEFDF, 0xEFDF, 0xEFDF, 0xEFBF, 0xFFFF, 0x428C, 0x0002, 0x10C4, 0x08A4, 0x08A4, 0x08A4, 0x08A4, 0x0862, 0x0883,
    0x0883, 0x0862, 0x0863, 0x0883, 0x0883, 0x0883, 0x08A4, 0x0042, 0x2987, 0xF7BF, 0xF7DF, 0xF7DF, 0xF7DF, 0xF7DF, 0xF7DF, 0xF7DF,
    0xF7DF, 0xF7DF, 0xF7DF, 0xF7DF, 0xF7DF, 0xF7DF, 0xF7DF, 0xF7DF, 0xF7DF, 0xF7DF, 0xF7DF, 0xF7DF, 0xF7DF, 0xF7DF, 0xF7DF, 0xF7DF,
    0xF7DF, 0xF7DF, 0xF7DF, 0xF7DF, 0xF7DF, 0xF7DF, 0xF7DF, 0xF7DF, 0xF7DF, 0xF7DF, 0xF7DF, 0xF7DF, 0xF7DF, 0xF7DF, 0xF7DF, 0xF7DF,
    0xF7DF, 0xF7DF, 0xF7DF, 0xF7DF, 0xF7DF, 0xF7DF, 0xF7DF, 0xF7DF, 0xF7DF, 0xF7DF, 0xF7DF, 0xF7DF, 0xF7DF, 0xF7DF, 0xF7DF, 0xF7DF,
    0xF7DF, 0xF7DF, 0xF7DF, 0xF7DF, 0xF7DF, 0xF7DF, 0xF7DF, 0xF7DF, 0xF7DF, 0xF7DF, 0xF7DF, 0xF7DF, 0xF7DF, 0xF7DF, 0xF7DF, 0xF7DF,
    0xF7DF, 0xF7DF, 0xF7DF, 0xF7DF, 0xF7DF, 0xF7DF, 0xF7DF, 0xF7DF, 0xF7DF, 0xF7DF, 0xF7DF, 0xF7DF, 0xF7DF, 0xF7DF, 0xF7DF, 0xF7DF,
    0xF7DF, 0xF7DF, 0xF7DF, 0xF7DF, 0xF7DF, 0xF7DF, 0xF7DF, 0xF7DF, 0xF7DF, 0xF7DF, 0xF7DF, 0xF7DF, 0xF7DF, 0xF7DF, 0xF7DF, 0xF7DF,
    0xF7DF, 0xF7DF, 0xF7DF, 0xF7DF, 0xF7DF, 0xF7DF, 0xF7DF, 0xF7DF, 0xF7DF, 0xF7DF, 0xF7DF, 0xF7DF, 0xF7DF, 0xF7DF, 0xF7DF, 0xF7DF,
    0xF7DF, 0xF7DF, 0xF7DF, 0xF7DF, 0xF7DF, 0xF7DF, 0xF7DF, 0xF7DF, 0xF7DF, 0xF7DF, 0xF7DF, 0xF7DF, 0xF7DF, 0xF7DF, 0xF7DF, 0xF7DF,
    0xF7DF, 0xF7DF, 0xF7DF, 0xF7DF, 0xF7DF, 0xF7DF, 0xF7DF, 0xF7DF, 0xF7DF, 0xF7DF, 0xF7DF, 0xF7DF, 0xF7DF, 0xF7DF, 0xF7DF, 0xF7DF,
    0xF7DF, 0xF7DF, 0xF7DF, 0xF7DF, 0xF7DF, 0xF7DF, 0xF7DF, 0xF7DF, 0xF7DF, 0xF7DF, 0xF7DF, 0xF7DF, 0xF7DF, 0xF7DF, 0xF7DF, 0xF7DF,
    0xF7DF, 0xF7DF, 0xF7DF, 0xF7DF, 0xF7DF, 0xF7DF, 0xF7DF, 0xF7DF, 0xF7DF, 0xF7DF, 0xF7DF, 0xF7DF, 0xF7DF, 0xF7DF, 0xF7DF, 0xF7DF,
    0xF7DF, 0xF7DF, 0xF7DF, 0xF7DF, 0xF7DF, 0xF7DF, 0xF7DF, 0xF7DF, 0xF7DF, 0xF7DF, 0xF7DF, 0xF7DF, 0xF7DF, 0xF7DF, 0xF7DF, 0xF7DF,
    0xF7DF, 0xF7DF, 0xF7DF, 0xF7DF, 0xF7DF, 0xF7DF, 0xF7DF, 0xF7DF, 0xF7DF, 0xF7DF, 0xEFDF, 0xF7DF, 0xEFDF, 0xEFBF, 0xEFDF, 0xEFDF,
    0xEFDF, 0xEFDF, 0xEFDF, 0xEFDF, 0xEFDF, 0xEFBF, 0xFFFF, 0x428C, 0x0002, 0x10C4, 0x08A4, 0x08A4, 0x08A4, 0x08A4, 0x0862, 0x0883,
    0x0883, 0x0062, 0x0863, 0x0883, 0x0883, 0x0883, 0x08A3, 0x0042, 0x2967, 0xF7BF, 0xF7DF, 0xF7DF, 0xF7DF, 0xF7DF, 0xF7DF, 0xF7DF,
    0xF7DF, 0xF7DF, 0xF7DF, 0xF7DF, 0xF7DF, 0xF7DF, 0xF7DF, 0xF7DF, 0xF7DF, 0xF7DF, 0xF7DF, 0xF7DF, 0xF7DF, 0xF7DF, 0xF7DF, 0xF7DF,
    0xF7DF, 0xF7DF, 0xF7DF, 0xF7DF, 0xF7DF, 0xF7DF, 0xF7DF, 0xF7DF, 0xF7DF, 0xF7DF, 0xF7DF, 0xF7DF, 0xF7DF, 0xF7DF, 0xF7DF, 0xF7DF,
    0xF7DF, 0xF7DF, 0xF7DF, 0xF7DF, 0xF7DF, 0xF7DF, 0xF7DF, 0xF7DF, 0xF7DF, 0xF7DF, 0xF7DF, 0xF7DF, 0xF7DF, 0xF7DF, 0xF7DF, 0xF7DF,
    0xF7DF, 0xF7DF, 0xF7DF, 0xF7DF, 0xF7DF, 0xF7DF, 0xF7DF, 0xF7DF, 0xF7DF, 0xF7DF, 0xF7DF, 0xF7DF, 0xF7DF, 0xF7DF, 0xF7DF, 0xF7DF,
    0xF7DF, 0xF7DF, 0xF7DF, 0xF7DF, 0xF7DF, 0xF7DF, 0xF7DF, 0xF7DF, 0xF7DF, 0xF7DF, 0xF7DF, 0xF7DF, 0xF7DF, 0xF7DF, 0xF7DF, 0xF7DF,
    0xF7DF, 0xF7DF, 0xF7DF, 0xF7DF, 0xF7DF, 0xF7DF, 0xF7DF, 0xF7DF, 0xF7DF, 0xF7DF, 0xF7DF, 0xF7DF, 0xF7DF, 0xF7DF, 0xF7DF, 0xF7DF,
    0xF7DF, 0xF7DF, 0xF7DF, 0xF7DF, 0xF7DF, 0xF7DF, 0xF7DF, 0xF7DF, 0xF7DF, 0xF7DF, 0xF7DF, 0xF7DF, 0xF7DF, 0xF7DF, 0xF7DF, 0xF7DF,
    0xF7DF, 0xF7DF, 0xF7DF, 0xF7DF, 0xF7DF, 0xF7DF, 0xF7DF, 0xF7DF, 0xF7DF, 0xF7DF, 0xF7DF, 0xF7DF, 0xF7DF, 0xF7DF, 0xF7DF, 0xF7DF,
    0xF7DF, 0xF7DF, 0xF7DF, 0xF7DF, 0xF7DF, 0xF7DF, 0xF7DF, 0xF7DF, 0xF7DF, 0xF7DF, 0xF7DF, 0xF7DF, 0xF7DF, 0xF7DF, 0xF7DF, 0xF7DF,
    0xF7DF, 0xF7DF, 0xF7DF, 0xF7DF, 0xF7DF, 0xF7DF, 0xF7DF, 0xF7DF, 0xF7DF, 0xF7DF, 0xF7DF, 0xF7DF, 0xF7DF, 0xF7DF, 0xF7DF, 0xF7DF,
    0xF7DF, 0xF7DF, 0xF7DF, 0xF7DF, 0xF7DF, 0xF7DF, 0xF7DF, 0xF7DF, 0xF7DF, 0xF7DF, 0xF7DF, 0xF7DF, 0xF7DF, 0xF7DF, 0xF7DF, 0xF7DF,
    0xF7DF, 0xF7DF, 0xF7DF, 0xF7DF, 0xF7DF, 0xF7DF, 0xF7DF, 0xF7DF, 0xF7DF, 0xF7DF, 0xF7DF, 0xF7DF, 0xF7DF, 0xF7DF, 0xF7DF, 0xF7DF,
    0xF7DF, 0xF7DF, 0xF7DF, 0xF7DF, 0xF7DF, 0xF7DF, 0xF7DF, 0xF7DF, 0xF7DF, 0xEFDF, 0xF7DF, 0xF7DF, 0xEFDF, 0xEFDF, 0xEFDF, 0xEFDF,
    0xEFDF, 0xEFDF, 0xEFDF, 0xEFDF, 0xEFBF, 0xEFBF, 0xFFFF, 0x428D, 0x0002, 0x10C4, 0x08A4, 0x08A4, 0x08A4, 0x08A4, 0x0862, 0x0883,
    0x0883, 0x0862, 0x0863, 0x0883, 0x0883, 0x0883, 0x08A3, 0x0042, 0x2967, 0xF7BF, 0xF7DF, 0xF7DF, 0xF7DF, 0xF7DF, 0xF7DF, 0xF7DF,
    0xF7DF, 0xF7DF, 0xF7DF, 0xF7DF, 0xF7DF, 0xF7DF, 0xF7DF, 0xF7DF, 0xF7DF, 0xF7DF, 0xF7DF, 0xF7DF, 0xF7DF, 0xF7DF, 0xF7DF, 0xF7DF,
    0xF7DF, 0xF7DF, 0xF7DF, 0xF7DF, 0xF7DF, 0xF7DF, 0xF7DF, 0xF7DF, 0xF7DF, 0xF7DF, 0xF7DF, 0xF7DF, 0xF7DF, 0xF7DF, 0xF7DF, 0xF7DF,
    0xF7DF, 0xF7DF, 0xF7DF, 0xF7DF, 0xF7DF, 0xF7DF, 0xF7DF, 0xF7DF, 0xF7DF, 0xF7DF, 0xF7DF, 0xF7DF, 0xF7DF, 0xF7DF, 0xF7DF, 0xF7DF,
    0xF7DF, 0xF7DF, 0xF7DF, 0xF7DF, 0xF7DF, 0xF7DF, 0xF7DF, 0xF7DF, 0xF7DF, 0xF7DF, 0xF7DF, 0xF7DF, 0xF7DF, 0xF7DF, 0xF7DF, 0xF7DF,
    0xF7DF, 0xF7DF, 0xF7DF, 0xF7DF, 0xF7DF, 0xF7DF, 0xF7DF, 0xF7DF, 0xF7DF, 0xF7DF, 0xF7DF, 0xF7DF, 0xF7DF, 0xF7DF, 0xF7DF, 0xF7DF,
    0xF7DF, 0xF7DF, 0xF7DF, 0xF7DF, 0xF7DF, 0xF7DF, 0xF7DF, 0xF7DF, 0xF7DF, 0xF7DF, 0xF7DF, 0xF7DF, 0xF7DF, 0xF7DF, 0xF7DF, 0xF7DF,
    0xF7DF, 0xF7DF, 0xF7DF, 0xF7DF, 0xF7DF, 0xF7DF, 0xF7DF, 0xF7DF, 0xF7DF, 0xF7DF, 0xF7DF, 0xF7DF, 0xF7DF, 0xF7DF, 0xF7DF, 0xF7DF,
    0xF7DF, 0xF7DF, 0xF7DF, 0xF7DF, 0xF7DF, 0xF7DF, 0xF7DF, 0xF7DF, 0xF7DF, 0xF7DF, 0xF7DF, 0xF7DF, 0xF7DF, 0xF7DF, 0xF7DF, 0xF7DF,
    0xF7DF, 0xF7DF, 0xF7DF, 0xF7DF, 0xF7DF, 0xF7DF, 0xF7DF, 0xF7DF, 0xF7DF, 0xF7DF, 0xF7DF, 0xF7DF, 0xF7DF, 0xF7DF, 0xF7DF, 0xF7DF,
    0xF7DF, 0xF7DF, 0xF7DF, 0xF7DF, 0xF7DF, 0xF7DF, 0xF7DF, 0xF7DF, 0xF7DF, 0xF7DF, 0xF7DF, 0xF7DF, 0xF7DF, 0xF7DF, 0xF7DF, 0xF7DF,
    0xF7DF, 0xF7DF, 0xF7DF, 0xF7DF, 0xF7DF, 0xF7DF, 0xF7DF, 0xF7DF, 0xF7DF, 0xF7DF, 0xF7DF, 0xF7DF, 0xF7DF, 0xF7DF, 0xF7DF, 0xF7DF,
    0xF7DF, 0xF7DF, 0xF7DF, 0xF7DF, 0xF7DF, 0xF7DF, 0xF7DF, 0xF7DF, 0xF7DF, 0xF7DF, 0xF7DF, 0xF7DF, 0xF7DF, 0xF7DF, 0xF7DF, 0xF7DF,
    0xF7DF, 0xF7DF, 0xF7DF, 0xF7DF, 0xF7DF, 0xF7DF, 0xF7DF, 0xF7DF, 0xF7DF, 0xEFDF, 0xF7DF, 0xF7DF, 0xF7DF, 0xEFDF, 0xEFDF, 0xEFDF,
    0xEFBF, 0xEFDF, 0xEFBF, 0xEFDF, 0xEFBF, 0xEFBF, 0xFFFF, 0x428C, 0x0002, 0x10C4, 0x08A4, 0x08A4, 0x08A4, 0x08A4, 0x0862, 0x0883,
    0x0883, 0x0862, 0x0863, 0x0883, 0x0883, 0x0883, 0x08A3, 0x0042, 0x2967, 0xF7BF, 0xF7DF, 0xF7DF, 0xF7DF, 0xF7DF, 0xF7DF, 0xF7DF,
    0xF7DF, 0xF7DF, 0xF7DF, 0xF7DF, 0xF7DF, 0xF7DF, 0xF7DF, 0xF7DF, 0xF7DF, 0xF7DF, 0xF7DF, 0xF7DF, 0xF7DF, 0xF7DF, 0xF7DF, 0xF7DF,
    0xF7DF, 0xF7DF, 0xF7DF, 0xF7DF, 0xF7DF, 0xF7DF, 0xF7DF, 0xF7DF, 0xF7DF, 0xF7DF, 0xF7DF, 0xF7DF, 0xF7DF, 0xF7DF, 0xF7DF, 0xF7DF,
    0xF7DF, 0xF7DF, 0xF7DF, 0xF7DF, 0xF7DF, 0xF7DF, 0xF7DF, 0xF7DF, 0xF7DF, 0xF7DF, 0xF7DF, 0xF7DF, 0xF7DF, 0xF7DF, 0xF7DF, 0xF7DF,
    0xF7DF, 0xF7DF, 0xF7DF, 0xF7DF, 0xF7DF, 0xF7DF, 0xF7DF, 0xF7DF, 0xF7DF, 0xF7DF, 0xF7DF, 0xF7DF, 0xF7DF, 0xF7DF, 0xF7DF, 0xF7DF,
    0xF7DF, 0xF7DF, 0xF7DF, 0xF7DF, 0xF7DF, 0xF7DF, 0xF7DF, 0xF7DF, 0xF7DF, 0xF7DF, 0xF7DF, 0xF7DF, 0xF7DF, 0xF7DF, 0xF7DF, 0xF7DF,
    0xF7DF, 0xF7DF, 0xF7DF, 0xF7DF, 0xF7DF, 0xF7DF, 0xF7DF, 0xF7DF, 0xF7DF, 0xF7DF, 0xF7DF, 0xF7DF, 0xF7DF, 0xF7DF, 0xF7DF, 0xF7DF,
    0xF7DF, 0xF7DF, 0xF7DF, 0xF7DF, 0xF7DF, 0xF7DF, 0xF7DF, 0xF7DF, 0xF7DF, 0xF7DF, 0xF7DF, 0xF7DF, 0xF7DF, 0xF7DF, 0xF7DF, 0xF7DF,
    0xF7DF, 0xF7DF, 0xF7DF, 0xF7DF, 0xF7DF, 0xF7DF, 0xF7DF, 0xF7DF, 0xF7DF, 0xF7DF, 0xF7DF, 0xF7DF, 0xF7DF, 0xF7DF, 0xF7DF, 0xF7DF,
    0xF7DF, 0xF7DF, 0xF7DF, 0xF7DF, 0xF7DF, 0xF7DF, 0xF7DF, 0xF7DF, 0xF7DF, 0xF7DF, 0xF7DF, 0xF7DF, 0xF7DF, 0xF7DF, 0xF7DF, 0xF7DF,
    0xF7DF, 0xF7DF, 0xF7DF, 0xF7DF, 0xF7DF, 0xF7DF, 0xF7DF, 0xF7DF, 0xF7DF, 0xF7DF, 0xF7DF, 0xF7DF, 0xF7DF, 0xF7DF, 0xF7DF, 0xF7DF,
    0xF7DF, 0xF7DF, 0xF7DF, 0xF7DF, 0xF7DF, 0xF7DF, 0xF7DF, 0xF7DF, 0xF7DF, 0xF7DF, 0xF7DF, 0xF7DF, 0xF7DF, 0xF7DF, 0xF7DF, 0xF7DF,
    0xF7DF, 0xF7DF, 0xF7DF, 0xF7DF, 0xF7DF, 0xF7DF, 0xF7DF, 0xF7DF, 0xF7DF, 0xF7DF, 0xF7DF, 0xF7DF, 0xF7DF, 0xF7DF, 0xF7DF, 0xF7DF,
    0xF7DF, 0xF7DF, 0xF7DF, 0xF7DF, 0xF7DF, 0xF7DF, 0xF7DF, 0xF7DF, 0xF7DF, 0xF7DF, 0xF7DF, 0xEFDF, 0xEFDF, 0xEFDF, 0xEFDF, 0xEFDF,
    0xEFDF, 0xEFDF, 0xEFDF, 0xEFBF, 0xEFDF, 0xEFBF, 0xFFFF, 0x428C, 0x0002, 0x10C4, 0x08A4, 0x08A4, 0x08A4, 0x08A4, 0x0862, 0x0883,
    0x0883, 0x0862, 0x0863, 0x0883, 0x0883, 0x0883, 0x08A3, 0x0042, 0x2967, 0xF7BF, 0xF7DF, 0xF7DF, 0xF7DF, 0xF7DF, 0xF7DF, 0xF7DF,
    0xF7DF, 0xF7DF, 0xF7DF, 0xF7DF, 0xF7DF, 0xF7DF, 0xF7DF, 0xF7DF, 0xF7DF, 0xF7DF, 0xF7DF, 0xF7DF, 0xF7DF, 0xF7DF, 0xF7DF, 0xF7DF,
    0xF7DF, 0xF7DF, 0xF7DF, 0xF7DF, 0xF7DF, 0xF7DF, 0xF7DF, 0xF7DF, 0xF7DF, 0xF7DF, 0xF7DF, 0xF7DF, 0xF7DF, 0xF7DF, 0xF7DF, 0xF7DF,
    0xF7DF, 0xF7DF, 0xF7DF, 0xF7DF, 0xF7DF, 0xF7DF, 0xF7DF, 0xF7DF, 0xF7DF, 0xF7DF, 0xF7DF, 0xF7DF, 0xF7DF, 0xF7DF, 0xF7DF, 0xF7DF,
    0xF7DF, 0xF7DF, 0xF7DF, 0xF7DF, 0xF7DF, 0xF7DF, 0xF7DF, 0xF7DF, 0xF7DF, 0xF7DF, 0xF7DF, 0xF7DF, 0xF7DF, 0xF7DF, 0xF7DF, 0xF7DF,
    0xF7DF, 0xF7DF, 0xF7DF, 0xF7DF, 0xF7DF, 0xF7DF, 0xF7DF, 0xF7DF, 0xF7DF, 0xF7DF, 0xF7DF, 0xF7DF, 0xF7DF, 0xF7DF, 0xF7DF, 0xF7DF,
    0xF7DF, 0xF7DF, 0xF7DF, 0xF7DF, 0xF7DF, 0xF7DF, 0xF7DF, 0xF7DF, 0xF7DF, 0xF7DF, 0xF7DF, 0xF7DF, 0xF7DF, 0xF7DF, 0xF7DF, 0xF7DF,
    0xF7DF, 0xF7DF, 0xF7DF, 0xF7DF, 0xF7DF, 0xF7DF, 0xF7DF, 0xF7DF, 0xF7DF, 0xF7DF, 0xF7DF, 0xF7DF, 0xF7DF, 0xF7DF, 0xF7DF, 0xF7DF,
    0xF7DF, 0xF7DF, 0xF7DF, 0xF7DF, 0xF7DF, 0xF7DF, 0xF7DF, 0xF7DF, 0xF7DF, 0xF7DF, 0xF7DF, 0xF7DF, 0xF7DF, 0xF7DF, 0xF7DF, 0xF7DF,
    0xF7DF, 0xF7DF, 0xF7DF, 0xF7DF, 0xF7DF, 0xF7DF, 0xF7DF, 0xF7DF, 0xF7DF, 0xF7DF, 0xF7DF, 0xF7DF, 0xF7DF, 0xF7DF, 0xF7DF, 0xF7DF,
    0xF7DF, 0xF7DF, 0xF7DF, 0xF7DF, 0xF7DF, 0xF7DF, 0xF7DF, 0xF7DF, 0xF7DF, 0xF7DF, 0xF7DF, 0xF7DF, 0xF7DF, 0xF7DF, 0xF7DF, 0xF7DF,
    0xF7DF, 0xF7DF, 0xF7DF, 0xF7DF, 0xF7DF, 0xF7DF, 0xF7DF, 0xF7DF, 0xF7DF, 0xF7DF, 0xF7DF, 0xF7DF, 0xF7DF, 0xF7DF, 0xF7DF, 0xF7DF,
    0xF7DF, 0xF7DF, 0xF7DF, 0xF7DF, 0xF7DF, 0xF7DF, 0xF7DF, 0xF7DF, 0xF7DF, 0xF7DF, 0xF7DF, 0xF7DF, 0xF7DF, 0xF7DF, 0xF7DF, 0xF7DF,
    0xF7DF, 0xF7DF, 0xF7DF, 0xF7DF, 0xF7DF, 0xF7DF, 0xF7DF, 0xF7DF, 0xF7DF, 0xF7DF, 0xEFDF, 0xEFDF, 0xEFDF, 0xEFBF, 0xEFBF, 0xEFBF,
    0xEFDF, 0xEFDF, 0xEFDF, 0xEFDF, 0xEFDF, 0xEFBF, 0xFFFF, 0x428C, 0x0002, 0x10C4, 0x08A4, 0x08A4, 0x08A4, 0x08A4, 0x0862, 0x0883,
    0x0883, 0x0862, 0x0863, 0x0883, 0x0883, 0x0883, 0x08A3, 0x0042, 0x2967, 0xF7BF, 0xF7DF, 0xF7DF, 0xF7DF, 0xF7DF, 0xF7DF, 0xF7DF,
    0xF7DF, 0xF7DF, 0xF7DF, 0xF7DF, 0xF7DF, 0xF7DF, 0xF7DF, 0xF7DF, 0xF7DF, 0xF7DF, 0xF7DF, 0xF7DF, 0xF7DF, 0xF7DF, 0xF7DF, 0xF7DF,
    0xF7DF, 0xF7DF, 0xF7DF, 0xF7DF, 0xF7DF, 0xF7DF, 0xF7DF, 0xF7DF, 0xF7DF, 0xF7DF, 0xF7DF, 0xF7DF, 0xF7DF, 0xF7DF, 0xF7DF, 0xF7DF,
    0xF7DF, 0xF7DF, 0xF7DF, 0xF7DF, 0xF7DF, 0xF7DF, 0xF7DF, 0xF7DF, 0xF7DF, 0xF7DF, 0xF7DF, 0xF7DF, 0xF7DF, 0xF7DF, 0xF7DF, 0xF7DF,
    0xF7DF, 0xF7DF, 0xF7DF, 0xF7DF, 0xF7DF, 0xF7DF, 0xF7DF, 0xF7DF, 0xF7DF, 0xF7DF, 0xF7DF, 0xF7DF, 0xF7DF, 0xF7DF, 0xF7DF, 0xF7DF,
    0xF7DF, 0xF7DF, 0xF7DF, 0xF7DF, 0xF7DF, 0xF7DF, 0xF7DF, 0xF7DF, 0xF7DF, 0xF7DF, 0xF7DF, 0xF7DF, 0xF7DF, 0xF7DF, 0xF7DF, 0xF7DF,
    0xF7DF, 0xF7DF, 0xF7DF, 0xF7DF, 0xF7DF, 0xF7DF, 0xF7DF, 0xF7DF, 0xF7DF, 0xF7DF, 0xF7DF, 0xF7DF, 0xF7DF, 0xF7DF, 0xF7DF, 0xF7DF,
    0xF7DF, 0xF7DF, 0xF7DF, 0xF7DF, 0xF7DF, 0xF7DF, 0xF7DF, 0xF7DF, 0xF7DF, 0xF7DF, 0xF7DF, 0xF7DF, 0xF7DF, 0xF7DF, 0xF7DF, 0xF7DF,
    0xF7DF, 0xF7DF, 0xF7DF, 0xF7DF, 0xF7DF, 0xF7DF, 0xF7DF, 0xF7DF, 0xF7DF, 0xF7DF, 0xF7DF, 0xF7DF, 0xF7DF, 0xF7DF, 0xF7DF, 0xF7DF,
    0xF7DF, 0xF7DF, 0xF7DF, 0xF7DF, 0xF7DF, 0xF7DF, 0xF7DF, 0xF7DF, 0xF7DF, 0xF7DF, 0xF7DF, 0xF7DF, 0xF7DF, 0xF7DF, 0xF7DF, 0xF7DF,
    0xF7DF, 0xF7DF, 0xF7DF, 0xF7DF, 0xF7DF, 0xF7DF, 0xF7DF, 0xF7DF, 0xF7DF, 0xF7DF, 0xF7DF, 0xF7DF, 0xF7DF, 0xF7DF, 0xF7DF, 0xF7DF,
    0xF7DF, 0xF7DF, 0xF7DF, 0xF7DF, 0xF7DF, 0xF7DF, 0xF7DF, 0xF7DF, 0xF7DF, 0xF7DF, 0xF7DF, 0xF7DF, 0xF7DF, 0xF7DF, 0xF7DF, 0xF7DF,
    0xF7DF, 0xF7DF, 0xF7DF, 0xF7DF, 0xF7DF, 0xF7DF, 0xF7DF, 0xF7DF, 0xF7DF, 0xF7DF, 0xF7DF, 0xF7DF, 0xF7DF, 0xF7DF, 0xF7DF, 0xF7DF,
    0xF7DF, 0xF7DF, 0xF7DF, 0xF7DF, 0xF7DF, 0xF7DF, 0xF7DF, 0xF7DF, 0xF7DF, 0xEFDF, 0xEFDF, 0xEFDF, 0xEFDF, 0xEFBF, 0xEFDF, 0xEFDF,
    0xEFDF, 0xEFDF, 0xEFBF, 0xEFDF, 0xEFDF, 0xEFBF, 0xFFFF, 0x428C, 0x0002, 0x10C4, 0x08A4, 0x08A4, 0x08A4, 0x08A4, 0x0862, 0x0883,
    0x0883, 0x0862, 0x0863, 0x0883, 0x0883, 0x0883, 0x08A3, 0x0042, 0x2967, 0xF7BF, 0xF7DF, 0xF7DF, 0xF7DF, 0xF7DF, 0xF7DF, 0xF7DF,
    0xF7DF, 0xF7DF, 0xF7DF, 0xF7DF, 0xF7DF, 0xF7DF, 0xF7DF, 0xF7DF, 0xF7DF, 0xF7DF, 0xF7DF, 0xF7DF, 0xF7DF, 0xF7DF, 0xF7DF, 0xF7DF,
    0xF7DF, 0xF7DF, 0xF7DF, 0xF7DF, 0xF7DF, 0xF7DF, 0xF7DF, 0xF7DF, 0xF7DF, 0xF7DF, 0xF7DF, 0xF7DF, 0xF7DF, 0xF7DF, 0xF7DF, 0xF7DF,
    0xF7DF, 0xF7DF, 0xF7DF, 0xF7DF, 0xF7DF, 0xF7DF, 0xF7DF, 0xF7DF, 0xF7DF, 0xF7DF, 0xF7DF, 0xF7DF, 0xF7DF, 0xF7DF, 0xF7DF, 0xF7DF,
    0xF7DF, 0xF7DF, 0xF7DF, 0xF7DF, 0xF7DF, 0xF7DF, 0xF7DF, 0xF7DF, 0xF7DF, 0xF7DF, 0xF7DF, 0xF7DF, 0xF7DF, 0xF7DF, 0xF7DF, 0xF7DF,
    0xF7DF, 0xF7DF, 0xF7DF, 0xF7DF, 0xF7DF, 0xF7DF, 0xF7DF, 0xF7DF, 0xF7DF, 0xF7DF, 0xF7DF, 0xF7DF, 0xF7DF, 0xF7DF, 0xF7DF, 0xF7DF,
    0xF7DF, 0xF7DF, 0xF7DF, 0xF7DF, 0xF7DF, 0xF7DF, 0xF7DF, 0xF7DF, 0xF7DF, 0xF7DF, 0xF7DF, 0xF7DF, 0xF7DF, 0xF7DF, 0xF7DF, 0xF7DF,
    0xF7DF, 0xF7DF, 0xF7DF, 0xF7DF, 0xF7DF, 0xF7DF, 0xF7DF, 0xF7DF, 0xF7DF, 0xF7DF, 0xF7DF, 0xF7DF, 0xF7DF, 0xF7DF, 0xF7DF, 0xF7DF,
    0xF7DF, 0xF7DF, 0xF7DF, 0xF7DF, 0xF7DF, 0xF7DF, 0xF7DF, 0xF7DF, 0xF7DF, 0xF7DF, 0xF7DF, 0xF7DF, 0xF7DF, 0xF7DF, 0xF7DF, 0xF7DF,
    0xF7DF, 0xF7DF, 0xF7DF, 0xF7DF, 0xF7DF, 0xF7DF, 0xF7DF, 0xF7DF, 0xF7DF, 0xF7DF, 0xF7DF, 0xF7DF, 0xF7DF, 0xF7DF, 0xF7DF, 0xF7DF,
    0xF7DF, 0xF7DF, 0xF7DF, 0xF7DF, 0xF7DF, 0xF7DF, 0xF7DF, 0xF7DF, 0xF7DF, 0xF7DF, 0xF7DF, 0xF7DF, 0xF7DF, 0xF7DF, 0xF7DF, 0xF7DF,
    0xF7DF, 0xF7DF, 0xF7DF, 0xF7DF, 0xF7DF, 0xF7DF, 0xF7DF, 0xF7DF, 0xF7DF, 0xF7DF, 0xF7DF, 0xF7DF, 0xF7DF, 0xF7DF, 0xF7DF, 0xF7DF,
    0xF7DF, 0xF7DF, 0xF7DF, 0xF7DF, 0xF7DF, 0xF7DF, 0xF7DF, 0xF7DF, 0xF7DF, 0xF7DF, 0xF7DF, 0xF7DF, 0xF7DF, 0xF7DF, 0xF7DF, 0xF7DF,
    0xF7DF, 0xF7DF, 0xF7DF, 0xF7DF, 0xF7DF, 0xF7DF, 0xF7DF, 0xEFDF, 0xEFDF, 0xEFDF, 0xEFDF, 0xEFBF, 0xEFBF, 0xEFBF, 0xEFDF, 0xEFBF,
    0xEFDF, 0xEFDF, 0xEFBF, 0xEFDF, 0xEFDF, 0xEFBF, 0xFFFF, 0x428C, 0x0002, 0x10C4, 0x08A4, 0x08A4, 0x08A4, 0x08A4, 0x0862, 0x0883,
    0x0883, 0x0862, 0x0863, 0x0883, 0x0883, 0x0883, 0x08A3, 0x0042, 0x2967, 0xF7BF, 0xF7DF, 0xF7DF, 0xF7DF, 0xF7DF, 0xF7DF, 0xF7DF,
    0xF7DF, 0xF7DF, 0xF7DF, 0xF7DF, 0xF7DF, 0xF7DF, 0xF7DF, 0xF7DF, 0xF7DF, 0xF7DF, 0xF7DF, 0xF7DF, 0xF7DF, 0xF7DF, 0xF7DF, 0xF7DF,
    0xF7DF, 0xF7DF, 0xF7DF, 0xF7DF, 0xF7DF, 0xF7DF, 0xF7DF, 0xF7DF, 0xF7DF, 0xF7DF, 0xF7DF, 0xF7DF, 0xF7DF, 0xF7DF, 0xF7DF, 0xF7DF,
    0xF7DF, 0xF7DF, 0xF7DF, 0xF7DF, 0xF7DF, 0xF7DF, 0xF7DF, 0xF7DF, 0xF7DF, 0xF7DF, 0xF7DF, 0xF7DF, 0xF7DF, 0xF7DF, 0xF7DF, 0xF7DF,
    0xF7DF, 0xF7DF, 0xF7DF, 0xF7DF, 0xF7DF, 0xF7DF, 0xF7DF, 0xF7DF, 0xF7DF, 0xF7DF, 0xF7DF, 0xF7DF, 0xF7DF, 0xF7DF, 0xF7DF, 0xF7DF,
    0xF7DF, 0xF7DF, 0xF7DF, 0xF7DF, 0xF7DF, 0xF7DF, 0xF7DF, 0xF7DF, 0xF7DF, 0xF7DF, 0xF7DF, 0xF7DF, 0xF7DF, 0xF7DF, 0xF7DF, 0xF7DF,
    0xF7DF, 0xF7DF, 0xF7DF, 0xF7DF, 0xF7DF, 0xF7DF, 0xF7DF, 0xF7DF, 0xF7DF, 0xF7DF, 0xF7DF, 0xF7DF, 0xF7DF, 0xF7DF, 0xF7DF, 0xF7DF,
    0xF7DF, 0xF7DF, 0xF7DF, 0xF7DF, 0xF7DF, 0xF7DF, 0xF7DF, 0xF7DF, 0xF7DF, 0xF7DF, 0xF7DF, 0xF7DF, 0xF7DF, 0xF7DF, 0xF7DF, 0xF7DF,
    0xF7DF, 0xF7DF, 0xF7DF, 0xF7DF, 0xF7DF, 0xF7DF, 0xF7DF, 0xF7DF, 0xF7DF, 0xF7DF, 0xF7DF, 0xF7DF, 0xF7DF, 0xF7DF, 0xF7DF, 0xF7DF,
    0xF7DF, 0xF7DF, 0xF7DF, 0xF7DF, 0xF7DF, 0xF7DF, 0xF7DF, 0xF7DF, 0xF7DF, 0xF7DF, 0xF7DF, 0xF7DF, 0xF7DF, 0xF7DF, 0xF7DF, 0xF7DF,
    0xF7DF, 0xF7DF, 0xF7DF, 0xF7DF, 0xF7DF, 0xF7DF, 0xF7DF, 0xF7DF, 0xF7DF, 0xF7DF, 0xF7DF, 0xF7DF, 0xF7DF, 0xF7DF, 0xF7DF, 0xF7DF,
    0xF7DF, 0xF7DF, 0xF7DF, 0xF7DF, 0xF7DF, 0xF7DF, 0xF7DF, 0xF7DF, 0xF7DF, 0xF7DF, 0xF7DF, 0xF7DF, 0xF7DF, 0xF7DF, 0xF7DF, 0xF7DF,
    0xF7DF, 0xF7DF, 0xF7DF, 0xF7DF, 0xF7DF, 0xF7DF, 0xF7DF, 0xF7DF, 0xF7DF, 0xF7DF, 0xF7DF, 0xF7DF, 0xF7DF, 0xF7DF, 0xF7DF, 0xF7DF,
    0xF7DF, 0xF7DF, 0xF7DF, 0xF7DF, 0xEFDF, 0xEFDF, 0xEFDF, 0xEFDF, 0xEFDF, 0xEFBF, 0xEFBF, 0xEFBF, 0xEFBF, 0xEFDF, 0xEFBF, 0xEFBF,
    0xEFDF, 0xEFDF, 0xEFDF, 0xEFDF, 0xEFDF, 0xEFBF, 0xFFFF, 0x428C, 0x0002, 0x10C4, 0x08A4, 0x08A4, 0x08A4, 0x08A4, 0x0862, 0x0883,
    0x0883, 0x0862, 0x0863, 0x0883, 0x0883, 0x0883, 0x08A3, 0x0042, 0x2967, 0xF7BF, 0xF7DF, 0xF7DF, 0xF7DF, 0xF7DF, 0xF7DF, 0xF7DF,
    0xF7DF, 0xF7DF, 0xF7DF, 0xF7DF, 0xF7DF, 0xF7DF, 0xF7DF, 0xF7DF, 0xF7DF, 0xF7DF, 0xF7DF, 0xF7DF, 0xF7DF, 0xF7DF, 0xF7DF, 0xF7DF,
    0xF7DF, 0xF7DF, 0xF7DF, 0xF7DF, 0xF7DF, 0xF7DF, 0xF7DF, 0xF7DF, 0xF7DF, 0xF7DF, 0xF7DF, 0xF7DF, 0xF7DF, 0xF7DF, 0xF7DF, 0xF7DF,
    0xF7DF, 0xF7DF, 0xF7DF, 0xF7DF, 0xF7DF, 0xF7DF, 0xF7DF, 0xF7DF, 0xF7DF, 0xF7DF, 0xF7DF, 0xF7DF, 0xF7DF, 0xF7DF, 0xF7DF, 0xF7DF,
    0xF7DF, 0xF7DF, 0xF7DF, 0xF7DF, 0xF7DF, 0xF7DF, 0xF7DF, 0xF7DF, 0xF7DF, 0xF7DF, 0xF7DF, 0xF7DF, 0xF7DF, 0xF7DF, 0xF7DF, 0xF7DF,
    0xF7DF, 0xF7DF, 0xF7DF, 0xF7DF, 0xF7DF, 0xF7DF, 0xF7DF, 0xF7DF, 0xF7DF, 0xF7DF, 0xF7DF, 0xF7DF, 0xF7DF, 0xF7DF, 0xF7DF, 0xF7DF,
    0xF7DF, 0xF7DF, 0xF7DF, 0xF7DF, 0xF7DF, 0xF7DF, 0xF7DF, 0xF7DF, 0xF7DF, 0xF7DF, 0xF7DF, 0xF7DF, 0xF7DF, 0xF7DF, 0xF7DF, 0xF7DF,
    0xF7DF, 0xF7DF, 0xF7DF, 0xF7DF, 0xF7DF, 0xF7DF, 0xF7DF, 0xF7DF, 0xF7DF, 0xF7DF, 0xF7DF, 0xF7DF, 0xF7DF, 0xF7DF, 0xF7DF, 0xF7DF,
    0xF7DF, 0xF7DF, 0xF7DF, 0xF7DF, 0xF7DF, 0xF7DF, 0xF7DF, 0xF7DF, 0xF7DF, 0xF7DF, 0xF7DF, 0xF7DF, 0xF7DF, 0xF7DF, 0xF7DF, 0xF7DF,
    0xF7DF, 0xF7DF, 0xF7DF, 0xF7DF, 0xF7DF, 0xF7DF, 0xF7DF, 0xF7DF, 0xF7DF, 0xF7DF, 0xF7DF, 0xF7DF, 0xF7DF, 0xF7DF, 0xF7DF, 0xF7DF,
    0xF7DF, 0xF7DF, 0xF7DF, 0xF7DF, 0xF7DF, 0xF7DF, 0xF7DF, 0xF7DF, 0xF7DF, 0xF7DF, 0xF7DF, 0xF7DF, 0xF7DF, 0xF7DF, 0xF7DF, 0xF7DF,
    0xF7DF, 0xF7DF, 0xF7DF, 0xF7DF, 0xF7DF, 0xF7DF, 0xF7DF, 0xF7DF, 0xF7DF, 0xF7DF, 0xF7DF, 0xF7DF, 0xF7DF, 0xF7DF, 0xF7DF, 0xF7DF,
    0xF7DF, 0xF7DF, 0xF7DF, 0xF7DF, 0xF7DF, 0xF7DF, 0xF7DF, 0xF7DF, 0xF7DF, 0xF7DF, 0xF7DF, 0xF7DF, 0xF7DF, 0xF7DF, 0xF7DF, 0xEFDF,
    0xF7DF, 0xEFDF, 0xEFDF, 0xEFDF, 0xEFDF, 0xEFDF, 0xEFBF, 0xEFBF, 0xEFBF, 0xEFDF, 0xEFBF, 0xEFDF, 0xEFDF, 0xEFDF, 0xEFDF, 0xEFDF,
    0xEFDF, 0xEFDF, 0xEFDF, 0xEFDF, 0xEFDF, 0xEFBF, 0xFFFF, 0x428C, 0x0002, 0x10C4, 0x08A4, 0x08A4, 0x08A4, 0x08A4, 0x0862, 0x0883,
    0x0883, 0x0862, 0x0863, 0x0883, 0x0883, 0x0883, 0x08A3, 0x0042, 0x2967, 0xF7BF, 0xF7DF, 0xEFDF, 0xF7DF, 0xF7DF, 0xF7DF, 0xF7DF,
    0xF7DF, 0xF7DF, 0xF7DF, 0xF7DF, 0xF7DF, 0xF7DF, 0xF7DF, 0xF7DF, 0xF7DF, 0xF7DF, 0xF7DF, 0xF7DF, 0xF7DF, 0xF7DF, 0xF7DF, 0xF7DF,
    0xF7DF, 0xF7DF, 0xF7DF, 0xF7DF, 0xF7DF, 0xF7DF, 0xF7DF, 0xF7DF, 0xF7DF, 0xF7DF, 0xF7DF, 0xF7DF, 0xF7DF, 0xF7DF, 0xF7DF, 0xF7DF,
    0xF7DF, 0xF7DF, 0xF7DF, 0xF7DF, 0xF7DF, 0xF7DF, 0xF7DF, 0xF7DF, 0xF7DF, 0xF7DF, 0xF7DF, 0xF7DF, 0xF7DF, 0xF7DF, 0xF7DF, 0xF7DF,
    0xF7DF, 0xF7DF, 0xF7DF, 0xF7DF, 0xF7DF, 0xF7DF, 0xF7DF, 0xF7DF, 0xF7DF, 0xF7DF, 0xF7DF, 0xF7DF, 0xF7DF, 0xF7DF, 0xF7DF, 0xF7DF,
    0xF7DF, 0xF7DF, 0xF7DF, 0xF7DF, 0xF7DF, 0xF7DF, 0xF7DF, 0xF7DF, 0xF7DF, 0xF7DF, 0xF7DF, 0xF7DF, 0xF7DF, 0xF7DF, 0xF7DF, 0xF7DF,
    0xF7DF, 0xF7DF, 0xF7DF, 0xF7DF, 0xF7DF, 0xF7DF, 0xF7DF, 0xF7DF, 0xF7DF, 0xF7DF, 0xF7DF, 0xF7DF, 0xF7DF, 0xF7DF, 0xF7DF, 0xF7DF,
    0xF7DF, 0xF7DF, 0xF7DF, 0xF7DF, 0xF7DF, 0xF7DF, 0xF7DF, 0xF7DF, 0xF7DF, 0xF7DF, 0xF7DF, 0xF7DF, 0xF7DF, 0xF7DF, 0xF7DF, 0xF7DF,
    0xF7DF, 0xF7DF, 0xF7DF, 0xF7DF, 0xF7DF, 0xF7DF, 0xF7DF, 0xF7DF, 0xF7DF, 0xF7DF, 0xF7DF, 0xF7DF, 0xF7DF, 0xF7DF, 0xF7DF, 0xF7DF,
    0xF7DF, 0xF7DF, 0xF7DF, 0xF7DF, 0xF7DF, 0xF7DF, 0xF7DF, 0xF7DF, 0xF7DF, 0xF7DF, 0xF7DF, 0xF7DF, 0xF7DF, 0xF7DF, 0xF7DF, 0xF7DF,
    0xF7DF, 0xF7DF, 0xF7DF, 0xF7DF, 0xF7DF, 0xF7DF, 0xF7DF, 0xF7DF, 0xF7DF, 0xF7DF, 0xF7DF, 0xF7DF, 0xF7DF, 0xF7DF, 0xF7DF, 0xF7DF,
    0xF7DF, 0xF7DF, 0xF7DF, 0xF7DF, 0xF7DF, 0xF7DF, 0xF7DF, 0xF7DF, 0xF7DF, 0xF7DF, 0xF7DF, 0xF7DF, 0xF7DF, 0xF7DF, 0xF7DF, 0xF7DF,
    0xF7DF, 0xF7DF, 0xF7DF, 0xF7DF, 0xF7DF, 0xF7DF, 0xF7DF, 0xF7DF, 0xF7DF, 0xF7DF, 0xF7DF, 0xF7DF, 0xEFDF, 0xEFDF, 0xEFBF, 0xEFBF,
    0xEFDF, 0xEFBF, 0xEFBF, 0xEFBF, 0xEFBF, 0xEFBF, 0xEFDF, 0xEFBF, 0xEFBF, 0xEFBF, 0xEFDF, 0xEFDF, 0xEFDF, 0xEFDF, 0xEFDF, 0xEFDF,
    0xEFDF, 0xEFDF, 0xEFDF, 0xEFDF, 0xEFDF, 0xEFBF, 0xFFFF, 0x428C, 0x0002, 0x10C4, 0x08A4, 0x08A4, 0x08A4, 0x08A4, 0x0862, 0x0883,
    0x0883, 0x0862, 0x0863, 0x0883, 0x0883, 0x0883, 0x08A3, 0x0042, 0x2967, 0xF7BF, 0xF7DF, 0xEFDF, 0xF7DF, 0xF7DF, 0xEFDF, 0xF7DF,
    0xF7DF, 0xEFDF, 0xEFDF, 0xEFDF, 0xF7DF, 0xF7DF, 0xF7DF, 0xF7DF, 0xF7DF, 0xF7DF, 0xF7DF, 0xF7DF, 0xF7DF, 0xF7DF, 0xF7DF, 0xF7DF,
    0xF7DF, 0xF7DF, 0xF7DF, 0xF7DF, 0xF7DF, 0xF7DF, 0xF7DF, 0xF7DF, 0xF7DF, 0xF7DF, 0xF7DF, 0xF7DF, 0xF7DF, 0xF7DF, 0xF7DF, 0xF7DF,
    0xF7DF, 0xF7DF, 0xF7DF, 0xF7DF, 0xF7DF, 0xF7DF, 0xF7DF, 0xF7DF, 0xF7DF, 0xF7DF, 0xF7DF, 0xF7DF, 0xF7DF, 0xF7DF, 0xF7DF, 0xF7DF,
    0xF7DF, 0xF7DF, 0xF7DF, 0xF7DF, 0xF7DF, 0xF7DF, 0xF7DF, 0xF7DF, 0xF7DF, 0xF7DF, 0xF7DF, 0xF7DF, 0xF7DF, 0xF7DF, 0xF7DF, 0xF7DF,
    0xF7DF, 0xF7DF, 0xF7DF, 0xF7DF, 0xF7DF, 0xF7DF, 0xF7DF, 0xF7DF, 0xF7DF, 0xF7DF, 0xF7DF, 0xF7DF, 0xF7DF, 0xF7DF, 0xF7DF, 0xF7DF,
    0xF7DF, 0xF7DF, 0xF7DF, 0xF7DF, 0xF7DF, 0xF7DF, 0xF7DF, 0xF7DF, 0xF7DF, 0xF7DF, 0xF7DF, 0xF7DF, 0xF7DF, 0xF7DF, 0xF7DF, 0xF7DF,
    0xF7DF, 0xF7DF, 0xF7DF, 0xF7DF, 0xF7DF, 0xF7DF, 0xF7DF, 0xF7DF, 0xF7DF, 0xF7DF, 0xF7DF, 0xF7DF, 0xF7DF, 0xF7DF, 0xF7DF, 0xF7DF,
    0xF7DF, 0xF7DF, 0xF7DF, 0xF7DF, 0xF7DF, 0xF7DF, 0xF7DF, 0xF7DF, 0xF7DF, 0xF7DF, 0xF7DF, 0xF7DF, 0xF7DF, 0xF7DF, 0xF7DF, 0xF7DF,
    0xF7DF, 0xF7DF, 0xF7DF, 0xF7DF, 0xF7DF, 0xF7DF, 0xF7DF, 0xF7DF, 0xF7DF, 0xF7DF, 0xF7DF, 0xF7DF, 0xF7DF, 0xF7DF, 0xF7DF, 0xF7DF,
    0xF7DF, 0xF7DF, 0xF7DF, 0xF7DF, 0xF7DF, 0xF7DF, 0xF7DF, 0xF7DF, 0xF7DF, 0xF7DF, 0xF7DF, 0xF7DF, 0xF7DF, 0xF7DF, 0xF7DF, 0xF7DF,
    0xF7DF, 0xF7DF, 0xF7DF, 0xF7DF, 0xF7DF, 0xF7DF, 0xF7DF, 0xF7DF, 0xF7DF, 0xF7DF, 0xF7DF, 0xF7DF, 0xF7DF, 0xF7DF, 0xF7DF, 0xF7DF,
    0xF7DF, 0xF7DF, 0xF7DF, 0xF7DF, 0xF7DF, 0xF7DF, 0xF7DF, 0xEFDF, 0xF7DF, 0xF7DF, 0xF7DF, 0xEFDF, 0xEFDF, 0xEFBF, 0xEFDF, 0xEFBF,
    0xEFBF, 0xF7BF, 0xEFBF, 0xEFDF, 0xEFBF, 0xEFBF, 0xEFDF, 0xEFBF, 0xEFBF, 0xEFDF, 0xEFDF, 0xEFDF, 0xEFDF, 0xEFDF, 0xEFDF, 0xEFBF,
    0xEFDF, 0xEFDF, 0xEFDF, 0xF7DF, 0xF7DF, 0xEFBF, 0xFFFF, 0x428C, 0x0002, 0x10C4, 0x08A4, 0x08A4, 0x08A4, 0x08A4, 0x0862, 0x08A3,
    0x0883, 0x0862, 0x0863, 0x0883, 0x0883, 0x0883, 0x08A3, 0x0042, 0x2967, 0xEFBF, 0xF7DF, 0xEFDF, 0xF7DF, 0xEFDF, 0xEFDF, 0xEFDF,
    0xEFDF, 0xEFDF, 0xF7DF, 0xF7DF, 0xF7DF, 0xF7DF, 0xF7DF, 0xF7DF, 0xF7DF, 0xF7DF, 0xF7DF, 0xF7DF, 0xF7DF, 0xF7DF, 0xF7DF, 0xF7DF,
    0xF7DF, 0xF7DF, 0xF7DF, 0xF7DF, 0xF7DF, 0xF7DF, 0xF7DF, 0xF7DF, 0xF7DF, 0xF7DF, 0xF7DF, 0xF7DF, 0xF7DF, 0xF7DF, 0xF7DF, 0xF7DF,
    0xF7DF, 0xF7DF, 0xF7DF, 0xF7DF, 0xF7DF, 0xF7DF, 0xF7DF, 0xF7DF, 0xF7DF, 0xF7DF, 0xF7DF, 0xF7DF, 0xF7DF, 0xF7DF, 0xF7DF, 0xF7DF,
    0xF7DF, 0xF7DF, 0xF7DF, 0xF7DF, 0xF7DF, 0xF7DF, 0xF7DF, 0xF7DF, 0xF7DF, 0xF7DF, 0xF7DF, 0xF7DF, 0xF7DF, 0xF7DF, 0xF7DF, 0xF7DF,
    0xF7DF, 0xF7DF, 0xF7DF, 0xF7DF, 0xF7DF, 0xF7DF, 0xF7DF, 0xF7DF, 0xF7DF, 0xF7DF, 0xF7DF, 0xF7DF, 0xF7DF, 0xF7DF, 0xF7DF, 0xF7DF,
    0xF7DF, 0xF7DF, 0xF7DF, 0xF7DF, 0xF7DF, 0xF7DF, 0xF7DF, 0xF7DF, 0xF7DF, 0xF7DF, 0xF7DF, 0xF7DF, 0xF7DF, 0xF7DF, 0xF7DF, 0xF7DF,
    0xF7DF, 0xF7DF, 0xF7DF, 0xF7DF, 0xF7DF, 0xF7DF, 0xF7DF, 0xF7DF, 0xF7DF, 0xF7DF, 0xF7DF, 0xF7DF, 0xF7DF, 0xF7DF, 0xF7DF, 0xF7DF,
    0xF7DF, 0xF7DF, 0xF7DF, 0xF7DF, 0xF7DF, 0xF7DF, 0xF7DF, 0xF7DF, 0xF7DF, 0xF7DF, 0xF7DF, 0xF7DF, 0xF7DF, 0xF7DF, 0xF7DF, 0xF7DF,
    0xF7DF, 0xF7DF, 0xF7DF, 0xF7DF, 0xF7DF, 0xF7DF, 0xF7DF, 0xF7DF, 0xF7DF, 0xF7DF, 0xF7DF, 0xF7DF, 0xF7DF, 0xF7DF, 0xF7DF, 0xF7DF,
    0xF7DF, 0xF7DF, 0xF7DF, 0xF7DF, 0xF7DF, 0xF7DF, 0xF7DF, 0xF7DF, 0xF7DF, 0xF7DF, 0xF7DF, 0xF7DF, 0xF7DF, 0xF7DF, 0xF7DF, 0xF7DF,
    0xF7DF, 0xF7DF, 0xF7DF, 0xF7DF, 0xF7DF, 0xF7DF, 0xF7DF, 0xF7DF, 0xF7DF, 0xF7DF, 0xF7DF, 0xF7DF, 0xF7DF, 0xF7DF, 0xF7DF, 0xF7DF,
    0xF7DF, 0xF7DF, 0xF7DF, 0xF7DF, 0xEFDF, 0xF7DF, 0xEFDF, 0xEFDF, 0xF7DF, 0xEFDF, 0xEFBF, 0xEFBF, 0xEFDF, 0xEFDF, 0xEFBF, 0xEFBF,
    0xEFBF, 0xEFBF, 0xEFBF, 0xEFBF, 0xEFDF, 0xF7DF, 0xF7DF, 0xEFBF, 0xEFBF, 0xEFBF, 0xEFBF, 0xEFBF, 0xEFBF, 0xEFBF, 0xEFBF, 0xE7BF,
    0xE7BF, 0xE7BF, 0xE7BF, 0xE7BF, 0xE7BF, 0xE79F, 0xF7FF, 0x428C, 0x0002, 0x10C4, 0x08A4, 0x08A4, 0x08A4, 0x08A4, 0x0862, 0x08A3,
    0x0883, 0x0862, 0x0862, 0x0883, 0x0883, 0x0883, 0x08A3, 0x0042, 0x2967, 0xEFBF, 0xF7DF, 0xEFDF, 0xEFDF, 0xF7DF, 0xF7DF, 0xF7DF,
    0xF7DF, 0xF7DF, 0xEFDF, 0xEFBF, 0xEFBF, 0xEFBF, 0xEFBF, 0xEFBF, 0xEFBF, 0xE7BF, 0xE7BF, 0xE7BF, 0xE79F, 0xE7BF, 0xE7BF, 0xE7BF,
    0xE79F, 0xE79F, 0xE7BF, 0xE7BF, 0xEFBF, 0xEFBF, 0xEFBF, 0xEFBF, 0xEFDF, 0xEFDF, 0xF7DF, 0xF7DF, 0xF7DF, 0xF7DF, 0xF7DF, 0xF7DF,
    0xF7DF, 0xF7DF, 0xF7DF, 0xF7DF, 0xF7DF, 0xF7DF, 0xF7DF, 0xF7BF, 0xF7DF, 0xF7DF, 0xF7DF, 0xF7DF, 0xF7DF, 0xF7DF, 0xF7DF, 0xF7DF,
    0xF7DF, 0xF7DF, 0xF7DF, 0xF7DF, 0xF7DF, 0xF7DF, 0xF7DF, 0xF7DF, 0xF7DF, 0xF7DF, 0xF7DF, 0xF7DF, 0xF7DF, 0xF7DF, 0xF7DF, 0xF7DF,
    0xF7DF, 0xF7DF, 0xF7DF, 0xF7DF, 0xF7DF, 0xF7DF, 0xF7DF, 0xF7DF, 0xF7DF, 0xF7DF, 0xF7DF, 0xF7DF, 0xF7DF, 0xF7DF, 0xF7DF, 0xF7DF,
    0xF7DF, 0xF7DF, 0xF7DF, 0xF7DF, 0xF7DF, 0xF7DF, 0xF7DF, 0xF7DF, 0xF7DF, 0xF7DF, 0xF7DF, 0xF7DF, 0xF7DF, 0xF7DF, 0xF7DF, 0xF7DF,
    0xF7DF, 0xF7DF, 0xF7DF, 0xF7DF, 0xF7DF, 0xF7DF, 0xF7DF, 0xF7DF, 0xF7DF, 0xF7DF, 0xF7DF, 0xF7DF, 0xF7DF, 0xF7DF, 0xF7DF, 0xF7DF,
    0xF7DF, 0xF7DF, 0xF7DF, 0xF7DF, 0xF7DF, 0xF7DF, 0xF7DF, 0xF7DF, 0xF7DF, 0xF7DF, 0xF7DF, 0xF7DF, 0xF7DF, 0xF7DF, 0xF7DF, 0xF7DF,
    0xF7DF, 0xF7DF, 0xF7DF, 0xF7DF, 0xF7DF, 0xF7DF, 0xF7DF, 0xF7DF, 0xF7DF, 0xF7DF, 0xF7DF, 0xF7DF, 0xF7DF, 0xF7DF, 0xF7DF, 0xF7DF,
    0xF7DF, 0xF7DF, 0xF7DF, 0xF7DF, 0xF7DF, 0xF7DF, 0xF7DF, 0xF7DF, 0xF7DF, 0xF7DF, 0xF7DF, 0xF7DF, 0xF7DF, 0xF7DF, 0xF7DF, 0xF7DF,
    0xF7DF, 0xF7DF, 0xF7DF, 0xF7DF, 0xF7DF, 0xF7DF, 0xF7DF, 0xF7DF, 0xF7DF, 0xF7DF, 0xF7DF, 0xF7DF, 0xF7DF, 0xF7DF, 0xF7DF, 0xF7DF,
    0xF7DF, 0xF7DF, 0xF7DF, 0xEFDF, 0xEFDF, 0xF7DF, 0xF7DF, 0xEFDF, 0xEFDF, 0xEFBF, 0xEFDF, 0xEFDF, 0xEFBF, 0xEFDF, 0xF7DF, 0xEFDF,
    0xEFDF, 0xEFDF, 0xEFDF, 0xEFBF, 0xEFBF, 0xE7BF, 0xE7BF, 0xE79F, 0xE79F, 0xE79F, 0xDF9F, 0xDF9F, 0xDF9F, 0xDF9F, 0xDF9F, 0xDF9F,
    0xDF9F, 0xDF9F, 0xDF9F, 0xDF9F, 0xDF9F, 0xD77F, 0xE7DF, 0x428C, 0x0002, 0x10C4, 0x08A4, 0x08A4, 0x08A4, 0x08A4, 0x0862, 0x0883,
    0x0883, 0x0862, 0x0862, 0x0883, 0x0883, 0x0883, 0x08A3, 0x0042, 0x2967, 0xEFBF, 0xF7DF, 0xEFDF, 0xEFDF, 0xEFBF, 0xEFBF, 0xE7BF,
    0xE79F, 0xE79F, 0xE79F, 0xDF9F, 0xDF9F, 0xDF9F, 0xDF9F, 0xDF9F, 0xDF9F, 0xDF9F, 0xDF9F, 0xDF9F, 0xDF9F, 0xDF9F, 0xDF9F, 0xDF9F,
    0xDF9F, 0xDF9F, 0xDF9F, 0xDF9F, 0xDF9F, 0xDF9F, 0xDF9F, 0xDF9F, 0xDF9F, 0xE79F, 0xE79F, 0xE79F, 0xE7BF, 0xE7BF, 0xEFBF, 0xEFBF,
    0xEFBF, 0xEFBF, 0xEFBF, 0xF7DF, 0xF7DF, 0xF7DF, 0xF7DF, 0xF7DF, 0xF7DF, 0xF7DF, 0xF7DF, 0xF7DF, 0xF7DF, 0xF7DF, 0xF7DF, 0xF7DF,
    0xF7DF, 0xF7DF, 0xF7DF, 0xF7DF, 0xF7DF, 0xF7DF, 0xF7DF, 0xF7DF, 0xF7DF, 0xF7DF, 0xF7DF, 0xF7DF, 0xF7DF, 0xF7DF, 0xF7DF, 0xF7DF,
    0xF7DF, 0xF7DF, 0xF7DF, 0xF7DF, 0xF7DF, 0xF7DF, 0xF7DF, 0xF7DF, 0xF7DF, 0xF7DF, 0xF7DF, 0xF7DF, 0xF7DF, 0xF7DF, 0xF7DF, 0xF7DF,
    0xF7DF, 0xF7DF, 0xF7DF, 0xF7DF, 0xF7DF, 0xF7DF, 0xF7DF, 0xF7DF, 0xF7DF, 0xF7DF, 0xF7DF, 0xF7DF, 0xF7DF, 0xF7DF, 0xF7DF, 0xF7DF,
    0xF7DF, 0xF7DF, 0xF7DF, 0xF7DF, 0xF7DF, 0xF7DF, 0xF7DF, 0xF7DF, 0xF7DF, 0xF7DF, 0xF7DF, 0xF7DF, 0xF7DF, 0xF7DF, 0xF7DF, 0xF7DF,
    0xF7DF, 0xF7DF, 0xF7DF, 0xF7DF, 0xF7DF, 0xF7DF, 0xF7DF, 0xF7DF, 0xF7DF, 0xF7DF, 0xF7DF, 0xF7DF, 0xF7DF, 0xF7DF, 0xF7DF, 0xF7DF,
    0xF7DF, 0xF7DF, 0xF7DF, 0xF7DF, 0xF7DF, 0xF7DF, 0xF7DF, 0xF7DF, 0xF7DF, 0xF7DF, 0xF7DF, 0xF7DF, 0xF7DF, 0xF7DF, 0xF7DF, 0xF7DF,
    0xF7DF, 0xF7DF, 0xF7DF, 0xF7DF, 0xF7DF, 0xF7DF, 0xF7DF, 0xF7DF, 0xF7DF, 0xF7DF, 0xF7DF, 0xF7DF, 0xF7DF, 0xF7DF, 0xF7DF, 0xF7DF,
    0xF7DF, 0xF7DF, 0xF7DF, 0xF7DF, 0xF7DF, 0xF7DF, 0xF7DF, 0xF7DF, 0xF7DF, 0xF7DF, 0xF7DF, 0xF7DF, 0xF7DF, 0xEFDF, 0xF7DF, 0xF7DF,
    0xEFBF, 0xEFBF, 0xEFDF, 0xEFDF, 0xEFDF, 0xEFBF, 0xEFDF, 0xEFDF, 0xEFDF, 0xF7DF, 0xF7DF, 0xF7DF, 0xEFDF, 0xEFBF, 0xEFBF, 0xE7BF,
    0xE7BF, 0xE79F, 0xDF9F, 0xDF9F, 0xDF9F, 0xDF9F, 0xDF9F, 0xDF9F, 0xDF9F, 0xDF9F, 0xDF9F, 0xDF9F, 0xDF9F, 0xDF9F, 0xDF9F, 0xDF9F,
    0xDF9F, 0xDF9F, 0xDF9F, 0xDF9F, 0xDF9F, 0xDF7F, 0xEFFF, 0x428D, 0x0002, 0x10C4, 0x08A4, 0x08A4, 0x08A4, 0x08A4, 0x0862, 0x0883,
    0x0883, 0x0862, 0x0863, 0x0883, 0x0883, 0x0883, 0x08A3, 0x0042, 0x2167, 0xEF9F, 0xE7BF, 0xE79F, 0xDF9F, 0xDF9F, 0xDF9F, 0xDF9F,
    0xDF9F, 0xDF9F, 0xDF9F, 0xDF9F, 0xDF9F, 0xDF9F, 0xDF9F, 0xE79F, 0xDF9F, 0xDF9F, 0xDF9F, 0xDF9F, 0xDF9F, 0xDF9F, 0xDF9F, 0xDF9F,
    0xDF9F, 0xDF9F, 0xDF9F, 0xDF9F, 0xDF9F, 0xDF9F, 0xDF9F, 0xDF9F, 0xDF9F, 0xDF9F, 0xDF9F, 0xDF9F, 0xDF9F, 0xDF9F, 0xDF9F, 0xDF9F,
    0xDF9F, 0xDF9F, 0xDF9F, 0xE79F, 0xE79F, 0xE7BF, 0xE7BF, 0xEFBF, 0xEFBF, 0xEFBF, 0xEFBF, 0xF7DF, 0xF7DF, 0xF7DF, 0xF7DF, 0xF7DF,
    0xF7DF, 0xF7DF, 0xF7DF, 0xF7DF, 0xF7DF, 0xF7DF, 0xF7DF, 0xF7DF, 0xF7DF, 0xF7DF, 0xF7DF, 0xF7DF, 0xF7DF, 0xF7DF, 0xF7DF, 0xF7DF,
    0xF7DF, 0xF7DF, 0xF7DF, 0xF7DF, 0xF7DF, 0xF7DF, 0xF7DF, 0xF7DF, 0xF7DF, 0xF7DF, 0xF7DF, 0xF7DF, 0xF7DF, 0xF7DF, 0xF7DF, 0xF7DF,
    0xF7DF, 0xF7DF, 0xF7DF, 0xF7DF, 0xF7DF, 0xF7DF, 0xF7DF, 0xF7DF, 0xF7DF, 0xF7DF, 0xF7DF, 0xF7DF, 0xF7DF, 0xF7DF, 0xF7DF, 0xF7DF,
    0xF7DF, 0xF7DF, 0xF7DF, 0xF7DF, 0xF7DF, 0xF7DF, 0xF7DF, 0xF7DF, 0xF7DF, 0xF7DF, 0xF7DF, 0xF7DF, 0xF7DF, 0xF7DF, 0xF7DF, 0xF7DF,
    0xF7DF, 0xF7DF, 0xF7DF, 0xF7DF, 0xF7DF, 0xF7DF, 0xF7DF, 0xF7DF, 0xF7DF, 0xF7DF, 0xF7DF, 0xF7DF, 0xF7DF, 0xF7DF, 0xF7DF, 0xF7DF,
    0xF7DF, 0xF7DF, 0xF7DF, 0xF7DF, 0xF7DF, 0xF7DF, 0xF7DF, 0xF7DF, 0xF7DF, 0xF7DF, 0xF7DF, 0xF7DF, 0xF7DF, 0xF7DF, 0xF7DF, 0xF7DF,
    0xF7DF, 0xF7DF, 0xF7DF, 0xF7DF, 0xF7DF, 0xF7DF, 0xF7DF, 0xF7DF, 0xF7DF, 0xF7DF, 0xF7DF, 0xF7DF, 0xF7DF, 0xF7DF, 0xF7DF, 0xF7DF,
    0xF7DF, 0xF7DF, 0xF7DF, 0xF7DF, 0xF7DF, 0xF7DF, 0xF7DF, 0xF7DF, 0xF7DF, 0xF7DF, 0xF7DF, 0xF7DF, 0xEFDF, 0xF7DF, 0xEFBF, 0xEFDF,
    0xEFBF, 0xEFBF, 0xEFBF, 0xEFDF, 0xF7DF, 0xF7DF, 0xF7DF, 0xEFDF, 0xEFBF, 0xEFBF, 0xEFBF, 0xE79F, 0xE79F, 0xDF9F, 0xDF9F, 0xDF9F,
    0xDF9F, 0xDF9F, 0xDF9F, 0xDF9F, 0xDF9F, 0xDF9F, 0xDF9F, 0xDF9F, 0xDF9F, 0xDF9F, 0xDF9F, 0xDF9F, 0xDF9F, 0xDF9F, 0xDF9F, 0xDF9F,
    0xDF9F, 0xDF9F, 0xDF9F, 0xDF9F, 0xDF9F, 0xDF7F, 0xEFFF, 0x428D, 0x0002, 0x10C4, 0x08A4, 0x08A4, 0x08A4, 0x08A4, 0x0862, 0x0883,
    0x08A3, 0x0862, 0x0863, 0x0883, 0x0883, 0x0883, 0x08A3, 0x0042, 0x2167, 0xDF7F, 0xDF9F, 0xDF9F, 0xDF9F, 0xDF9F, 0xDF9F, 0xDF9F,
    0xDF9F, 0xDF9F, 0xDF9F, 0xDF9F, 0xDF9F, 0xDF9F, 0xDF9F, 0xDF9F, 0xDF9F, 0xDF9F, 0xDF9F, 0xDF9F, 0xDF9F, 0xDF9F, 0xDF9F, 0xDF9F,
    0xDF9F, 0xDF9F, 0xDF9F, 0xDF9F, 0xDF9F, 0xDF9F, 0xDF9F, 0xDF9F, 0xDF9F, 0xDF9F, 0xDF9F, 0xDF9F, 0xE79F, 0xE79F, 0xE79F, 0xDF9F,
    0xDF9F, 0xDF9F, 0xDF9F, 0xDF9F, 0xDF9F, 0xDF9F, 0xDF9F, 0xDF9F, 0xDF9F, 0xDF9F, 0xE79F, 0xE79F, 0xE79F, 0xE7BF, 0xEFBF, 0xEFBF,
    0xEFDF, 0xF7DF, 0xF7DF, 0xF7DF, 0xF7DF, 0xF7DF, 0xF7DF, 0xF7DF, 0xF7DF, 0xF7DF, 0xF7DF, 0xF7DF, 0xF7DF, 0xF7DF, 0xF7DF, 0xF7DF,
    0xF7DF, 0xF7DF, 0xF7DF, 0xF7DF, 0xF7DF, 0xF7DF, 0xF7DF, 0xF7DF, 0xF7DF, 0xF7DF, 0xF7DF, 0xF7DF, 0xF7DF, 0xF7DF, 0xF7DF, 0xF7DF,
    0xF7DF, 0xF7DF, 0xF7DF, 0xF7DF, 0xF7DF, 0xF7DF, 0xF7DF, 0xF7DF, 0xF7DF, 0xF7DF, 0xF7DF, 0xF7DF, 0xF7DF, 0xF7BF, 0xF7DF, 0xF7DF,
    0xF7DF, 0xF7DF, 0xF7DF, 0xF7DF, 0xF7DF, 0xF7DF, 0xF7DF, 0xF7DF, 0xF7DF, 0xF7DF, 0xF7DF, 0xF7DF, 0xF7DF, 0xF7DF, 0xF7DF, 0xF7DF,
    0xF7DF, 0xF7DF, 0xF7DF, 0xF7DF, 0xF7DF, 0xF7DF, 0xF7DF, 0xF7DF, 0xF7DF, 0xF7DF, 0xF7DF, 0xF7DF, 0xF7DF, 0xF7DF, 0xF7DF, 0xF7DF,
    0xF7DF, 0xF7DF, 0xF7DF, 0xF7DF, 0xF7DF, 0xF7DF, 0xF7DF, 0xF7DF, 0xF7DF, 0xF7DF, 0xF7DF, 0xF7DF, 0xF7DF, 0xF7DF, 0xF7DF, 0xF7DF,
    0xF7DF, 0xF7DF, 0xF7DF, 0xF7DF, 0xF7DF, 0xF7DF, 0xF7DF, 0xF7DF, 0xF7DF, 0xF7DF, 0xF7DF, 0xF7DF, 0xF7DF, 0xF7DF, 0xF7DF, 0xF7DF,
    0xF7DF, 0xEFDF, 0xF7DF, 0xF7DF, 0xF7DF, 0xF7DF, 0xF7DF, 0xF7DF, 0xF7DF, 0xEFDF, 0xEFDF, 0xEFDF, 0xEFBF, 0xEFBF, 0xEFBF, 0xEFDF,
    0xEFDF, 0xEFDF, 0xF7DF, 0xEFDF, 0xEFBF, 0xEFBF, 0xE7BF, 0xE79F, 0xE79F, 0xDF9F, 0xDF9F, 0xDF9F, 0xDF9F, 0xDF9F, 0xDF9F, 0xDF9F,
    0xDF9F, 0xDF9F, 0xDF9F, 0xDF9F, 0xDF9F, 0xDF9F, 0xDF9F, 0xDF9F, 0xDF9F, 0xDF9F, 0xDF9F, 0xDF9F, 0xDF9F, 0xDF9F, 0xDF9F, 0xDF9F,
    0xDF9F, 0xDF9F, 0xDF9F, 0xDF9F, 0xDF9F, 0xDF7F, 0xEFFF, 0x428D, 0x0002, 0x10C4, 0x08A4, 0x08A4, 0x08A4, 0x08A3, 0x0862, 0x0883,
    0x08A3, 0x0862, 0x0863, 0x0883, 0x0883, 0x0883, 0x08A3, 0x0042, 0x2167, 0xDF7F, 0xDF9F, 0xDF9F, 0xDF9F, 0xDF9F, 0xDF9F, 0xDF9F,
    0xDF9F, 0xDF9F, 0xDF9F, 0xDF9F, 0xDF9F, 0xDF9F, 0xDF9F, 0xDF9F, 0xDF9F, 0xDF9F, 0xDF9F, 0xDF9F, 0xDF9F, 0xDF9F, 0xDF9F, 0xDF9F,
    0xDF9F, 0xDF9F, 0xDF9F, 0xDF9F, 0xDF9F, 0xDF9F, 0xDF9F, 0xDF9F, 0xDF9F, 0xDF9F, 0xDF9F, 0xDF9F, 0xDF9F, 0xDF9F, 0xDF9F, 0xDF9F,
    0xDF9F, 0xDF9F, 0xDF9F, 0xDF9F, 0xDF9F, 0xDF9F, 0xE79F, 0xDF9F, 0xDF9F, 0xDF9F, 0xDF9F, 0xDF9F, 0xDF9F, 0xDF9F, 0xDF9F, 0xDF9F,
    0xE79F, 0xE79F, 0xE79F, 0xEFBF, 0xEFBF, 0xEFDF, 0xF7DF, 0xF7DF, 0xF7DF, 0xF7DF, 0xF7DF, 0xEFDF, 0xF7DF, 0xF7DF, 0xF7DF, 0xF7DF,
    0xF7DF, 0xF7DF, 0xF7DF, 0xF7DF, 0xF7DF, 0xF7DF, 0xF7DF, 0xF7DF, 0xF7DF, 0xEFDF, 0xF7DF, 0xF7DF, 0xF7DF, 0xF7DF, 0xF7DF, 0xF7DF,
    0xF7DF, 0xF7DF, 0xF7DF, 0xF7DF, 0xF7DF, 0xEFBF, 0xF7DF, 0xF7DF, 0xF7DF, 0xF7DF, 0xF7DF, 0xF7DF, 0xF7DF, 0xF7DF, 0xF7DF, 0xF7DF,
    0xF7DF, 0xF7DF, 0xF7DF, 0xF7DF, 0xF7DF, 0xF7DF, 0xF7DF, 0xF7DF, 0xF7DF, 0xF7DF, 0xF7DF, 0xF7DF, 0xF7DF, 0xF7DF, 0xEFDF, 0xF7DF,
    0xF7DF, 0xF7DF, 0xF7DF, 0xF7DF, 0xF7DF, 0xF7DF, 0xF7DF, 0xF7DF, 0xF7DF, 0xF7DF, 0xF7DF, 0xF7DF, 0xF7DF, 0xF7DF, 0xF7DF, 0xF7DF,
    0xF7DF, 0xF7DF, 0xF7DF, 0xF7DF, 0xF7DF, 0xF7DF, 0xF7DF, 0xF7DF, 0xF7DF, 0xF7DF, 0xF7DF, 0xF7DF, 0xF7DF, 0xF7DF, 0xF7DF, 0xF7DF,
    0xF7DF, 0xF7DF, 0xF7DF, 0xF7DF, 0xF7DF, 0xF7DF, 0xF7DF, 0xF7DF, 0xF7DF, 0xF7DF, 0xF7DF, 0xF7DF, 0xF7DF, 0xF7DF, 0xF7DF, 0xF7DF,
    0xF7DF, 0xF7DF, 0xF7DF, 0xEFDF, 0xEFDF, 0xEFDF, 0xF7DF, 0xF7DF, 0xF7DF, 0xEFDF, 0xEFDF, 0xEFDF, 0xEFDF, 0xF7DF, 0xF7DF, 0xEFDF,
    0xEFBF, 0xEFBF, 0xE79F, 0xE79F, 0xE79F, 0xDF9F, 0xDF9F, 0xDF9F, 0xDF9F, 0xDF9F, 0xDF9F, 0xDF9F, 0xDF9F, 0xDF9F, 0xDF9F, 0xDF9F,
    0xDF9F, 0xDF9F, 0xDF9F, 0xDF9F, 0xDF9F, 0xDF9F, 0xDF9F, 0xDF9F, 0xDF9F, 0xDF9F, 0xDF9F, 0xDF9F, 0xDF9F, 0xDF9F, 0xDF9F, 0xDF9F,
    0xDF7F, 0xDF9F, 0xDF9F, 0xDF9F, 0xDF9F, 0xDF7F, 0xEFFF, 0x428D, 0x0002, 0x10C4, 0x08A4, 0x08A4, 0x0883, 0x0883, 0x0862, 0x0883,
    0x08A4, 0x0862, 0x0863, 0x0883, 0x0883, 0x0883, 0x08A3, 0x0042, 0x2167, 0xDF7F, 0xDF9F, 0xDF9F, 0xDF9F, 0xDF9F, 0xDF9F, 0xDF9F,
    0xDF9F, 0xDF9F, 0xDF9F, 0xDF9F, 0xDF9F, 0xDF9F, 0xDF9F, 0xDF9F, 0xDF9F, 0xDF9F, 0xDF9F, 0xDF9F, 0xDF9F, 0xDF9F, 0xDF9F, 0xDF9F,
    0xDF9F, 0xDF9F, 0xDF9F, 0xDF9F, 0xDF9F, 0xDF9F, 0xDF9F, 0xDF9F, 0xDF9F, 0xDF9F, 0xDF9F, 0xDF9F, 0xDF9F, 0xDF9F, 0xDF9F, 0xDF9F,
    0xDF9F, 0xDF9F, 0xDF9F, 0xDF9F, 0xDF9F, 0xDF9F, 0xDF9F, 0xDF9F, 0xDF9F, 0xDF9F, 0xDF9F, 0xDF9F, 0xDF9F, 0xDF9F, 0xE79F, 0xE79F,
    0xDF9F, 0xDF9F, 0xDF9F, 0xDF9F, 0xDF9F, 0xDF9F, 0xE79F, 0xE79F, 0xEFBF, 0xEFBF, 0xF7DF, 0xF7DF, 0xF7DF, 0xF7DF, 0xEFDF, 0xF7DF,
    0xEFDF, 0xF7DF, 0xF7DF, 0xF7BF, 0xEFDF, 0xEFDF, 0xF7DF, 0xF7DF, 0xF7DF, 0xEFBF, 0xEFDF, 0xEFDF, 0xEFDF, 0xEFDF, 0xF7DF, 0xEFDF,
    0xEFDF, 0xF7DF, 0xF7DF, 0xF7DF, 0xF7DF, 0xEFDF, 0xEFDF, 0xEFBF, 0xF7DF, 0xF7DF, 0xF7DF, 0xF7DF, 0xF7DF, 0xF7DF, 0xF7DF, 0xF7DF,
    0xF7DF, 0xF7DF, 0xF7DF, 0xEFDF, 0xF7DF, 0xF7DF, 0xF7DF, 0xF7DF, 0xF7DF, 0xF7DF, 0xF7DF, 0xF7DF, 0xF7DF, 0xF7DF, 0xF7DF, 0xF7DF,
    0xF7DF, 0xF7DF, 0xF7DF, 0xF7DF, 0xF7DF, 0xF7DF, 0xF7DF, 0xF7DF, 0xF7DF, 0xF7DF, 0xF7DF, 0xF7DF, 0xF7DF, 0xF7DF, 0xF7DF, 0xF7DF,
    0xF7DF, 0xF7DF, 0xF7DF, 0xF7DF, 0xF7DF, 0xF7DF, 0xF7DF, 0xF7DF, 0xF7DF, 0xF7DF, 0xF7DF, 0xF7DF, 0xF7DF, 0xF7DF, 0xF7DF, 0xF7DF,
    0xF7DF, 0xF7DF, 0xF7DF, 0xF7DF, 0xF7DF, 0xF7DF, 0xF7DF, 0xF7DF, 0xF7DF, 0xF7DF, 0xF7DF, 0xF7DF, 0xF7DF, 0xF7DF, 0xF7DF, 0xF7DF,
    0xF7DF, 0xF7DF, 0xEFDF, 0xEFDF, 0xEFDF, 0xEFDF, 0xEFDF, 0xEFDF, 0xEFDF, 0xEFDF, 0xEFDF, 0xEFDF, 0xEFDF, 0xEFBF, 0xE7BF, 0xE79F,
    0xE79F, 0xDF9F, 0xDF9F, 0xDF9F, 0xDF9F, 0xDF9F, 0xDF9F, 0xDF9F, 0xDF9F, 0xDF9F, 0xDF9F, 0xDF9F, 0xDF9F, 0xDF9F, 0xDF9F, 0xDF9F,
    0xDF9F, 0xDF9F, 0xDF9F, 0xDF9F, 0xDF9F, 0xDF9F, 0xDF9F, 0xDF9F, 0xDF9F, 0xDF9F, 0xDF9F, 0xDF9F, 0xDF9F, 0xDF7F, 0xDF9F, 0xDF9F,
    0xDF9F, 0xDF9F, 0xDF9F, 0xDF9F, 0xDF9F, 0xD77F, 0xE7FF, 0x428C, 0x0001, 0x08C4, 0x08A3, 0x0883, 0x0883, 0x0883, 0x0062, 0x0883,
    0x08A4, 0x0862, 0x0862, 0x0883, 0x0883, 0x0883, 0x08A3, 0x0042, 0x2167, 0xDF7F, 0xDF9F, 0xDF9F, 0xDF9F, 0xDF9F, 0xDF9F, 0xDF9F,
    0xDF9F, 0xDF9F, 0xDF9F, 0xDF9F, 0xDF9F, 0xDF9F, 0xDF9F, 0xDF9F, 0xDF9F, 0xDF9F, 0xDF9F, 0xDF9F, 0xDF9F, 0xDF9F, 0xDF9F, 0xDF9F,
    0xDF9F, 0xDF9F, 0xDF9F, 0xDF9F, 0xDF9F, 0xDF9F, 0xDF9F, 0xDF9F, 0xDF9F, 0xDF9F, 0xDF9F, 0xDF9F, 0xDF9F, 0xDF9F, 0xDF9F, 0xDF9F,
    0xDF9F, 0xDF9F, 0xDF9F, 0xDF9F, 0xDF9F, 0xDF9F, 0xDF9F, 0xDF9F, 0xDF9F, 0xDF9F, 0xDF9F, 0xDF9F, 0xDF9F, 0xDF9F, 0xDF9F, 0xDF9F,
    0xDF9F, 0xDF9F, 0xDF9F, 0xDF9F, 0xDF9F, 0xDF9F, 0xDF9F, 0xDF9F, 0xDF7F, 0xDF9F, 0xE79F, 0xEFBF, 0xEFBF, 0xF7DF, 0xF7DF, 0xF7DF,
    0xF7DF, 0xF7DF, 0xF7DF, 0xEFDF, 0xEFBF, 0xF7DF, 0xF7DF, 0xEFDF, 0xEFBF, 0xEFBF, 0xEFDF, 0xEFDF, 0xEFDF, 0xEFDF, 0xF7DF, 0xEFDF,
    0xEFDF, 0xEFDF, 0xF7DF, 0xEFDF, 0xEFDF, 0xEFDF, 0xEFDF, 0xEFBF, 0xF7DF, 0xF7DF, 0xEFDF, 0xF7DF, 0xF7DF, 0xF7DF, 0xEFDF, 0xEFDF,
    0xEFDF, 0xF7DF, 0xF7DF, 0xEFDF, 0xEFDF, 0xF7DF, 0xEFDF, 0xF7DF, 0xF7DF, 0xF7DF, 0xF7DF, 0xF7DF, 0xF7DF, 0xF7DF, 0xF7DF, 0xF7DF,
    0xF7DF, 0xEFDF, 0xF7DF, 0xF7DF, 0xF7DF, 0xF7DF, 0xF7DF, 0xF7DF, 0xF7DF, 0xF7DF, 0xF7DF, 0xF7DF, 0xF7DF, 0xF7DF, 0xF7DF, 0xF7DF,
    0xF7DF, 0xF7DF, 0xF7DF, 0xF7DF, 0xF7DF, 0xF7DF, 0xF7DF, 0xF7DF, 0xF7DF, 0xF7DF, 0xF7DF, 0xF7DF, 0xF7DF, 0xF7DF, 0xF7DF, 0xF7DF,
    0xF7DF, 0xF7DF, 0xF7DF, 0xF7DF, 0xF7DF, 0xF7DF, 0xF7DF, 0xF7DF, 0xF7DF, 0xF7DF, 0xF7DF, 0xF7DF, 0xEFDF, 0xEFDF, 0xEFDF, 0xF7DF,
    0xEFDF, 0xEFDF, 0xEFDF, 0xEFDF, 0xEFDF, 0xEFBF, 0xF7DF, 0xEFDF, 0xEFDF, 0xEFBF, 0xEFBF, 0xE79F, 0xE79F, 0xDF9F, 0xDF9F, 0xDF9F,
    0xDF9F, 0xDF9F, 0xDF9F, 0xDF9F, 0xDF9F, 0xDF9F, 0xDF9F, 0xDF9F, 0xDF9F, 0xDF9F, 0xDF9F, 0xDF9F, 0xDF9F, 0xDF9F, 0xDF9F, 0xDF9F,
    0xDF9F, 0xDF7F, 0xDF9F, 0xDF9F, 0xDF9F, 0xDF9F, 0xDF9F, 0xDF7F, 0xDF9F, 0xDF9F, 0xDF9F, 0xDF9F, 0xDF7F, 0xDF9F, 0xDF9F, 0xDF9F,
    0xDF9F, 0xDF9F, 0xDF9F, 0xDF9F, 0xDF9F, 0xDF7F, 0xE7FF, 0x428C, 0x0001, 0x10C4, 0x0883, 0x08A3, 0x0883, 0x0883, 0x0062, 0x0883,
    0x08A4, 0x0862, 0x0862, 0x0883, 0x0883, 0x0883, 0x08A3, 0x0042, 0x2168, 0xDF7F, 0xDF9F, 0xDF9F, 0xDF9F, 0xDF9F, 0xDF9F, 0xDF9F,
    0xDF9F, 0xDF9F, 0xDF9F, 0xDF9F, 0xDF9F, 0xDF9F, 0xDF9F, 0xDF9F, 0xDF9F, 0xDF9F, 0xDF9F, 0xDF9F, 0xDF9F, 0xDF9F, 0xDF9F, 0xDF9F,
    0xDF9F, 0xDF9F, 0xDF9F, 0xDF9F, 0xDF9F, 0xDF9F, 0xDF9F, 0xDF9F, 0xDF9F, 0xDF9F, 0xDF9F, 0xDF9F, 0xDF9F, 0xDF9F, 0xDF9F, 0xDF9F,
    0xDF9F, 0xDF9F, 0xDF9F, 0xDF9F, 0xDF9F, 0xDF9F, 0xDF9F, 0xDF9F, 0xDF9F, 0xDF9F, 0xDF9F, 0xDF9F, 0xDF9F, 0xDF9F, 0xDF9F, 0xDF9F,
    0xDF9F, 0xDF9F, 0xDF9F, 0xDF9F, 0xDF9F, 0xDF9F, 0xDF9F, 0xDF9F, 0xDF9F, 0xDF9F, 0xDF9F, 0xDF9F, 0xDF9F, 0xE79F, 0xE79F, 0xEFBF,
    0xEFDF, 0xF7DF, 0xF7DF, 0xF7DF, 0xEFDF, 0xEFDF, 0xEFBF, 0xEFBF, 0xEFBF, 0xEFDF, 0xEFBF, 0xEFBF, 0xEFDF, 0xEFDF, 0xEFBF, 0xEFDF,
    0xEFDF, 0xEFDF, 0xF7DF, 0xEFDF, 0xEFDF, 0xEFDF, 0xEFDF, 0xEFDF, 0xEFBF, 0xEFBF, 0xEFDF, 0xEFDF, 0xEFDF, 0xEFBF, 0xEFDF, 0xF7DF,
    0xF7DF, 0xEFDF, 0xEFDF, 0xEFDF, 0xEFDF, 0xEFDF, 0xEFDF, 0xEFDF, 0xEFDF, 0xEFDF, 0xEFDF, 0xEFDF, 0xEFDF, 0xEFDF, 0xF7DF, 0xF7DF,
    0xF7DF, 0xEFDF, 0xEFDF, 0xF7DF, 0xF7DF, 0xF7DF, 0xF7DF, 0xF7DF, 0xF7DF, 0xF7DF, 0xF7DF, 0xF7DF, 0xF7DF, 0xF7DF, 0xF7DF, 0xF7DF,
    0xF7DF, 0xF7DF, 0xF7DF, 0xF7DF, 0xF7DF, 0xF7DF, 0xF7DF, 0xF7DF, 0xF7DF, 0xF7DF, 0xF7DF, 0xF7DF, 0xF7DF, 0xF7DF, 0xF7DF, 0xF7DF,
    0xF7DF, 0xF7DF, 0xF7DF, 0xF7DF, 0xEFDF, 0xF7DF, 0xEFDF, 0xEFDF, 0xEFDF, 0xEFDF, 0xEFDF, 0xEFDF, 0xEFDF, 0xEFDF, 0xEFDF, 0xEFDF,
    0xEFDF, 0xEFDF, 0xEFDF, 0xEFDF, 0xEFDF, 0xEFBF, 0xEFBF, 0xE7BF, 0xE79F, 0xDF9F, 0xDF9F, 0xDF9F, 0xDF9F, 0xDF9F, 0xDF9F, 0xDF9F,
    0xDF9F, 0xDF9F, 0xDF9F, 0xDF9F, 0xDF9F, 0xDF9F, 0xDF9F, 0xDF9F, 0xDF9F, 0xDF9F, 0xDF9F, 0xDF9F, 0xDF9F, 0xDF9F, 0xDF9F, 0xDF9F,
    0xDF9F, 0xDF7F, 0xDF9F, 0xDF7F, 0xDF7F, 0xDF7F, 0xDF9F, 0xDF7F, 0xDF9F, 0xDF7F, 0xDF7F, 0xDF7F, 0xDF7F, 0xDF7F, 0xDF9F, 0xDF7F,
    0xDF9F, 0xDF9F, 0xDF9F, 0xDF9F, 0xDF9F, 0xD77F, 0xE7FF, 0x428C, 0x0002, 0x08A4, 0x0883, 0x0883, 0x0883, 0x0883, 0x0062, 0x0883,
    0x08A4, 0x0862, 0x0862, 0x0883, 0x0883, 0x0883, 0x0883, 0x0042, 0x2168, 0xDF7F, 0xDF9F, 0xDF9F, 0xDF9F, 0xDF9F, 0xDF9F, 0xDF9F,
    0xDF9F, 0xDF9F, 0xDF9F, 0xDF9F, 0xDF9F, 0xDF9F, 0xDF9F, 0xDF9F, 0xDF9F, 0xDF9F, 0xDF9F, 0xDF9F, 0xDF9F, 0xDF9F, 0xDF9F, 0xDF9F,
    0xDF9F, 0xDF9F, 0xDF9F, 0xDF9F, 0xDF9F, 0xDF9F, 0xDF9F, 0xDF9F, 0xDF9F, 0xDF9F, 0xDF9F, 0xDF9F, 0xDF9F, 0xDF9F, 0xDF9F, 0xDF9F,
    0xDF9F, 0xDF9F, 0xDF9F, 0xDF9F, 0xDF9F, 0xDF9F, 0xDF9F, 0xDF9F, 0xDF9F, 0xDF9F, 0xDF9F, 0xDF9F, 0xDF9F, 0xDF9F, 0xDF9F, 0xDF9F,
    0xDF9F, 0xDF9F, 0xDF9F, 0xDF9F, 0xDF9F, 0xDF9F, 0xDF9F, 0xDF9F, 0xDF9F, 0xDF9F, 0xDF9F, 0xDF9F, 0xDF9F, 0xDF9F, 0xDF9F, 0xDF9F,
    0xDF9F, 0xE7BF, 0xE7BF, 0xEFBF, 0xF7DF, 0xF7BF, 0xEFDF, 0xEFBF, 0xEFDF, 0xEFDF, 0xEFBF, 0xEFBF, 0xEFBF, 0xEFBF, 0xEFDF, 0xEFBF,
    0xEFBF, 0xEFDF, 0xEFDF, 0xEFDF, 0xEFDF, 0xEFDF, 0xEFDF, 0xEFDF, 0xEFDF, 0xEFDF, 0xEFDF, 0xEFDF, 0xEFDF, 0xEFDF, 0xEFDF, 0xEFDF,
    0xEFDF, 0xEFDF, 0xEFDF, 0xEFDF, 0xEFDF, 0xEFBF, 0xEFBF, 0xEFDF, 0xEFDF, 0xEFDF, 0xEFDF, 0xEFDF, 0xEFDF, 0xEFDF, 0xEFDF, 0xEFDF,
    0xEFDF, 0xEFDF, 0xEFBF, 0xEFDF, 0xEFDF, 0xEFDF, 0xF7DF, 0xEFDF, 0xF7DF, 0xF7DF, 0xEFDF, 0xF7DF, 0xEFDF, 0xF7DF, 0xEFDF, 0xEFDF,
    0xF7DF, 0xF7DF, 0xF7DF, 0xF7DF, 0xF7DF, 0xF7DF, 0xF7DF, 0xF7DF, 0xF7DF, 0xF7DF, 0xF7DF, 0xF7DF, 0xF7DF, 0xF7DF, 0xF7DF, 0xEFDF,
    0xF7DF, 0xEFDF, 0xEFDF, 0xEFDF, 0xF7DF, 0xEFDF, 0xEFDF, 0xEFDF, 0xEFDF, 0xEFDF, 0xEFDF, 0xEFDF, 0xEFDF, 0xEFDF, 0xEFDF, 0xEFDF,
    0xEFDF, 0xEFDF, 0xEFBF, 0xE7BF, 0xE79F, 0xE79F, 0xDF9F, 0xDF9F, 0xDF9F, 0xDF9F, 0xDF9F, 0xDF9F, 0xDF9F, 0xDF9F, 0xDF9F, 0xDF9F,
    0xDF9F, 0xDF9F, 0xDF9F, 0xDF9F, 0xDF9F, 0xDF9F, 0xDF9F, 0xDF9F, 0xDF9F, 0xDF9F, 0xDF9F, 0xDF9F, 0xDF7F, 0xDF9F, 0xDF9F, 0xDF9F,
    0xDF7F, 0xDF7F, 0xDF7F, 0xDF7F, 0xDF7F, 0xDF9F, 0xDF9F, 0xDF7F, 0xDF7F, 0xDF9F, 0xDF7F, 0xDF7F, 0xDF7F, 0xDF7F, 0xDF7F, 0xDF7F,
    0xDF7F, 0xDF9F, 0xDF9F, 0xDF9F, 0xDF9F, 0xDF7F, 0xE7FF, 0x428C, 0x0001, 0x08A4, 0x0883, 0x0883, 0x0883, 0x0883, 0x0062, 0x0883,
    0x08A4, 0x0862, 0x0862, 0x0883, 0x0883, 0x0883, 0x0883, 0x0042, 0x2168, 0xDF7F, 0xDF9F, 0xDF9F, 0xDF9F, 0xDF9F, 0xDF9F, 0xDF9F,
    0xDF9F, 0xDF9F, 0xDF9F, 0xDF9F, 0xDF9F, 0xDF9F, 0xDF9F, 0xDF9F, 0xDF9F, 0xDF9F, 0xDF9F, 0xDF9F, 0xDF9F, 0xDF9F, 0xDF9F, 0xDF9F,
    0xDF9F, 0xDF9F, 0xDF9F, 0xDF9F, 0xDF9F, 0xE7BF, 0xDF9F, 0xDF9F, 0xDF9F, 0xDF9F, 0xDF9F, 0xDF9F, 0xDF9F, 0xDF9F, 0xDF9F, 0xDF9F,
    0xDF9F, 0xDF9F, 0xDF9F, 0xDF9F, 0xDF9F, 0xDF9F, 0xDF9F, 0xDF9F, 0xDF9F, 0xDF9F, 0xDF9F, 0xDF9F, 0xDF9F, 0xDF9F, 0xDF9F, 0xDF9F,
    0xDF9F, 0xDF9F, 0xDF9F, 0xDF9F, 0xDF9F, 0xDF9F, 0xDF9F, 0xDF9F, 0xDF9F, 0xDF9F, 0xDF9F, 0xDF9F, 0xDF9F, 0xDF9F, 0xDF9F, 0xDF9F,
    0xDF9F, 0xDF9F, 0xDF9F, 0xDF9F, 0xE79F, 0xE7BF, 0xEFBF, 0xEFBF, 0xEFDF, 0xEFDF, 0xEFDF, 0xEFBF, 0xEFDF, 0xEFDF, 0xEFBF, 0xEFBF,
    0xEFDF, 0xEFDF, 0xEFDF, 0xEFDF, 0xEFBF, 0xEFDF, 0xEFDF, 0xEFDF, 0xEFDF, 0xEFDF, 0xEFDF, 0xEFDF, 0xEFDF, 0xEFBF, 0xEFDF, 0xEFDF,
    0xEFDF, 0xEFDF, 0xEFBF, 0xEFBF, 0xEFBF, 0xEFBF, 0xEFDF, 0xEFBF, 0xEFBF, 0xEFDF, 0xEFDF, 0xEFDF, 0xEFDF, 0xEFDF, 0xEFDF, 0xEFBF,
    0xEFDF, 0xEFBF, 0xEFBF, 0xEFDF, 0xEFDF, 0xEFDF, 0xEFDF, 0xEFDF, 0xEFDF, 0xEFDF, 0xEFDF, 0xEFDF, 0xEFDF, 0xEFDF, 0xEFDF, 0xF7DF,
    0xEFDF, 0xEFDF, 0xEFDF, 0xEFDF, 0xEFDF, 0xEFDF, 0xF7BF, 0xEFDF, 0xF7DF, 0xEFDF, 0xF7DF, 0xF7DF, 0xF7DF, 0xF7DF, 0xF7DF, 0xF7DF,
    0xEFDF, 0xEFDF, 0xEFDF, 0xEFBF, 0xEFDF, 0xEFDF, 0xEFDF, 0xEFDF, 0xEFDF, 0xEFDF, 0xEFDF, 0xF7DF, 0xF7DF, 0xF7DF, 0xEFDF, 0xEFBF,
    0xE7BF, 0xE79F, 0xDF9F, 0xDF9F, 0xDF9F, 0xDF9F, 0xDF9F, 0xDF9F, 0xDF9F, 0xDF9F, 0xDF9F, 0xDF9F, 0xDF9F, 0xDF9F, 0xDF9F, 0xDF9F,
    0xDF9F, 0xDF9F, 0xDF9F, 0xDF9F, 0xDF9F, 0xDF9F, 0xDF9F, 0xDF9F, 0xDF9F, 0xDF9F, 0xDF9F, 0xDF9F, 0xDF9F, 0xDF9F, 0xDF9F, 0xDF7F,
    0xDF7F, 0xDF9F, 0xDF9F, 0xDF7F, 0xDF7F, 0xDF9F, 0xDF7F, 0xDF9F, 0xDF7F, 0xDF9F, 0xDF7F, 0xDF7F, 0xDF7F, 0xDF9F, 0xDF7F, 0xDF9F,
    0xDF7F, 0xDF9F, 0xDF7F, 0xDF9F, 0xDF9F, 0xD77F, 0xE7FF, 0x428C, 0x0001, 0x08A4, 0x0883, 0x0883, 0x0883, 0x0883, 0x0862, 0x08A3,
    0x08A4, 0x0862, 0x0862, 0x0883, 0x0883, 0x0883, 0x08A3, 0x0042, 0x2167, 0xDF7F, 0xDF9F, 0xDF9F, 0xDF9F, 0xDF9F, 0xDF9F, 0xDF9F,
    0xDF7F, 0xDF9F, 0xDF9F, 0xDF9F, 0xDF7F, 0xDF9F, 0xDF9F, 0xDF9F, 0xDF9F, 0xDF9F, 0xDF7F, 0xDF9F, 0xDF9F, 0xDF9F, 0xDF9F, 0xDF9F,
    0xDF9F, 0xDF9F, 0xDF9F, 0xDF9F, 0xDF9F, 0xB6DF, 0xD75F, 0xE79F, 0xDF9F, 0xDF9F, 0xDF9F, 0xDF9F, 0xDF9F, 0xDF9F, 0xDF9F, 0xDF9F,
    0xDF9F, 0xDF9F, 0xDF9F, 0xDF9F, 0xDF9F, 0xDF9F, 0xDF9F, 0xDF9F, 0xDF9F, 0xDF9F, 0xDF9F, 0xDF9F, 0xDF9F, 0xDF9F, 0xDF9F, 0xDF9F,
    0xDF9F, 0xDF9F, 0xDF9F, 0xDF9F, 0xDF9F, 0xDF9F, 0xDF9F, 0xDF9F, 0xDF9F, 0xDF9F, 0xDF9F, 0xDF9F, 0xDF9F, 0xDF9F, 0xDF9F, 0xDF9F,
    0xDF9F, 0xDF9F, 0xDF9F, 0xDF9F, 0xDF9F, 0xDF9F, 0xDF9F, 0xDF9F, 0xE79F, 0xEFBF, 0xEFBF, 0xEFDF, 0xF7DF, 0xF7DF, 0xEFDF, 0xEFBF,
    0xEFBF, 0xEFBF, 0xEFBF, 0xEFBF, 0xEFDF, 0xEFDF, 0xEFDF, 0xEFDF, 0xEFDF, 0xEFDF, 0xEFDF, 0xEFDF, 0xEFBF, 0xEFDF, 0xEFDF, 0xEFBF,
    0xEFDF, 0xEFDF, 0xEFBF, 0xEFBF, 0xEFBF, 0xEFBF, 0xEFDF, 0xEFBF, 0xEFBF, 0xEFDF, 0xEFDF, 0xEFDF, 0xEFBF, 0xEFDF, 0xF7DF, 0xEFDF,
    0xEFDF, 0xEFBF, 0xEFDF, 0xEFDF, 0xEFDF, 0xEFDF, 0xEFDF, 0xEFDF, 0xEFDF, 0xEFDF, 0xEFDF, 0xEFDF, 0xEFDF, 0xEFDF, 0xEFDF, 0xEFDF,
    0xEFDF, 0xEFDF, 0xEFDF, 0xEFDF, 0xEFDF, 0xEFDF, 0xEFDF, 0xEFBF, 0xEFDF, 0xEFDF, 0xEFDF, 0xF7DF, 0xF7DF, 0xEFDF, 0xEFDF, 0xEFDF,
    0xEFDF, 0xF7DF, 0xEFDF, 0xEFDF, 0xEFDF, 0xEFDF, 0xEFDF, 0xEFDF, 0xF7DF, 0xF7DF, 0xEFDF, 0xEFBF, 0xE7BF, 0xE79F, 0xDF9F, 0xDF9F,
    0xDF9F, 0xDF9F, 0xDF9F, 0xDF9F, 0xDF9F, 0xDF9F, 0xDF9F, 0xDF9F, 0xDF9F, 0xDF9F, 0xDF9F, 0xDF9F, 0xDF9F, 0xDF9F, 0xDF9F, 0xDF9F,
    0xDF9F, 0xDF9F, 0xDF7F, 0xDF9F, 0xDF9F, 0xDF9F, 0xDF9F, 0xDF9F, 0xDF9F, 0xDF9F, 0xDF9F, 0xDF9F, 0xDF9F, 0xDF9F, 0xDF9F, 0xDF7F,
    0xDF7F, 0xDF7F, 0xDF9F, 0xDF7F, 0xDF7F, 0xDF7F, 0xDF7F, 0xDF7F, 0xDF7F, 0xDF7F, 0xDF7F, 0xDF9F, 0xDF7F, 0xDF7F, 0xDF7F, 0xDF7F,
    0xDF9F, 0xDF9F, 0xDF9F, 0xDF7F, 0xDF9F, 0xD77F, 0xE7FF, 0x428D, 0x0001, 0x08A4, 0x0883, 0x0883, 0x0883, 0x0883, 0x0862, 0x0883,
    0x08A4, 0x0862, 0x0862, 0x0883, 0x0883, 0x0883, 0x0883, 0x0042, 0x2167, 0xDF7F, 0xDF9F, 0xDF7F, 0xDF9F, 0xDF9F, 0xDF9F, 0xDF9F,
    0xDF7F, 0xDF7F, 0xDF9F, 0xDF9F, 0xDF9F, 0xDF9F, 0xDF9F, 0xDF9F, 0xDF9F, 0xDF9F, 0xDF9F, 0xDF9F, 0xDF9F, 0xDF9F, 0xDF9F, 0xDF9F,
    0xDF9F, 0xDF9F, 0xDF9F, 0xE79F, 0xCF5F, 0x65DF, 0xB6DF, 0xEFBF, 0xDF9F, 0xDF9F, 0xDF9F, 0xDF9F, 0xDF9F, 0xDF9F, 0xDF9F, 0xDF9F,
    0xDF9F, 0xDF9F, 0xDF9F, 0xDF9F, 0xDF9F, 0xDF9F, 0xDF9F, 0xDF9F, 0xDF9F, 0xDF9F, 0xDF9F, 0xDF9F, 0xDF9F, 0xDF9F, 0xDF9F, 0xDF9F,
    0xDF9F, 0xDF9F, 0xDF9F, 0xDF9F, 0xDF9F, 0xDF9F, 0xDF9F, 0xDF9F, 0xDF9F, 0xDF9F, 0xDF9F, 0xDF9F, 0xDF9F, 0xDF9F, 0xDF9F, 0xDF9F,
    0xDF9F, 0xDF9F, 0xDF9F, 0xDF9F, 0xDF9F, 0xDF9F, 0xDF9F, 0xDF9F, 0xDF9F, 0xDF9F, 0xDF9F, 0xE79F, 0xE7BF, 0xEFBF, 0xEFBF, 0xEFDF,
    0xF7DF, 0xF7DF, 0xEFDF, 0xEFDF, 0xEFBF, 0xEFBF, 0xEFDF, 0xEFDF, 0xEFDF, 0xEFDF, 0xEFDF, 0xEFBF, 0xEFBF, 0xEFDF, 0xEFDF, 0xEFDF,
    0xEFDF, 0xEFDF, 0xEFDF, 0xEFDF, 0xEFDF, 0xEFBF, 0xEFDF, 0xEFDF, 0xEFDF, 0xEFDF, 0xEFDF, 0xEFDF, 0xEFDF, 0xEFDF, 0xEFDF, 0xEFDF,
    0xEFDF, 0xEFDF, 0xEFDF, 0xEFDF, 0xEFDF, 0xEFDF, 0xEFDF, 0xEFDF, 0xEFDF, 0xEFDF, 0xEFDF, 0xEFDF, 0xEFDF, 0xEFDF, 0xEFDF, 0xEFDF,
    0xEFDF, 0xEFDF, 0xEFDF, 0xEFDF, 0xEFDF, 0xEFDF, 0xEFDF, 0xEFDF, 0xEFDF, 0xEFDF, 0xEFDF, 0xEFDF, 0xEFDF, 0xEFDF, 0xEFDF, 0xEFDF,
    0xEFDF, 0xEFDF, 0xEFDF, 0xEFDF, 0xEFDF, 0xF7DF, 0xEFDF, 0xEFBF, 0xE7BF, 0xE79F, 0xDF9F, 0xDF9F, 0xDF9F, 0xDF9F, 0xDF9F, 0xDF9F,
    0xDF9F, 0xDF9F, 0xDF9F, 0xDF9F, 0xDF9F, 0xDF7F, 0xDF9F, 0xDF9F, 0xDF9F, 0xDF9F, 0xDF9F, 0xDF9F, 0xDF9F, 0xDF9F, 0xDF9F, 0xDF9F,
    0xDF7F, 0xDF7F, 0xDF9F, 0xDF9F, 0xDF9F, 0xDF9F, 0xDF9F, 0xDF9F, 0xDF9F, 0xDF9F, 0xDF9F, 0xDF9F, 0xDF9F, 0xDF7F, 0xDF7F, 0xDF7F,
    0xDF7F, 0xDF7F, 0xDF9F, 0xDF7F, 0xDF9F, 0xDF9F, 0xDF9F, 0xDF9F, 0xDF7F, 0xDF7F, 0xDF9F, 0xDF7F, 0xDF7F, 0xDF9F, 0xDF7F, 0xDF7F,
    0xDF7F, 0xDF7F, 0xDF9F, 0xDF9F, 0xDF9F, 0xD77F, 0xE7FF, 0x428D, 0x0001, 0x08A4, 0x0883, 0x0883, 0x0883, 0x0883, 0x0862, 0x0883,
    0x08A4, 0x0862, 0x0862, 0x0883, 0x0883, 0x0883, 0x0883, 0x0042, 0x2167, 0xDF7F, 0xDF9F, 0xDF9F, 0xDF9F, 0xDF9F, 0xDF9F, 0xDF9F,
    0xDF9F, 0xDF9F, 0xDF9F, 0xDF9F, 0xDF9F, 0xDF9F, 0xDF7F, 0xDF9F, 0xDF9F, 0xDF9F, 0xDF9F, 0xDF7F, 0xDF7F, 0xDF9F, 0xDF9F, 0xDF9F,
    0xDF9F, 0xDF9F, 0xDF7F, 0xE7BF, 0xBF1F, 0x6DDF, 0x9E9F, 0xE7BF, 0xDF9F, 0xDF9F, 0xDF9F, 0xDF9F, 0xDF9F, 0xDF9F, 0xDF9F, 0xDF9F,
    0xDF9F, 0xDF9F, 0xDF9F, 0xDF9F, 0xDF9F, 0xDF9F, 0xDF9F, 0xDF9F, 0xDF9F, 0xDF9F, 0xDF9F, 0xDF9F, 0xDF9F, 0xDF9F, 0xDF9F, 0xDF9F,
    0xDF9F, 0xDF9F, 0xDF9F, 0xDF9F, 0xDF9F, 0xDF9F, 0xDF9F, 0xDF9F, 0xDF9F, 0xDF9F, 0xDF9F, 0xDF9F, 0xDF9F, 0xDF9F, 0xDF9F, 0xDF9F,
    0xDF9F, 0xDF9F, 0xDF9F, 0xDF9F, 0xDF9F, 0xDF9F, 0xDF9F, 0xDF9F, 0xDF9F, 0xDF9F, 0xDF9F, 0xDF9F, 0xDF9F, 0xDF9F, 0xDF9F, 0xDF9F,
    0xE7BF, 0xEFBF, 0xEFBF, 0xEFBF, 0xEFDF, 0xEFDF, 0xEFBF, 0xEFDF, 0xEFDF, 0xEFDF, 0xEFBF, 0xEFDF, 0xEFDF, 0xEFDF, 0xEFBF, 0xEFBF,
    0xEFBF, 0xEFBF, 0xEFBF, 0xEFBF, 0xEFBF, 0xEFDF, 0xEFBF, 0xEFDF, 0xEFDF, 0xEFDF, 0xEFBF, 0xEFDF, 0xEFDF, 0xEFDF, 0xEFBF, 0xEFDF,
    0xEFDF, 0xEFDF, 0xEFDF, 0xEFDF, 0xEFDF, 0xEFDF, 0xEFDF, 0xEFDF, 0xEFDF, 0xEFDF, 0xEFDF, 0xEFDF, 0xEFDF, 0xEFDF, 0xEFDF, 0xEFDF,
    0xEFDF, 0xEFDF, 0xEFDF, 0xEFDF, 0xEFDF, 0xEFDF, 0xEFDF, 0xEFDF, 0xEFDF, 0xEFDF, 0xEFDF, 0xEFDF, 0xEFDF, 0xEFDF, 0xEFDF, 0xEFDF,
    0xEFDF, 0xEFDF, 0xEFBF, 0xEFBF, 0xE7BF, 0xE79F, 0xDF9F, 0xDF9F, 0xDF9F, 0xDF9F, 0xDF9F, 0xDF9F, 0xDF9F, 0xDF9F, 0xDF7F, 0xDF9F,
    0xDF9F, 0xDF9F, 0xDF9F, 0xDF9F, 0xDF9F, 0xDF9F, 0xDF9F, 0xDF9F, 0xDF9F, 0xDF9F, 0xDF9F, 0xDF9F, 0xDF9F, 0xDF9F, 0xDF9F, 0xDF9F,
    0xDF9F, 0xDF9F, 0xDF9F, 0xDF9F, 0xDF9F, 0xDF7F, 0xDF9F, 0xDF9F, 0xDF9F, 0xDF9F, 0xDF9F, 0xDF9F, 0xDF9F, 0xDF9F, 0xDF9F, 0xDF7F,
    0xDF7F, 0xDF7F, 0xDF7F, 0xDF9F, 0xDF9F, 0xDF9F, 0xDF9F, 0xDF9F, 0xDF7F, 0xDF7F, 0xDF9F, 0xDF7F, 0xDF7F, 0xDF7F, 0xDF7F, 0xDF9F,
    0xDF9F, 0xDF9F, 0xDF9F, 0xDF9F, 0xDF9F, 0xD77F, 0xE7FF, 0x428D, 0x0001, 0x08A4, 0x0883, 0x0883, 0x0883, 0x0883, 0x0062, 0x0883,
    0x08A4, 0x0862, 0x0862, 0x0883, 0x0883, 0x0883, 0x08A3, 0x0022, 0x2167, 0xDF7F, 0xDF9F, 0xDF9F, 0xDF9F, 0xDF9F, 0xDF9F, 0xDF9F,
    0xDF9F, 0xDF9F, 0xDF9F, 0xDF9F, 0xDF9F, 0xDF9F, 0xDF9F, 0xDF9F, 0xDF9F, 0xDF9F, 0xDF9F, 0xDF9F, 0xDF9F, 0xDF9F, 0xDF9F, 0xDF9F,
    0xDF9F, 0xDF9F, 0xDF7F, 0xE79F, 0xAEDF, 0x75FF, 0x863F, 0xDF9F, 0xDF9F, 0xDF9F, 0xDF9F, 0xDF9F, 0xDF9F, 0xDF9F, 0xDF9F, 0xDF9F,
    0xDF9F, 0xDF9F, 0xDF9F, 0xDF9F, 0xDF9F, 0xDF9F, 0xDF9F, 0xDF9F, 0xDF9F, 0xDF9F, 0xDF9F, 0xDF9F, 0xDF9F, 0xDF9F, 0xDF9F, 0xDF9F,
    0xDF9F, 0xDF9F, 0xDF9F, 0xDF9F, 0xDF9F, 0xDF9F, 0xDF9F, 0xDF9F, 0xDF9F, 0xDF9F, 0xDF9F, 0xDF9F, 0xDF9F, 0xDF9F, 0xDF9F, 0xDF9F,
    0xDF9F, 0xDF9F, 0xDF9F, 0xDF9F, 0xDF9F, 0xDF9F, 0xDF9F, 0xDF9F, 0xDF9F, 0xDF9F, 0xDF9F, 0xDF9F, 0xDF9F, 0xDF9F, 0xDF9F, 0xDF9F,
    0xDF7F, 0xDF7F, 0xDF9F, 0xE79F, 0xE79F, 0xEFBF, 0xEFBF, 0xEFBF, 0xF7DF, 0xEFDF, 0xF7DF, 0xEFDF, 0xEFDF, 0xEFDF, 0xEFDF, 0xEFBF,
    0xEFDF, 0xEFBF, 0xEFDF, 0xEFDF, 0xEFBF, 0xEFBF, 0xEFBF, 0xEFBF, 0xEFDF, 0xEFDF, 0xEFDF, 0xEFDF, 0xEFDF, 0xEFDF, 0xEFDF, 0xEFDF,
    0xEFBF, 0xEFBF, 0xEFBF, 0xEFDF, 0xEFDF, 0xEFDF, 0xEFDF, 0xEFBF, 0xEFDF, 0xEFDF, 0xEFDF, 0xEFDF, 0xEFDF, 0xEFDF, 0xEFDF, 0xEFDF,
    0xEFDF, 0xEFDF, 0xEFDF, 0xEFDF, 0xEFDF, 0xEFDF, 0xEFDF, 0xEFDF, 0xEFDF, 0xF7DF, 0xF7DF, 0xF7DF, 0xF7DF, 0xEFDF, 0xEFBF, 0xEFBF,
    0xE7BF, 0xE79F, 0xDF9F, 0xDF9F, 0xDF7F, 0xDF7F, 0xDF9F, 0xDF9F, 0xDF9F, 0xDF9F, 0xDF9F, 0xDF9F, 0xDF9F, 0xDF9F, 0xDF7F, 0xDF9F,
    0xDF9F, 0xDF9F, 0xDF9F, 0xDF9F, 0xDF9F, 0xDF9F, 0xDF9F, 0xDF9F, 0xDF9F, 0xDF9F, 0xDF9F, 0xDF9F, 0xDF9F, 0xDF9F, 0xDF7F, 0xDF9F,
    0xDF9F, 0xDF7F, 0xDF7F, 0xDF9F, 0xDF9F, 0xDF7F, 0xDF9F, 0xDF9F, 0xDF9F, 0xDF7F, 0xDF9F, 0xDF9F, 0xDF7F, 0xDF7F, 0xDF7F, 0xDF7F,
    0xDF9F, 0xDF9F, 0xDF9F, 0xDF9F, 0xDF9F, 0xDF9F, 0xDF9F, 0xDF9F, 0xDF9F, 0xDF9F, 0xDF7F, 0xDF7F, 0xDF7F, 0xDF7F, 0xDF7F, 0xDF9F,
    0xDF7F, 0xDF7F, 0xDF9F, 0xDF9F, 0xDF7F, 0xD77F, 0xE7FF, 0x428D, 0x0002, 0x08A4, 0x0883, 0x0883, 0x0883, 0x0883, 0x0062, 0x0883,
    0x08A4, 0x0862, 0x0862, 0x0883, 0x0883, 0x0883, 0x0883, 0x0042, 0x2167, 0xDF7F, 0xDF9F, 0xDF9F, 0xDF9F, 0xDF9F, 0xDF9F, 0xDF9F,
    0xDF9F, 0xDF7F, 0xDF9F, 0xDF7F, 0xDF9F, 0xDF9F, 0xDF9F, 0xDF9F, 0xDF7F, 0xDF9F, 0xDF9F, 0xDF9F, 0xDF7F, 0xDF9F, 0xDF9F, 0xDF9F,
    0xDF9F, 0xDF9F, 0xDF7F, 0xDF9F, 0x967F, 0x9EBF, 0x863F, 0xCF5F, 0xDF9F, 0xDF9F, 0xDF9F, 0xDF9F, 0xDF9F, 0xDF9F, 0xDF9F, 0xDF9F,
    0xDF9F, 0xDF9F, 0xDF9F, 0xDF9F, 0xDF9F, 0xDF9F, 0xDF9F, 0xDF9F, 0xDF9F, 0xDF9F, 0xDF9F, 0xDF9F, 0xDF9F, 0xDF9F, 0xDF7F, 0xDF9F,
    0xDF9F, 0xDF9F, 0xDF9F, 0xDF9F, 0xDF9F, 0xDF9F, 0xDF9F, 0xDF9F, 0xDF9F, 0xDF9F, 0xDF9F, 0xDF9F, 0xDF9F, 0xDF9F, 0xDF9F, 0xDF9F,
    0xDF9F, 0xDF9F, 0xDF9F, 0xDF9F, 0xDF9F, 0xDF9F, 0xDF9F, 0xDF9F, 0xDF9F, 0xDF9F, 0xDF9F, 0xDF9F, 0xDF9F, 0xDF9F, 0xDF9F, 0xDF9F,
    0xDF9F, 0xDF9F, 0xDF9F, 0xDF9F, 0xDF7F, 0xDF7F, 0xDF9F, 0xDF9F, 0xE79F, 0xE7BF, 0xEFBF, 0xEFBF, 0xEFBF, 0xEFDF, 0xEFDF, 0xEFDF,
    0xEFDF, 0xEFDF, 0xEFDF, 0xEFDF, 0xEFDF, 0xEFBF, 0xEFDF, 0xEFBF, 0xEFDF, 0xEFDF, 0xEFDF, 0xEFDF, 0xEFDF, 0xEFDF, 0xEFDF, 0xEFBF,
    0xEFBF, 0xEFBF, 0xEFBF, 0xEFDF, 0xEFDF, 0xEFBF, 0xEFDF, 0xEFBF, 0xEFDF, 0xEFDF, 0xEFDF, 0xEFDF, 0xEFDF, 0xEFDF, 0xEFDF, 0xEFDF,
    0xEFDF, 0xEFDF, 0xEFDF, 0xEFDF, 0xEFDF, 0xF7DF, 0xEFDF, 0xEFDF, 0xEFBF, 0xEFBF, 0xEFBF, 0xE79F, 0xE79F, 0xDF9F, 0xDF9F, 0xDF9F,
    0xDF9F, 0xDF9F, 0xDF9F, 0xDF9F, 0xDF9F, 0xDF9F, 0xDF9F, 0xDF9F, 0xDF9F, 0xDF9F, 0xDF9F, 0xDF9F, 0xDF9F, 0xDF9F, 0xDF9F, 0xDF9F,
    0xDF9F, 0xDF9F, 0xDF9F, 0xDF9F, 0xDF9F, 0xDF9F, 0xDF9F, 0xDF9F, 0xDF9F, 0xDF9F, 0xDF9F, 0xDF9F, 0xDF9F, 0xDF7F, 0xDF9F, 0xDF7F,
    0xDF7F, 0xDF9F, 0xDF7F, 0xDF7F, 0xDF7F, 0xDF7F, 0xDF9F, 0xDF9F, 0xDF9F, 0xDF7F, 0xDF9F, 0xDF9F, 0xDF9F, 0xDF7F, 0xDF9F, 0xDF7F,
    0xDF9F, 0xDF9F, 0xDF9F, 0xDF9F, 0xDF7F, 0xDF7F, 0xDF7F, 0xDF9F, 0xDF7F, 0xDF7F, 0xDF7F, 0xDF9F, 0xDF7F, 0xDF7F, 0xDF7F, 0xDF9F,
    0xDF9F, 0xDF9F, 0xDF7F, 0xDF9F, 0xDF7F, 0xD77F, 0xE7FF, 0x428D, 0x0001, 0x08A4, 0x0883, 0x0883, 0x0883, 0x0883, 0x0862, 0x08A3,
    0x08A4, 0x0862, 0x0862, 0x0883, 0x0883, 0x0883, 0x0883, 0x0042, 0x2167, 0xDF7F, 0xDF9F, 0xDF7F, 0xDF9F, 0xDF9F, 0xDF9F, 0xDF9F,
    0xDF9F, 0xDF9F, 0xDF9F, 0xDF9F, 0xDF9F, 0xDF9F, 0xDF9F, 0xDF7F, 0xDF9F, 0xDF9F, 0xDF9F, 0xDF9F, 0xDF9F, 0xDF9F, 0xDF9F, 0xDF9F,
    0xDF9F, 0xDF9F, 0xDF9F, 0xCF5F, 0x7E1F, 0xC73F, 0x8E5F, 0xC73F, 0xE79F, 0xDF9F, 0xDF9F, 0xDF9F, 0xDF9F, 0xDF9F, 0xDF9F, 0xDF9F,
    0xDF9F, 0xDF9F, 0xDF9F, 0xDF9F, 0xDF9F, 0xDF9F, 0xDF7F, 0xDF9F, 0xDF9F, 0xDF9F, 0xDF9F, 0xE7BF, 0xDF9F, 0xDF9F, 0xE79F, 0xDF9F,
    0xDF7F, 0xDF9F, 0xDF9F, 0xDF9F, 0xDF9F, 0xDF9F, 0xDF9F, 0xDF9F, 0xDF9F, 0xDF9F, 0xDF9F, 0xDF9F, 0xDF9F, 0xDF9F, 0xDF9F, 0xDF9F,
    0xDF9F, 0xDF9F, 0xDF9F, 0xDF9F, 0xDF9F, 0xDF9F, 0xDF9F, 0xDF9F, 0xDF9F, 0xDF9F, 0xDF9F, 0xDF9F, 0xDF9F, 0xDF9F, 0xDF9F, 0xDF9F,
    0xDF7F, 0xDF9F, 0xDF9F, 0xDF9F, 0xDF9F, 0xDF9F, 0xDF9F, 0xDF9F, 0xDF9F, 0xDF9F, 0xDF9F, 0xDF9F, 0xDF9F, 0xDF9F, 0xE79F, 0xE7BF,
    0xE7BF, 0xEFBF, 0xEFBF, 0xEFBF, 0xEFDF, 0xEFDF, 0xEFDF, 0xEFDF, 0xF7DF, 0xF7DF, 0xF7DF, 0xEFDF, 0xEFDF, 0xEFDF, 0xEFDF, 0xEFDF,
    0xEFDF, 0xEFDF, 0xEFDF, 0xEFDF, 0xEFDF, 0xEFDF, 0xEFDF, 0xEFDF, 0xEFDF, 0xEFDF, 0xEFDF, 0xEFDF, 0xEFDF, 0xEFDF, 0xEFDF, 0xEFDF,
    0xEFBF, 0xEFBF, 0xEFBF, 0xEFBF, 0xE7BF, 0xE7BF, 0xE79F, 0xE79F, 0xDF9F, 0xDF9F, 0xDF9F, 0xDF9F, 0xDF9F, 0xDF9F, 0xDF9F, 0xDF9F,
    0xDF9F, 0xDF9F, 0xDF9F, 0xDF9F, 0xDF9F, 0xDF9F, 0xDF9F, 0xDF9F, 0xDF9F, 0xDF9F, 0xDF9F, 0xDF9F, 0xDF9F, 0xDF9F, 0xDF9F, 0xDF9F,
    0xDF9F, 0xDF9F, 0xDF9F, 0xDF9F, 0xDF9F, 0xDF9F, 0xDF9F, 0xDF9F, 0xDF9F, 0xDF9F, 0xDF9F, 0xDF9F, 0xDF7F, 0xDF7F, 0xDF9F, 0xDF9F,
    0xDF9F, 0xDF7F, 0xDF7F, 0xDF7F, 0xDF9F, 0xDF7F, 0xDF7F, 0xDF9F, 0xDF9F, 0xDF9F, 0xDF9F, 0xDF9F, 0xDF9F, 0xDF9F, 0xDF9F, 0xDF9F,
    0xDF9F, 0xDF9F, 0xDF9F, 0xDF9F, 0xDF9F, 0xDF7F, 0xDF9F, 0xDF9F, 0xDF9F, 0xDF9F, 0xDF9F, 0xDF9F, 0xDF7F, 0xDF7F, 0xDF7F, 0xDF7F,
    0xDF7F, 0xDF7F, 0xDF7F, 0xDF7F, 0xDF9F, 0xD77F, 0xE7FF, 0x428C, 0x0001, 0x08A4, 0x0883, 0x0883, 0x0883, 0x0883, 0x0862, 0x08A4,
    0x08A4, 0x0862, 0x0862, 0x0883, 0x0883, 0x0883, 0x0883, 0x0042, 0x2167, 0xDF7F, 0xDF9F, 0xDF9F, 0xDF9F, 0xDF9F, 0xDF7F, 0xDF9F,
    0xDF9F, 0xDF9F, 0xDF9F, 0xDF9F, 0xDF7F, 0xDF9F, 0xDF9F, 0xDF9F, 0xDF9F, 0xDF9F, 0xDF9F, 0xDF9F, 0xDF9F, 0xDF9F, 0xDF9F, 0xDF9F,
    0xDF9F, 0xDF9F, 0xDF9F, 0xBF1F, 0x6DFF, 0xDF9F, 0x969F, 0xB6FF, 0xE7BF, 0xDF9F, 0xDF9F, 0xDF9F, 0xDF9F, 0xDF9F, 0xDF9F, 0xDF9F,
    0xDF9F, 0xDF9F, 0xDF9F, 0xDF9F, 0xDF9F, 0xDF9F, 0xDF9F, 0xD77F, 0xA6BF, 0x865F, 0x8E5F, 0xA6BF, 0xD77F, 0xE79F, 0xAEFF, 0x8E5F,
    0x8E3F, 0x8E5F, 0xC73F, 0xE79F, 0xDF9F, 0xDF9F, 0xDF9F, 0xDF9F, 0xDF9F, 0xDF9F, 0xDF9F, 0xDF9F, 0xDF9F, 0xDF9F, 0xDF9F, 0xDF9F,
    0xDF9F, 0xDF9F, 0xDF9F, 0xDF9F, 0xDF9F, 0xDF9F, 0xDF9F, 0xDF9F, 0xDF9F, 0xDF9F, 0xDF9F, 0xDF9F, 0xDF9F, 0xDF9F, 0xDF9F, 0xDF9F,
    0xDF9F, 0xDF9F, 0xDF9F, 0xDF9F, 0xDF9F, 0xDF9F, 0xDF9F, 0xDF9F, 0xDF9F, 0xDF9F, 0xDF9F, 0xDF9F, 0xDF9F, 0xDF9F, 0xDF9F, 0xDF7F,
    0xDF7F, 0xDF9F, 0xDF9F, 0xDF9F, 0xDF9F, 0xDF9F, 0xE79F, 0xE79F, 0xE79F, 0xE7BF, 0xE7BF, 0xE7BF, 0xE7BF, 0xE7BF, 0xEFBF, 0xEFBF,
    0xEFBF, 0xEFBF, 0xEFBF, 0xEFBF, 0xEFBF, 0xEFBF, 0xEFBF, 0xE7BF, 0xE7BF, 0xE7BF, 0xE7BF, 0xE79F, 0xE79F, 0xDF9F, 0xDF9F, 0xDF9F,
    0xDF9F, 0xDF9F, 0xDF9F, 0xDF9F, 0xDF9F, 0xDF9F, 0xDF9F, 0xDF9F, 0xDF9F, 0xDF9F, 0xDF9F, 0xDF9F, 0xDF9F, 0xDF9F, 0xDF9F, 0xDF9F,
    0xDF9F, 0xDF9F, 0xDF9F, 0xDF9F, 0xDF9F, 0xDF9F, 0xDF9F, 0xDF9F, 0xDF9F, 0xDF9F, 0xDF9F, 0xDF9F, 0xDF9F, 0xDF9F, 0xDF9F, 0xDF9F,
    0xDF9F, 0xDF9F, 0xDF9F, 0xDF9F, 0xDF9F, 0xDF9F, 0xDF9F, 0xDF9F, 0xDF9F, 0xDF9F, 0xDF9F, 0xDF9F, 0xDF9F, 0xDF9F, 0xDF9F, 0xDF9F,
    0xDF7F, 0xDF7F, 0xDF7F, 0xDF7F, 0xDF9F, 0xDF9F, 0xDF9F, 0xDF9F, 0xDF9F, 0xDF9F, 0xDF9F, 0xDF9F, 0xDF9F, 0xDF7F, 0xDF7F, 0xDF9F,
    0xDF9F, 0xDF9F, 0xDF7F, 0xDF7F, 0xDF7F, 0xDF9F, 0xD77F, 0xD77F, 0xD77F, 0xDF9F, 0xDF7F, 0xD77F, 0xD77F, 0xDF7F, 0xDF9F, 0xDF7F,
    0xDF7F, 0xDF7F, 0xDF7F, 0xDF7F, 0xDF9F, 0xD77F, 0xE7FF, 0x428C, 0x0001, 0x08A4, 0x0883, 0x0883, 0x0883, 0x0883, 0x0862, 0x08A4,
    0x08A4, 0x0862, 0x0862, 0x0883, 0x0883, 0x0883, 0x0883, 0x0042, 0x2167, 0xDF7F, 0xDF9F, 0xDF7F, 0xDF7F, 0xDF9F, 0xDF9F, 0xDF9F,
    0xDF9F, 0xDF9F, 0xDF7F, 0xDF7F, 0xDF9F, 0xDF9F, 0xDF7F, 0xDF9F, 0xDF9F, 0xDF7F, 0xDF7F, 0xDF9F, 0xDF9F, 0xDF9F, 0xDF7F, 0xDF7F,
    0xDF9F, 0xDF9F, 0xE7BF, 0xAEDF, 0x7E1F, 0xEFBF, 0xA6BF, 0x9E9F, 0xE7BF, 0xDF9F, 0xDF9F, 0xDF9F, 0xDF9F, 0xDF9F, 0xDF9F, 0xDF9F,
    0xDF9F, 0xDF7F, 0xDF9F, 0xDF9F, 0xDF9F, 0xDF9F, 0xDF9F, 0x967F, 0x75FF, 0x7E1F, 0x7E3F, 0x761F, 0x967F, 0xA6BF, 0x7E1F, 0x863F,
    0x7E3F, 0x75FF, 0x7E1F, 0xCF5F, 0xE79F, 0xDF9F, 0xDF9F, 0xDF9F, 0xDF9F, 0xDF9F, 0xDF9F, 0xDF9F, 0xDF9F, 0xDF9F, 0xDF9F, 0xDF9F,
    0xDF9F, 0xDF9F, 0xDF9F, 0xDF9F, 0xDF9F, 0xDF9F, 0xDF9F, 0xDF9F, 0xDF9F, 0xDF9F, 0xDF9F, 0xDF9F, 0xDF9F, 0xDF9F, 0xDF9F, 0xDF9F,
    0xDF9F, 0xDF9F, 0xDF9F, 0xDF9F, 0xDF7F, 0xDF9F, 0xDF9F, 0xDF9F, 0xDF9F, 0xDF9F, 0xDF9F, 0xDF9F, 0xDF7F, 0xDF9F, 0xDF9F, 0xDF9F,
    0xDF9F, 0xDF9F, 0xDF9F, 0xDF9F, 0xDF9F, 0xDF9F, 0xDF7F, 0xDF7F, 0xDF7F, 0xDF7F, 0xDF9F, 0xDF9F, 0xDF7F, 0xDF7F, 0xDF7F, 0xDF9F,
    0xDF9F, 0xDF9F, 0xDF9F, 0xDF9F, 0xDF9F, 0xDF9F, 0xDF9F, 0xDF9F, 0xDF9F, 0xDF7F, 0xDF7F, 0xDF7F, 0xDF9F, 0xDF9F, 0xDF9F, 0xDF9F,
    0xDF9F, 0xDF9F, 0xDF9F, 0xDF9F, 0xDF9F, 0xDF9F, 0xDF9F, 0xDF9F, 0xDF9F, 0xDF9F, 0xDF9F, 0xDF9F, 0xDF9F, 0xDF9F, 0xDF9F, 0xDF9F,
    0xDF9F, 0xDF9F, 0xDF9F, 0xDF9F, 0xDF9F, 0xDF9F, 0xDF9F, 0xDF9F, 0xDF9F, 0xDF9F, 0xDF9F, 0xDF7F, 0xDF9F, 0xDF9F, 0xDF9F, 0xDF9F,
    0xDF9F, 0xDF9F, 0xDF9F, 0xDF9F, 0xDF9F, 0xDF9F, 0xDF9F, 0xDF9F, 0xDF9F, 0xDF9F, 0xDF9F, 0xDF9F, 0xDF9F, 0xDF7F, 0xDF7F, 0xDF7F,
    0xDF9F, 0xDF9F, 0xDF7F, 0xDF7F, 0xDF9F, 0xDF9F, 0xDF9F, 0xDF7F, 0xDF9F, 0xDF9F, 0xDF9F, 0xDF9F, 0xDF9F, 0xDF7F, 0xDF9F, 0xDF9F,
    0xDF7F, 0xDF7F, 0xDF7F, 0xDF7F, 0xDF7F, 0xDF9F, 0xE7BF, 0xEFBF, 0xE7BF, 0xDF9F, 0xE7BF, 0xEFBF, 0xEFBF, 0xDF9F, 0xD77F, 0xDF9F,
    0xDF7F, 0xDF9F, 0xDF7F, 0xDF7F, 0xDF7F, 0xD77F, 0xE7FF, 0x428C, 0x0001, 0x08A4, 0x0883, 0x0883, 0x0883, 0x0883, 0x0862, 0x08A4,
    0x08A4, 0x0862, 0x0862, 0x0883, 0x0883, 0x0883, 0x0883, 0x0022, 0x2147, 0xDF7F, 0xDF9F, 0xDF7F, 0xDF9F, 0xDF9F, 0xDF9F, 0xDF9F,
    0xDF9F, 0xDF9F, 0xDF9F, 0xDF9F, 0xDF9F, 0xDF9F, 0xDF9F, 0xDF9F, 0xDF9F, 0xDF9F, 0xDF9F, 0xDF9F, 0xDF9F, 0xE79F, 0x8E7F, 0xA6BF,
    0xE79F, 0xD77F, 0xE7BF, 0x9E7F, 0x967F, 0xEFDF, 0xAEDF, 0x8E5F, 0xE79F, 0xDF9F, 0xDF9F, 0xD77F, 0xCF5F, 0xDF9F, 0xDF9F, 0xDF9F,
    0xDF9F, 0xDF9F, 0xDF9F, 0xDF9F, 0xDF9F, 0xE79F, 0xBF1F, 0x75FF, 0x863F, 0x7E3F, 0x863F, 0x863F, 0x7E3F, 0x7E1F, 0x863F, 0x7E3F,
    0x7E3F, 0x863F, 0x761F, 0xA6BF, 0xE79F, 0xDF7F, 0xDF9F, 0xDF9F, 0xDF9F, 0xDF9F, 0xDF9F, 0xDF9F, 0xDF9F, 0xDF9F, 0xDF9F, 0xDF9F,
    0xDF9F, 0xDF9F, 0xDF9F, 0xDF9F, 0xDF9F, 0xDF9F, 0xDF9F, 0xDF9F, 0xDF9F, 0xDF9F, 0xDF9F, 0xDF9F, 0xDF9F, 0xDF9F, 0xDF9F, 0xDF9F,
    0xDF9F, 0xDF9F, 0xDF9F, 0xDF9F, 0xDF9F, 0xDF9F, 0xDF9F, 0xDF9F, 0xDF9F, 0xDF9F, 0xDF9F, 0xDF9F, 0xDF9F, 0xDF7F, 0xDF9F, 0xDF9F,
    0xDF9F, 0xDF9F, 0xDF9F, 0xDF9F, 0xDF9F, 0xDF9F, 0xDF9F, 0xDF9F, 0xDF9F, 0xDF9F, 0xDF9F, 0xDF9F, 0xDF9F, 0xDF9F, 0xDF9F, 0xDF9F,
    0xDF9F, 0xDF9F, 0xDF9F, 0xDF9F, 0xDF9F, 0xDF9F, 0xDF9F, 0xDF9F, 0xDF9F, 0xDF9F, 0xDF9F, 0xDF9F, 0xDF9F, 0xDF9F, 0xDF9F, 0xDF9F,
    0xDF9F, 0xDF9F, 0xDF9F, 0xDF9F, 0xDF9F, 0xDF9F, 0xDF9F, 0xDF9F, 0xDF9F, 0xDF9F, 0xDF9F, 0xDF9F, 0xDF9F, 0xDF9F, 0xDF9F, 0xDF9F,
    0xDF9F, 0xDF9F, 0xDF9F, 0xDF9F, 0xDF9F, 0xDF9F, 0xDF9F, 0xDF9F, 0xDF9F, 0xDF9F, 0xDF7F, 0xDF7F, 0xDF9F, 0xDF9F, 0xDF9F, 0xDF9F,
    0xDF9F, 0xDF9F, 0xDF9F, 0xDF9F, 0xDF9F, 0xDF9F, 0xDF9F, 0xDF9F, 0xDF9F, 0xDF9F, 0xDF9F, 0xDF9F, 0xDF9F, 0xDF7F, 0xDF9F, 0xDF7F,
    0xDF9F, 0xDF7F, 0xDF9F, 0xDF7F, 0xDF9F, 0xDF9F, 0xDF9F, 0xDF9F, 0xDF9F, 0xDF9F, 0xDF9F, 0xDF7F, 0xDF7F, 0xDF9F, 0xDF9F, 0xDF9F,
    0xDF7F, 0xDF9F, 0xDF7F, 0xD77F, 0xD77F, 0xDF9F, 0x9EBF, 0x661F, 0x7E7F, 0xD79F, 0xBF3F, 0x6E3F, 0x6E3F, 0xBF3F, 0xE79F, 0xD77F,
    0xDF9F, 0xDF9F, 0xDF9F, 0xDF9F, 0xDF7F, 0xD77F, 0xE7FF, 0x428D, 0x0001, 0x08A4, 0x0883, 0x0883, 0x0883, 0x0883, 0x0862, 0x08A4,
    0x08A4, 0x0862, 0x0862, 0x0883, 0x0883, 0x0883, 0x0883, 0x0022, 0x2147, 0xDF7F, 0xDF9F, 0xDF9F, 0xDF9F, 0xDF7F, 0xDF9F, 0xDF9F,
    0xDF9F, 0xDF9F, 0xDF9F, 0xDF9F, 0xDF9F, 0xDF9F, 0xDF9F, 0xDF9F, 0xDF9F, 0xDF9F, 0xDF9F, 0xDF7F, 0xE79F, 0xC73F, 0x761F, 0x967F,
    0xD77F, 0xD77F, 0xDF9F, 0x8E5F, 0xB6FF, 0xE7BF, 0xC71F, 0x863F, 0xDF9F, 0xDF9F, 0xDF9F, 0x9EBF, 0x7E1F, 0xCF5F, 0xDF9F, 0xDF9F,
    0xDF9F, 0xDF9F, 0xDF9F, 0xDF7F, 0xDF7F, 0xDF9F, 0xA6BF, 0x7E1F, 0x863F, 0x863F, 0x863F, 0x863F, 0x863F, 0x863F, 0x7E3F, 0x7E3F,
    0x7E3F, 0x863F, 0x7E3F, 0x967F, 0xDF9F, 0xDF7F, 0xDF9F, 0xDF9F, 0xDF9F, 0xDF9F, 0xDF9F, 0xDF9F, 0xDF9F, 0xDF9F, 0xDF9F, 0xDF9F,
    0xDF9F, 0xDF9F, 0xDF9F, 0xDF9F, 0xDF9F, 0xDF9F, 0xDF9F, 0xDF9F, 0xDF9F, 0xDF9F, 0xDF9F, 0xDF9F, 0xDF9F, 0xDF9F, 0xDF9F, 0xDF9F,
    0xDF9F, 0xDF9F, 0xDF9F, 0xDF9F, 0xDF9F, 0xDF7F, 0xDF9F, 0xDF9F, 0xDF9F, 0xDF9F, 0xDF9F, 0xDF9F, 0xDF9F, 0xDF9F, 0xDF9F, 0xDF9F,
    0xDF9F, 0xDF9F, 0xDF9F, 0xDF9F, 0xDF9F, 0xDF9F, 0xDF9F, 0xDF9F, 0xDF9F, 0xDF9F, 0xDF9F, 0xDF9F, 0xDF9F, 0xDF9F, 0xDF9F, 0xDF9F,
    0xDF9F, 0xDF9F, 0xDF9F, 0xDF9F, 0xDF9F, 0xDF9F, 0xDF9F, 0xDF9F, 0xDF9F, 0xDF9F, 0xDF9F, 0xDF9F, 0xDF9F, 0xDF9F, 0xDF9F, 0xDF9F,
    0xDF9F, 0xDF9F, 0xDF9F, 0xDF9F, 0xDF9F, 0xDF7F, 0xDF9F, 0xDF9F, 0xDF9F, 0xDF9F, 0xDF9F, 0xDF9F, 0xDF9F, 0xDF9F, 0xDF9F, 0xDF9F,
    0xDF9F, 0xDF7F, 0xDF9F, 0xDF9F, 0xDF9F, 0xDF9F, 0xDF9F, 0xDF9F, 0xDF9F, 0xDF9F, 0xDF7F, 0xDF7F, 0xDF7F, 0xDF9F, 0xDF9F, 0xDF9F,
    0xDF9F, 0xDF7F, 0xDF7F, 0xDF9F, 0xDF9F, 0xDF9F, 0xDF9F, 0xDF9F, 0xDF9F, 0xDF9F, 0xDF9F, 0xDF9F, 0xDF9F, 0xDF7F, 0xDF7F, 0xDF7F,
    0xDF9F, 0xDF9F, 0xDF7F, 0xDF7F, 0xDF9F, 0xDF9F, 0xDF9F, 0xDF7F, 0xDF7F, 0xDF7F, 0xDF9F, 0xDF9F, 0xDF9F, 0xDF9F, 0xDF7F, 0xDF9F,
    0xDF7F, 0xDF7F, 0xDF7F, 0xD77F, 0xE79F, 0x6E1F, 0x3D7F, 0x8E9F, 0x4DBF, 0x2D5F, 0x459F, 0x867F, 0x6E3F, 0x2D3F, 0xB71F, 0xDF9F,
    0xD77F, 0xDF7F, 0xDF9F, 0xDF9F, 0xDF7F, 0xD77F, 0xE7FF, 0x428C, 0x0001, 0x08A4, 0x0883, 0x0883, 0x0883, 0x0883, 0x0862, 0x08A4,
    0x08A4, 0x0862, 0x0062, 0x0883, 0x0883, 0x0883, 0x0883, 0x0022, 0x2147, 0xDF7F, 0xDF9F, 0xDF9F, 0xDF9F, 0xDF9F, 0xDF9F, 0xDF9F,
    0xDF9F, 0xDF9F, 0xDF9F, 0xDF9F, 0xDF9F, 0xDF9F, 0xDF9F, 0xDF9F, 0xDF9F, 0xDF9F, 0xDF9F, 0xDF9F, 0xDF9F, 0x865F, 0x969F, 0x8E5F,
    0xC73F, 0xDF9F, 0xD77F, 0x863F, 0xCF5F, 0xDF9F, 0xCF5F, 0x7E1F, 0xCF5F, 0xDF9F, 0xCF5F, 0x7E1F, 0x863F, 0x9E9F, 0xDF9F, 0xD77F,
    0xDF9F, 0xDF9F, 0xDF9F, 0xD77F, 0xD77F, 0xE79F, 0xAEDF, 0x7E1F, 0x863F, 0x863F, 0x863F, 0x863F, 0x863F, 0x863F, 0x7E3F, 0x7E3F,
    0x7E3F, 0x863F, 0x7E3F, 0x967F, 0xDF9F, 0xDF9F, 0xDF9F, 0xD77F, 0xD77F, 0xDF7F, 0xDF7F, 0xDF7F, 0xDF9F, 0xDF9F, 0xDF9F, 0xDF9F,
    0xDF9F, 0xDF9F, 0xDF9F, 0xDF9F, 0xDF9F, 0xDF9F, 0xDF9F, 0xDF9F, 0xDF9F, 0xDF9F, 0xDF9F, 0xDF9F, 0xDF9F, 0xDF9F, 0xDF9F, 0xDF9F,
    0xDF9F, 0xDF9F, 0xDF9F, 0xDF9F, 0xDF9F, 0xDF9F, 0xDF9F, 0xDF9F, 0xDF9F, 0xDF9F, 0xDF9F, 0xDF9F, 0xDF9F, 0xDF9F, 0xDF9F, 0xDF9F,
    0xDF9F, 0xDF9F, 0xDF9F, 0xDF9F, 0xDF9F, 0xDF9F, 0xDF9F, 0xDF9F, 0xDF9F, 0xDF9F, 0xDF9F, 0xDF9F, 0xDF9F, 0xDF9F, 0xDF9F, 0xDF9F,
    0xDF9F, 0xDF9F, 0xDF9F, 0xDF9F, 0xDF9F, 0xDF9F, 0xDF9F, 0xDF9F, 0xDF9F, 0xDF9F, 0xDF9F, 0xDF9F, 0xDF9F, 0xDF9F, 0xDF9F, 0xDF9F,
    0xDF9F, 0xDF9F, 0xDF9F, 0xDF9F, 0xDF9F, 0xDF9F, 0xDF9F, 0xDF9F, 0xDF9F, 0xDF9F, 0xDF9F, 0xDF9F, 0xDF9F, 0xDF9F, 0xDF9F, 0xDF9F,
    0xDF9F, 0xE79F, 0xDF9F, 0xDF9F, 0xE7BF, 0xE7BF, 0xDF9F, 0xDF9F, 0xDF7F, 0xDF7F, 0xDF7F, 0xE7BF, 0xE79F, 0xDF9F, 0xDF7F, 0xDF7F,
    0xDF9F, 0xDF9F, 0xDF9F, 0xD77F, 0xE7BF, 0xE79F, 0xDF9F, 0xDF9F, 0xDF9F, 0xDF9F, 0xDF9F, 0xDF9F, 0xDF7F, 0xDF9F, 0xDF9F, 0xDF7F,
    0xDF9F, 0xDF9F, 0xE79F, 0xDF9F, 0xDF7F, 0xDF7F, 0xDF9F, 0xDF9F, 0xDF9F, 0xDF9F, 0xD77F, 0xDF9F, 0xDF9F, 0xDF9F, 0xDF7F, 0xD77F,
    0xDF7F, 0xDF7F, 0xDF7F, 0xE79F, 0xC73F, 0x2D7F, 0xBF5F, 0xEFDF, 0xDF9F, 0x5DFF, 0xAEFF, 0xEFDF, 0xEFDF, 0x7E5F, 0x55DF, 0xE7BF,
    0xD77F, 0xDF9F, 0xDF9F, 0xDF9F, 0xDF7F, 0xD77F, 0xE7FF, 0x428C, 0x0001, 0x08A4, 0x0883, 0x0883, 0x0883, 0x0883, 0x0862, 0x08A4,
    0x08A4, 0x0862, 0x0062, 0x0883, 0x0883, 0x0883, 0x0883, 0x0042, 0x1947, 0xBF1F, 0xBF1F, 0xBF1F, 0xC73F, 0xBF3F, 0xBF3F, 0xC73F,
    0xBF1F, 0x865F, 0x863F, 0x863F, 0x863F, 0x863F, 0x865F, 0x863F, 0x863F, 0x863F, 0x863F, 0x865F, 0x7E3F, 0x761F, 0xD77F, 0x8E5F,
    0xAEFF, 0xEFBF, 0xC73F, 0x8E5F, 0xDF9F, 0xDF9F, 0xDF7F, 0x7E3F, 0xAEDF, 0xE7BF, 0xB6FF, 0x761F, 0xCF5F, 0x8E5F, 0x863F, 0x7E1F,
    0x7E1F, 0x863F, 0x7E1F, 0x967F, 0xDF9F, 0xE79F, 0xC73F, 0x7E1F, 0x863F, 0x863F, 0x863F, 0x7E3F, 0x863F, 0x863F, 0x7E3F, 0x7E3F,
    0x863F, 0x863F, 0x761F, 0xA6BF, 0xE7BF, 0xDF9F, 0xAEFF, 0x761F, 0x863F, 0x863F, 0x863F, 0x7E3F, 0x863F, 0x7E3F, 0x8E5F, 0xDF7F,
    0xDF9F, 0xDF9F, 0xDF9F, 0xDF9F, 0xDF9F, 0xDF9F, 0xDF9F, 0xDF9F, 0xDF9F, 0xDF9F, 0xDF9F, 0xDF9F, 0xDF9F, 0xDF9F, 0xDF9F, 0xDF9F,
    0xDF9F, 0xDF9F, 0xDF9F, 0xDF9F, 0xDF9F, 0xDF9F, 0xDF9F, 0xDF9F, 0xDF9F, 0xDF9F, 0xDF9F, 0xDF9F, 0xDF9F, 0xDF9F, 0xDF7F, 0xDF9F,
    0xDF9F, 0xDF9F, 0xDF9F, 0xDF9F, 0xDF9F, 0xDF9F, 0xDF9F, 0xDF9F, 0xDF9F, 0xDF9F, 0xDF9F, 0xDF9F, 0xDF9F, 0xDF9F, 0xDF9F, 0xDF9F,
    0xDF9F, 0xDF7F, 0xDF9F, 0xDF9F, 0xDF9F, 0xDF9F, 0xDF9F, 0xDF9F, 0xDF9F, 0xDF9F, 0xDF9F, 0xDF9F, 0xDF9F, 0xDF9F, 0xDF9F, 0xDF9F,
    0xDF9F, 0xDF9F, 0xDF9F, 0xDF9F, 0xDF9F, 0xDF9F, 0xDF9F, 0xDF9F, 0xDF9F, 0xDF9F, 0xDF9F, 0xDF9F, 0xDF9F, 0xDF9F, 0xDF9F, 0xDF9F,
    0xE7BF, 0xC71F, 0xCF3F, 0xDFBF, 0xC71F, 0xB6DF, 0xDF9F, 0xDF9F, 0xE7BF, 0xDF9F, 0xE7BF, 0xC6FF, 0xD75F, 0xEFDF, 0xE7BF, 0xDF9F,
    0xDF9F, 0xCF3F, 0xBF1F, 0xEFDF, 0xC71F, 0xDF9F, 0xDFBF, 0xDF9F, 0x9E9F, 0xCF3F, 0xE7BF, 0xE7BF, 0xDF9F, 0xDF9F, 0xDF9F, 0xE7BF,
    0xDFBF, 0xDF9F, 0x8E3F, 0xCF3F, 0xE7BF, 0xE7BF, 0xDF9F, 0xDF9F, 0xBEFF, 0xCF5F, 0xE7DF, 0xDF9F, 0xE7BF, 0xDF9F, 0xDF9F, 0xE7BF,
    0xDF9F, 0xDF7F, 0xD77F, 0xEFBF, 0xAEFF, 0x45DF, 0xDF9F, 0xD77F, 0xD77F, 0xDF9F, 0xDF9F, 0xD77F, 0xDF9F, 0xB71F, 0x4D9F, 0xDF9F,
    0xDF7F, 0xDF9F, 0xDF9F, 0xDF9F, 0xDF9F, 0xD77F, 0xE7FF, 0x428C, 0x0001, 0x08A4, 0x0883, 0x0883, 0x0883, 0x0883, 0x0862, 0x08A4,
    0x08A4, 0x0862, 0x0862, 0x0883, 0x0883, 0x0883, 0x0883, 0x0022, 0x2147, 0xCF3F, 0xCF5F, 0xCF5F, 0xCF5F, 0xCF5F, 0xCF5F, 0xCF5F,
    0xCF5F, 0xB6FF, 0xB6FF, 0xB6FF, 0xB6FF, 0xB6FF, 0xB6FF, 0xB6FF, 0xB6FF, 0xAEFF, 0xB6FF, 0xB6FF, 0xB6FF, 0xBF3F, 0xDFBF, 0xA6BF,
    0x969F, 0xEFBF, 0xA6BF, 0x967F, 0xE7BF, 0xDF7F, 0xE79F, 0x8E5F, 0x967F, 0xEFDF, 0x9E9F, 0x969F, 0xE7BF, 0xCF5F, 0xBF1F, 0xB6FF,
    0xB6FF, 0xBF1F, 0xB6FF, 0xC73F, 0xDF9F, 0xDF9F, 0xDF9F, 0x967F, 0x7E1F, 0x863F, 0x7E3F, 0x7E3F, 0x863F, 0x863F, 0x863F, 0x863F,
    0x863F, 0x7E3F, 0x7E1F, 0xCF5F, 0xDF9F, 0xDF7F, 0xC75F, 0xB6FF, 0xBF1F, 0xBF1F, 0xBF1F, 0xBF1F, 0xBF1F, 0xBF1F, 0xC73F, 0xDF9F,
    0xDF9F, 0xDF9F, 0xDF9F, 0xDF9F, 0xDF9F, 0xDF9F, 0xDF9F, 0xDF9F, 0xDF9F, 0xDF9F, 0xDF9F, 0xDF9F, 0xDF9F, 0xDF9F, 0xDF9F, 0xDF9F,
    0xDF9F, 0xDF9F, 0xDF9F, 0xDF9F, 0xDF9F, 0xDF9F, 0xDF9F, 0xDF9F, 0xDF9F, 0xDF9F, 0xDF9F, 0xDF7F, 0xDF7F, 0xDF9F, 0xDF9F, 0xDF9F,
    0xDF9F, 0xDF9F, 0xDF9F, 0xDF9F, 0xDF9F, 0xDF9F, 0xDF9F, 0xDF9F, 0xDF9F, 0xDF9F, 0xDF9F, 0xDF9F, 0xDF9F, 0xDF9F, 0xDF9F, 0xDF9F,
    0xDF9F, 0xDF9F, 0xDF9F, 0xDF9F, 0xDF9F, 0xDF9F, 0xDF9F, 0xDF9F, 0xDF9F, 0xDF9F, 0xDF9F, 0xDF9F, 0xDF9F, 0xDF9F, 0xDF9F, 0xDF9F,
    0xDF9F, 0xDF9F, 0xDF9F, 0xDF9F, 0xDF9F, 0xDF9F, 0xDF9F, 0xDF9F, 0xDF9F, 0xDF9F, 0xDF9F, 0xDF9F, 0xDF9F, 0xDF9F, 0xDF9F, 0xDF7F,
    0xE7BF, 0xAEBF, 0x963F, 0xCF7F, 0x85FF, 0x9E7F, 0xC71F, 0xE7BF, 0xBF1F, 0xB6FF, 0xC75F, 0xBEFF, 0xB6BF, 0xBEFF, 0xAEBF, 0xAEBF,
    0xE7DF, 0xAEBF, 0xA69F, 0xDF7F, 0x75DE, 0x8E3E, 0xC73F, 0xDF9F, 0x861F, 0xC71F, 0xEFDF, 0xB6DF, 0xCF5F, 0xDF9F, 0xDF9F, 0xAEBF,
    0xA6BF, 0xC75F, 0xAEDF, 0xC71F, 0xDF7F, 0xAEDF, 0xCF5F, 0xE7BF, 0x861E, 0x7DFE, 0xC73F, 0xDF9F, 0xAEBF, 0xBF1F, 0xC75F, 0xA6BF,
    0xC73F, 0xE79F, 0xD77F, 0xE79F, 0xC73F, 0x357F, 0xD77F, 0xDF9F, 0xD79F, 0xD77F, 0xD77F, 0xD77F, 0xEFDF, 0x7E5F, 0x5DFF, 0xE7BF,
    0xD77F, 0xDF7F, 0xDF9F, 0xDF7F, 0xDF7F, 0xD77F, 0xE7FF, 0x428C, 0x0001, 0x08A4, 0x0883, 0x0883, 0x0883, 0x0883, 0x0862, 0x08A4,
    0x08A4, 0x0862, 0x0862, 0x0883, 0x0883, 0x0883, 0x0883, 0x0022, 0x2167, 0xDF7F, 0xDF9F, 0xDF9F, 0xDF9F, 0xDF9F, 0xDF9F, 0xDF9F,
    0xDF9F, 0xE79F, 0xE79F, 0xE7BF, 0xE7BF, 0xE7BF, 0xE7BF, 0xE7BF, 0xE7BF, 0xE7BF, 0xE7BF, 0xE7BF, 0xE7BF, 0xDF9F, 0xDF9F, 0xC73F,
    0x7E1F, 0xD77F, 0x863F, 0x9E9F, 0xE7BF, 0xDF7F, 0xE7BF, 0xA6BF, 0x8E5F, 0xE7BF, 0x8E5F, 0xBF1F, 0xE79F, 0xDF9F, 0xE79F, 0xE79F,
    0xE79F, 0xE79F, 0xE79F, 0xE79F, 0xDF9F, 0xDF7F, 0xDF9F, 0xCF5F, 0x863F, 0x7E1F, 0x863F, 0x863F, 0x863F, 0x863F, 0x863F, 0x863F,
    0x863F, 0x761F, 0xB6FF, 0xE79F, 0xDF7F, 0xDF7F, 0xDF9F, 0xE79F, 0xE79F, 0xE79F, 0xE79F, 0xE79F, 0xE79F, 0xE79F, 0xE79F, 0xDF9F,
    0xDF9F, 0xDF9F, 0xDF9F, 0xDF9F, 0xDF9F, 0xDF9F, 0xDF9F, 0xDF9F, 0xDF7F, 0xDF9F, 0xDF9F, 0xDF9F, 0xDF9F, 0xDF9F, 0xDF9F, 0xDF9F,
    0xDF9F, 0xDF9F, 0xDF9F, 0xDF9F, 0xDF9F, 0xDF9F, 0xDF9F, 0xDF9F, 0xDF9F, 0xDF9F, 0xDF7F, 0xDF9F, 0xDF7F, 0xDF9F, 0xDF9F, 0xDF9F,
    0xDF9F, 0xDF9F, 0xDF9F, 0xDF9F, 0xDF9F, 0xDF9F, 0xDF9F, 0xDF9F, 0xDF9F, 0xDF9F, 0xDF9F, 0xDF9F, 0xDF9F, 0xDF9F, 0xDF9F, 0xDF9F,
    0xDF9F, 0xDF9F, 0xDF9F, 0xDF9F, 0xDF9F, 0xDF9F, 0xDF9F, 0xDF9F, 0xDF9F, 0xDF9F, 0xDF9F, 0xDF9F, 0xDF9F, 0xDF9F, 0xDF9F, 0xDF9F,
    0xDF9F, 0xDF9F, 0xDF9F, 0xDF9F, 0xDF9F, 0xDF9F, 0xDF9F, 0xDF9F, 0xDF9F, 0xDF9F, 0xDF9F, 0xDF9F, 0xDF9F, 0xDF9F, 0xDF9F, 0xDF9F,
    0xDF9F, 0xD77F, 0x8E1E, 0x965F, 0xA69F, 0x967F, 0xB6FF, 0xD79F, 0x5D5E, 0x965E, 0x861F, 0xC73F, 0x963E, 0x85FE, 0x85FE, 0x9E7F,
    0xE7BF, 0xBEFF, 0x6D9E, 0xA69E, 0x7DFE, 0x75BE, 0x7DDE, 0x861E, 0x9E7E, 0x963E, 0x965E, 0x75BE, 0x6D7E, 0xDF9F, 0x9E9F, 0x75DE,
    0xA6BF, 0x7DFE, 0xCF5F, 0x8E3E, 0xAEDF, 0x659E, 0x7E1F, 0xEFDF, 0x8E5F, 0x8E3E, 0x861E, 0x9E7F, 0x6DBE, 0x6D9E, 0x7E1F, 0x75DF,
    0x7E1F, 0xDF7F, 0xDF9F, 0xD77F, 0xE7BF, 0x55DF, 0x65FF, 0xEFDF, 0xD79F, 0xD79F, 0xD77F, 0xE7BF, 0xBF1F, 0x251F, 0xB71F, 0xE7BF,
    0xD77F, 0xDF7F, 0xDF7F, 0xDF9F, 0xDF7F, 0xD77F, 0xE7FF, 0x428C, 0x0001, 0x08A4, 0x0883, 0x0883, 0x0883, 0x0883, 0x0862, 0x08A4,
    0x08A4, 0x0862, 0x0862, 0x0883, 0x0883, 0x0883, 0x0883, 0x0042, 0x2167, 0xDF7F, 0xDF9F, 0xDF9F, 0xDF9F, 0xDF7F, 0xDF7F, 0xDF9F,
    0xDF7F, 0xDF7F, 0xDF7F, 0xDF7F, 0xDF9F, 0xDF9F, 0xDF9F, 0xDF7F, 0xDF7F, 0xDF7F, 0xDF7F, 0xDF7F, 0xDF9F, 0xDF9F, 0xDF9F, 0xD77F,
    0x7E1F, 0xBF1F, 0x75FF, 0xAEDF, 0xE7BF, 0xDF7F, 0xE79F, 0xBF1F, 0x8E5F, 0xCF5F, 0x861F, 0xD77F, 0xDF9F, 0xDF7F, 0xDF7F, 0xDF7F,
    0xDF7F, 0xDF7F, 0xDF7F, 0xDF7F, 0xDF7F, 0xDF7F, 0xDF7F, 0xE79F, 0xC73F, 0x7E3F, 0x7E1F, 0x863F, 0x863F, 0x863F, 0x863F, 0x863F,
    0x761F, 0xAEDF, 0xE79F, 0xDF7F, 0xDF9F, 0xDF9F, 0xDF9F, 0xDF7F, 0xDF7F, 0xDF7F, 0xDF7F, 0xDF7F, 0xDF7F, 0xDF7F, 0xDF7F, 0xDF9F,
    0xDF9F, 0xDF9F, 0xDF9F, 0xDF7F, 0xDF7F, 0xDF9F, 0xDF9F, 0xDF7F, 0xDF9F, 0xDF9F, 0xDF9F, 0xDF7F, 0xDF9F, 0xDF9F, 0xDF9F, 0xDF9F,
    0xDF9F, 0xDF9F, 0xDF9F, 0xDF9F, 0xDF9F, 0xDF9F, 0xDF9F, 0xDF9F, 0xDF9F, 0xDF9F, 0xDF9F, 0xDF9F, 0xDF7F, 0xDF9F, 0xDF9F, 0xDF9F,
    0xDF9F, 0xDF9F, 0xDF9F, 0xDF9F, 0xDF9F, 0xDF9F, 0xDF9F, 0xDF9F, 0xDF9F, 0xDF9F, 0xDF9F, 0xDF9F, 0xDF9F, 0xDF9F, 0xDF9F, 0xDF9F,
    0xDF9F, 0xDF9F, 0xDF9F, 0xDF9F, 0xDF9F, 0xDF9F, 0xDF9F, 0xDF9F, 0xDF9F, 0xDF9F, 0xDF9F, 0xDF9F, 0xDF9F, 0xDF9F, 0xDF9F, 0xDF9F,
    0xDF9F, 0xDF9F, 0xDF9F, 0xDF9F, 0xDF9F, 0xDF9F, 0xDF9F, 0xDF9F, 0xDF9F, 0xDF9F, 0xDF9F, 0xDF9F, 0xDF9F, 0xDF7F, 0xDF9F, 0xDF9F,
    0xDF7F, 0xE7BF, 0x963E, 0x553E, 0xDF9F, 0x85FF, 0xBEFF, 0xD79F, 0x861E, 0x75BE, 0x861E, 0x9E7F, 0x7DDE, 0x75DE, 0x9E9F, 0xC73F,
    0xE7BF, 0xB6DF, 0x4D3E, 0x9E9F, 0x75DE, 0xB6FF, 0x861E, 0x6DBE, 0xB6FF, 0x8E3E, 0x75BE, 0x7DFE, 0x861E, 0xDF9F, 0x861E, 0x8E3F,
    0xD77F, 0x861E, 0x9E7E, 0x75BE, 0x7DFE, 0x6D9E, 0x6DBF, 0xF7FF, 0x8E3E, 0x9E7E, 0x9E7E, 0x6DBE, 0x75DE, 0x657E, 0x6DDF, 0xBF1F,
    0x7E1F, 0xCF3F, 0xDF9F, 0xD77F, 0xDF9F, 0xD77F, 0x3D7F, 0x65FF, 0xE7BF, 0xDF9F, 0xE7BF, 0xBF3F, 0x253F, 0x8E9F, 0xE7BF, 0xD77F,
    0xDF7F, 0xDF7F, 0xDF7F, 0xDF7F, 0xD77F, 0xD77F, 0xE7FF, 0x428C, 0x0001, 0x08A4, 0x0883, 0x0883, 0x0883, 0x0883, 0x0862, 0x08A4,
    0x08A4, 0x0862, 0x0862, 0x0883, 0x0883, 0x0883, 0x0883, 0x0042, 0x2167, 0xDF7F, 0xDF9F, 0xDF9F, 0xDF9F, 0xDF9F, 0xDF9F, 0xDF9F,
    0xDF9F, 0xDF9F, 0xDF7F, 0xDF9F, 0xDF9F, 0xDF9F, 0xDF9F, 0xDF9F, 0xDF9F, 0xDF9F, 0xDF9F, 0xDF9F, 0xDF9F, 0xDF9F, 0xDF7F, 0xDF9F,
    0x967F, 0x967F, 0x7E1F, 0xC73F, 0xDF9F, 0xDF9F, 0xDF9F, 0xCF5F, 0x865F, 0x967F, 0x8E5F, 0xDF9F, 0xDF7F, 0xDF9F, 0xDF7F, 0xDF9F,
    0xDF9F, 0xDF7F, 0xDF9F, 0xDF9F, 0xDF7F, 0xDF7F, 0xDF9F, 0xDF7F, 0xE79F, 0xCF5F, 0x8E5F, 0x7E3F, 0x863F, 0x863F, 0x863F, 0x7E3F,
    0xB71F, 0xE7BF, 0xDF7F, 0xDF9F, 0xDF9F, 0xDF9F, 0xDF9F, 0xDF9F, 0xDF9F, 0xDF7F, 0xDF7F, 0xDF9F, 0xDF9F, 0xDF7F, 0xDF9F, 0xDF9F,
    0xDF7F, 0xDF9F, 0xDF9F, 0xDF9F, 0xDF7F, 0xDF9F, 0xDF7F, 0xDF9F, 0xDF7F, 0xDF7F, 0xDF9F, 0xDF9F, 0xDF9F, 0xDF9F, 0xDF9F, 0xDF9F,
    0xDF9F, 0xDF9F, 0xDF9F, 0xDF9F, 0xDF9F, 0xDF9F, 0xDF9F, 0xDF9F, 0xDF9F, 0xDF9F, 0xDF9F, 0xDF7F, 0xDF9F, 0xDF9F, 0xDF9F, 0xDF9F,
    0xDF9F, 0xDF9F, 0xDF9F, 0xDF9F, 0xDF9F, 0xDF9F, 0xDF9F, 0xDF9F, 0xDF9F, 0xDF9F, 0xDF9F, 0xDF9F, 0xDF9F, 0xDF9F, 0xDF9F, 0xDF9F,
    0xDF9F, 0xDF9F, 0xDF9F, 0xDF9F, 0xDF9F, 0xDF9F, 0xDF9F, 0xDF9F, 0xDF9F, 0xDF9F, 0xDF9F, 0xDF9F, 0xDF9F, 0xDF9F, 0xDF9F, 0xDF9F,
    0xDF9F, 0xDF9F, 0xDF9F, 0xDF9F, 0xDF9F, 0xDF9F, 0xDF9F, 0xDF9F, 0xDF9F, 0xDF9F, 0xDF9F, 0xDF9F, 0xDF9F, 0xDF9F, 0xDF9F, 0xDF9F,
    0xDF7F, 0xDF9F, 0xC71F, 0xA67F, 0xE7BF, 0xAEBF, 0xCF5F, 0xD77F, 0x8E3E, 0x9E7E, 0xCF5F, 0x861E, 0x963E, 0xC73F, 0x8E1E, 0xA69F,
    0xE7BF, 0xB6FF, 0xBF1F, 0xAEBF, 0x9E7E, 0xC73F, 0xB6DF, 0xBF1F, 0x7DFF, 0xBEFF, 0xD77F, 0x861F, 0xB6DF, 0xDF9F, 0xCF5F, 0x861F,
    0x9E7F, 0xC71F, 0x7DFE, 0x967F, 0x9E9F, 0x861E, 0xAEBF, 0xEFDF, 0xB6FF, 0x75FE, 0x967E, 0xCF5F, 0x7DFE, 0x8E3F, 0xA6BF, 0xC73F,
    0xA6BF, 0xD77F, 0xDF9F, 0xDF7F, 0xD77F, 0xDF9F, 0xD77F, 0x3D5F, 0x55DF, 0xE7DF, 0x9EBF, 0x253F, 0x96BF, 0xE7BF, 0xD77F, 0xDF7F,
    0xDF7F, 0xDF7F, 0xD77F, 0xD77F, 0xD77F, 0xD77F, 0xE7FF, 0x428C, 0x0001, 0x08A4, 0x0883, 0x0883, 0x0883, 0x0883, 0x0862, 0x08A4,
    0x08A4, 0x0862, 0x0862, 0x0883, 0x0883, 0x0883, 0x08A3, 0x0022, 0x2167, 0xDF7F, 0xDF9F, 0xDF9F, 0xDF9F, 0xDF9F, 0xDF9F, 0xDF9F,
    0xDF9F, 0xDF9F, 0xDF9F, 0xDF9F, 0xDF9F, 0xDF9F, 0xDF9F, 0xDF9F, 0xDF9F, 0xDF9F, 0xDF9F, 0xDF9F, 0xDF9F, 0xDF9F, 0xDF9F, 0xDF9F,
    0xB6FF, 0x75FF, 0x8E5F, 0xD77F, 0xDF9F, 0xDF7F, 0xDF9F, 0xD77F, 0x865F, 0x75FF, 0xB6FF, 0xE7BF, 0xDF9F, 0xDF9F, 0xDF9F, 0xDF9F,
    0xDF9F, 0xDF9F, 0xDF9F, 0xDF7F, 0xDF9F, 0xDF9F, 0xDF9F, 0xDF9F, 0xDF7F, 0xDF9F, 0xD77F, 0x967F, 0x7E1F, 0x7E1F, 0x865F, 0xC73F,
    0xE7BF, 0xDF7F, 0xDF7F, 0xDF9F, 0xDF9F, 0xDF7F, 0xDF9F, 0xDF9F, 0xDF7F, 0xDF7F, 0xDF9F, 0xDF9F, 0xDF9F, 0xDF9F, 0xDF9F, 0xDF9F,
    0xDF7F, 0xDF7F, 0xDF9F, 0xDF7F, 0xDF7F, 0xDF7F, 0xDF7F, 0xDF9F, 0xDF7F, 0xDF7F, 0xDF7F, 0xDF9F, 0xDF7F, 0xDF7F, 0xDF9F, 0xDF9F,
    0xDF9F, 0xDF9F, 0xDF9F, 0xDF9F, 0xDF9F, 0xDF9F, 0xDF9F, 0xDF9F, 0xDF9F, 0xDF9F, 0xDF9F, 0xDF9F, 0xDF9F, 0xDF7F, 0xDF9F, 0xDF9F,
    0xDF9F, 0xDF9F, 0xDF9F, 0xDF9F, 0xDF9F, 0xDF9F, 0xDF9F, 0xDF9F, 0xDF9F, 0xDF9F, 0xDF9F, 0xDF9F, 0xDF9F, 0xDF9F, 0xDF9F, 0xDF9F,
    0xDF9F, 0xDF9F, 0xDF9F, 0xDF9F, 0xDF9F, 0xDF9F, 0xDF9F, 0xDF9F, 0xDF9F, 0xDF9F, 0xDF9F, 0xDF9F, 0xDF9F, 0xDF9F, 0xDF9F, 0xDF9F,
    0xDF9F, 0xDF9F, 0xDF9F, 0xDF9F, 0xDF9F, 0xDF9F, 0xDF9F, 0xDF9F, 0xDF9F, 0xDF9F, 0xDF9F, 0xDF9F, 0xDF7F, 0xDF9F, 0xDF9F, 0xDF7F,
    0xDF9F, 0xDF7F, 0xDF9F, 0xE7BF, 0xD77F, 0xDF9F, 0xDF9F, 0xD77F, 0xE7BF, 0xE7BF, 0xE7BF, 0xE7BF, 0xDF9F, 0xDF9F, 0xEFBF, 0xE7BF,
    0xD77F, 0xDF9F, 0xDF9F, 0xE7BF, 0xE7BF, 0xDF9F, 0xDF9F, 0xDF9F, 0xE7BF, 0xDF9F, 0xDF9F, 0xE7BF, 0xE7BF, 0xDF7F, 0xD77F, 0xE7BF,
    0xE7BF, 0xDF9F, 0xE7BF, 0xDF9F, 0xDF9F, 0xE7BF, 0xE7BF, 0xDF9F, 0xDF9F, 0xE7BF, 0xDF9F, 0xE7BF, 0xA6BF, 0xB71F, 0xDFBF, 0xDF9F,
    0xDF9F, 0xDF9F, 0xDF7F, 0xDF7F, 0xDF7F, 0xD77F, 0xDF9F, 0xD79F, 0x661F, 0x3D7F, 0x355F, 0xA6FF, 0xE7BF, 0xD77F, 0xDF7F, 0xDF7F,
    0xD77F, 0xD77F, 0xD77F, 0xD77F, 0xD77F, 0xD77F, 0xE7FF, 0x428C, 0x0001, 0x08A4, 0x0883, 0x0883, 0x0883, 0x0883, 0x0862, 0x08C4,
    0x08A4, 0x0862, 0x0862, 0x0883, 0x0883, 0x0883, 0x0883, 0x0042, 0x2147, 0xDF7F, 0xDF9F, 0xDF9F, 0xDF9F, 0xDF9F, 0xDF9F, 0xDF9F,
    0xDF9F, 0xDF9F, 0xDF9F, 0xDF9F, 0xDF9F, 0xDF9F, 0xDF9F, 0xDF9F, 0xDF7F, 0xDF9F, 0xDF9F, 0xDF9F, 0xDF9F, 0xDF9F, 0xDF9F, 0xDF9F,
    0xCF5F, 0x75FF, 0x967F, 0xE79F, 0xDF7F, 0xDF7F, 0xDF9F, 0xDF9F, 0x8E7F, 0x75FF, 0xCF5F, 0xDF9F, 0xDF9F, 0xDF9F, 0xDF9F, 0xDF7F,
    0xDF9F, 0xDF9F, 0xDF9F, 0xDF9F, 0xDF9F, 0xDF9F, 0xDF9F, 0xDF9F, 0xDF9F, 0xDF7F, 0xDF9F, 0xDF9F, 0xA6BF, 0x9E9F, 0xD77F, 0xE79F,
    0xDF7F, 0xDF9F, 0xDF9F, 0xDF7F, 0xDF9F, 0xDF9F, 0xDF9F, 0xDF9F, 0xDF9F, 0xDF9F, 0xDF9F, 0xDF9F, 0xDF9F, 0xDF9F, 0xDF9F, 0xDF9F,
    0xDF7F, 0xDF9F, 0xDF9F, 0xDF9F, 0xDF9F, 0xDF9F, 0xDF9F, 0xDF7F, 0xDF7F, 0xDF9F, 0xDF9F, 0xDF7F, 0xDF9F, 0xDF9F, 0xDF9F, 0xDF9F,
    0xDF9F, 0xDF9F, 0xDF9F, 0xDF9F, 0xDF9F, 0xDF9F, 0xDF9F, 0xDF9F, 0xDF9F, 0xDF9F, 0xDF9F, 0xDF9F, 0xDF9F, 0xDF9F, 0xDF9F, 0xDF9F,
    0xDF9F, 0xDF9F, 0xDF9F, 0xDF9F, 0xDF9F, 0xDF9F, 0xDF9F, 0xDF9F, 0xDF9F, 0xDF9F, 0xDF9F, 0xDF9F, 0xDF9F, 0xDF9F, 0xDF9F, 0xDF9F,
    0xDF9F, 0xDF9F, 0xDF9F, 0xDF9F, 0xDF9F, 0xDF9F, 0xDF9F, 0xDF9F, 0xDF9F, 0xDF9F, 0xDF9F, 0xDF9F, 0xDF7F, 0xDF9F, 0xDF9F, 0xDF7F,
    0xDF7F, 0xDF7F, 0xDF9F, 0xDF9F, 0xDF9F, 0xDF9F, 0xDF9F, 0xDF9F, 0xDF9F, 0xDF9F, 0xDF9F, 0xDF7F, 0xDF9F, 0xDF9F, 0xDF9F, 0xDF7F,
    0xDF7F, 0xDF9F, 0xDF7F, 0xDF7F, 0xDF7F, 0xD77F, 0xDF7F, 0xDF9F, 0xDF7F, 0xDF7F, 0xDF7F, 0xD77F, 0xD77F, 0xDF7F, 0xD77F, 0xD77F,
    0xDF7F, 0xDF7F, 0xDF7F, 0xDF7F, 0xDF7F, 0xDF7F, 0xDF7F, 0xDF7F, 0xD77F, 0xD77F, 0xDF7F, 0xD77F, 0xD77F, 0xDF7F, 0xDF7F, 0xD77F,
    0xD77F, 0xD77F, 0xD77F, 0xD77F, 0xD77F, 0xD77F, 0xD77F, 0xDF9F, 0xD77F, 0xD77F, 0xD77F, 0xD77F, 0xDF9F, 0xD77F, 0xD77F, 0xD77F,
    0xD77F, 0xDF7F, 0xDF7F, 0xDF7F, 0xDF9F, 0xD77F, 0xD77F, 0xDF7F, 0xE7BF, 0x9EBF, 0xC75F, 0xE7BF, 0xD77F, 0xDF7F, 0xDF7F, 0xDF7F,
    0xD77F, 0xD77F, 0xD77F, 0xDF7F, 0xD77F, 0xD77F, 0xE7FF, 0x428C, 0x0001, 0x08A4, 0x0883, 0x0883, 0x0883, 0x0883, 0x0862, 0x08C4,
    0x08A4, 0x0862, 0x0862, 0x0883, 0x0883, 0x0883, 0x0883, 0x0042, 0x2167, 0xDF7F, 0xDF9F, 0xDF7F, 0xDF9F, 0xDF9F, 0xDF9F, 0xDF9F,
    0xDF9F, 0xDF9F, 0xDF9F, 0xDF9F, 0xDF7F, 0xDF9F, 0xDF9F, 0xDF9F, 0xDF9F, 0xDF9F, 0xDF9F, 0xDF9F, 0xDF9F, 0xDF9F, 0xDF7F, 0xDF9F,
    0xDF9F, 0x8E7F, 0xAEDF, 0xE79F, 0xDF7F, 0xDF9F, 0xDF9F, 0xE7BF, 0xAEDF, 0x8E7F, 0xDF9F, 0xDF9F, 0xDF9F, 0xDF9F, 0xDF9F, 0xDF9F,
    0xDF9F, 0xDF9F, 0xDF9F, 0xDF9F, 0xDF9F, 0xDF9F, 0xDF9F, 0xDF9F, 0xDF7F, 0xDF9F, 0xDF9F, 0xDF9F, 0xDF9F, 0xDF9F, 0xDF9F, 0xDF9F,
    0xDF9F, 0xDF9F, 0xDF9F, 0xDF9F, 0xDF9F, 0xDF9F, 0xDF7F, 0xDF9F, 0xDF9F, 0xDF9F, 0xDF9F, 0xDF9F, 0xDF9F, 0xDF9F, 0xDF7F, 0xDF9F,
    0xDF9F, 0xDF9F, 0xDF7F, 0xDF9F, 0xDF9F, 0xDF9F, 0xDF9F, 0xDF7F, 0xDF9F, 0xDF9F, 0xDF9F, 0xDF9F, 0xDF9F, 0xDF9F, 0xDF9F, 0xDF9F,
    0xDF9F, 0xDF9F, 0xDF9F, 0xDF9F, 0xDF9F, 0xDF9F, 0xDF9F, 0xDF9F, 0xDF9F, 0xDF9F, 0xDF9F, 0xDF9F, 0xDF9F, 0xDF9F, 0xDF9F, 0xDF9F,
    0xDF9F, 0xDF9F, 0xDF7F, 0xDF7F, 0xDF9F, 0xDF9F, 0xDF9F, 0xDF9F, 0xDF9F, 0xDF9F, 0xDF9F, 0xDF9F, 0xDF9F, 0xDF9F, 0xDF9F, 0xDF9F,
    0xDF9F, 0xDF9F, 0xDF9F, 0xDF9F, 0xDF9F, 0xDF9F, 0xDF9F, 0xDF9F, 0xDF9F, 0xDF9F, 0xDF9F, 0xDF7F, 0xDF9F, 0xDF9F, 0xDF9F, 0xDF9F,
    0xDF7F, 0xDF7F, 0xDF7F, 0xDF9F, 0xDF9F, 0xDF9F, 0xDF9F, 0xDF9F, 0xDF7F, 0xDF9F, 0xDF9F, 0xDF9F, 0xDF9F, 0xDF9F, 0xDF9F, 0xDF9F,
    0xDF9F, 0xDF9F, 0xDF9F, 0xDF7F, 0xDF7F, 0xDF7F, 0xDF9F, 0xDF9F, 0xDF9F, 0xDF7F, 0xDF7F, 0xDF9F, 0xDF7F, 0xDF9F, 0xDF9F, 0xDF7F,
    0xDF7F, 0xDF9F, 0xDF9F, 0xDF9F, 0xDF7F, 0xDF9F, 0xDF9F, 0xDF7F, 0xDF7F, 0xDF9F, 0xDF9F, 0xDF7F, 0xDF9F, 0xDF7F, 0xDF7F, 0xDF9F,
    0xDF7F, 0xDF7F, 0xDF7F, 0xDF7F, 0xDF7F, 0xDF7F, 0xDF7F, 0xD77F, 0xDF7F, 0xDF7F, 0xDF7F, 0xD77F, 0xDF7F, 0xDF9F, 0xD77F, 0xD77F,
    0xDF7F, 0xDF9F, 0xDF7F, 0xDF7F, 0xDF7F, 0xD77F, 0xD77F, 0xD77F, 0xD77F, 0xE7BF, 0xDF9F, 0xD77F, 0xDF7F, 0xDF7F, 0xD77F, 0xD77F,
    0xD77F, 0xD77F, 0xD77F, 0xD77F, 0xDF9F, 0xD77F, 0xE7FF, 0x428C, 0x0001, 0x08A4, 0x0883, 0x0883, 0x0883, 0x0883, 0x0862, 0x08C4,
    0x08A4, 0x0862, 0x0862, 0x0883, 0x0883, 0x0883, 0x0883, 0x0042, 0x2167, 0xDF7F, 0xDF9F, 0xDF7F, 0xDF9F, 0xDF9F, 0xDF9F, 0xDF9F,
    0xDF9F, 0xDF7F, 0xDF9F, 0xDF9F, 0xDF7F, 0xDF9F, 0xDF9F, 0xDF9F, 0xDF9F, 0xDF9F, 0xDF9F, 0xDF9F, 0xDF9F, 0xDF9F, 0xDF9F, 0xDF9F,
    0xDF9F, 0xD77F, 0xD77F, 0xDF7F, 0xDF7F, 0xDF7F, 0xDF9F, 0xDF9F, 0xDF9F, 0xDF9F, 0xDF9F, 0xDF9F, 0xDF9F, 0xDF9F, 0xDF9F, 0xDF9F,
    0xDF9F, 0xDF9F, 0xDF9F, 0xDF9F, 0xDF9F, 0xDF9F, 0xDF9F, 0xDF9F, 0xDF7F, 0xDF9F, 0xDF9F, 0xDF9F, 0xDF9F, 0xDF7F, 0xDF9F, 0xDF9F,
    0xDF9F, 0xDF9F, 0xDF7F, 0xDF9F, 0xDF9F, 0xDF7F, 0xDF9F, 0xDF9F, 0xDF9F, 0xDF9F, 0xDF9F, 0xDF9F, 0xDF7F, 0xDF7F, 0xDF9F, 0xDF9F,
    0xDF9F, 0xDF9F, 0xDF9F, 0xDF9F, 0xDF9F, 0xDF9F, 0xDF9F, 0xDF9F, 0xDF9F, 0xDF9F, 0xDF9F, 0xDF9F, 0xDF9F, 0xDF9F, 0xDF9F, 0xDF9F,
    0xDF9F, 0xDF9F, 0xDF9F, 0xDF9F, 0xDF9F, 0xDF9F, 0xDF7F, 0xDF9F, 0xDF9F, 0xDF9F, 0xDF9F, 0xDF9F, 0xDF9F, 0xDF9F, 0xDF9F, 0xDF9F,
    0xDF9F, 0xDF9F, 0xDF9F, 0xDF9F, 0xDF9F, 0xDF9F, 0xDF9F, 0xDF9F, 0xDF9F, 0xDF7F, 0xDF9F, 0xDF7F, 0xDF9F, 0xDF9F, 0xDF9F, 0xDF9F,
    0xDF9F, 0xDF9F, 0xDF9F, 0xDF9F, 0xDF9F, 0xDF9F, 0xDF9F, 0xDF9F, 0xDF9F, 0xDF9F, 0xDF9F, 0xDF7F, 0xDF9F, 0xDF9F, 0xDF7F, 0xDF9F,
    0xDF9F, 0xDF7F, 0xDF9F, 0xDF9F, 0xDF9F, 0xDF9F, 0xDF9F, 0xDF9F, 0xDF9F, 0xDF9F, 0xDF9F, 0xDF9F, 0xDF9F, 0xDF9F, 0xDF9F, 0xDF9F,
    0xDF9F, 0xDF9F, 0xDF9F, 0xDF7F, 0xDF9F, 0xDF9F, 0xDF7F, 0xDF9F, 0xDF7F, 0xDF7F, 0xDF9F, 0xDF9F, 0xDF7F, 0xDF7F, 0xDF9F, 0xDF7F,
    0xDF9F, 0xDF9F, 0xDF9F, 0xDF9F, 0xDF9F, 0xDF9F, 0xDF9F, 0xDF9F, 0xDF9F, 0xDF9F, 0xDF7F, 0xDF7F, 0xDF9F, 0xDF9F, 0xDF7F, 0xDF7F,
    0xDF9F, 0xDF7F, 0xDF7F, 0xDF9F, 0xDF7F, 0xD77F, 0xD77F, 0xDF7F, 0xDF7F, 0xDF7F, 0xDF7F, 0xD77F, 0xDF7F, 0xDF7F, 0xDF7F, 0xDF7F,
    0xDF7F, 0xDF9F, 0xD77F, 0xDF7F, 0xD77F, 0xDF7F, 0xD77F, 0xDF7F, 0xDF7F, 0xD77F, 0xD77F, 0xDF7F, 0xD77F, 0xD77F, 0xD77F, 0xD77F,
    0xD77F, 0xD77F, 0xD77F, 0xDF7F, 0xDF7F, 0xD77F, 0xE7FF, 0x428C, 0x0001, 0x08A4, 0x0883, 0x0883, 0x0883, 0x0883, 0x0862, 0x08A4,
    0x08A4, 0x0862, 0x0862, 0x0883, 0x0883, 0x0883, 0x08A3, 0x0042, 0x2167, 0xDF7F, 0xDF9F, 0xDF7F, 0xDF9F, 0xDF9F, 0xDF9F, 0xDF9F,
    0xDF9F, 0xDF9F, 0xDF9F, 0xDF9F, 0xDF9F, 0xDF9F, 0xDF9F, 0xDF9F, 0xDF9F, 0xDF9F, 0xDF7F, 0xDF7F, 0xDF9F, 0xDF9F, 0xDF9F, 0xDF9F,
    0xDF7F, 0xDF9F, 0xDF7F, 0xDF7F, 0xDF9F, 0xDF9F, 0xDF7F, 0xDF9F, 0xDF9F, 0xDF9F, 0xDF9F, 0xDF9F, 0xDF9F, 0xDF9F, 0xDF9F, 0xDF9F,
    0xDF9F, 0xDF9F, 0xDF9F, 0xDF9F, 0xDF9F, 0xDF9F, 0xDF9F, 0xDF9F, 0xDF9F, 0xDF9F, 0xDF7F, 0xDF9F, 0xDF9F, 0xDF9F, 0xDF9F, 0xDF9F,
    0xDF9F, 0xDF9F, 0xDF9F, 0xDF9F, 0xDF9F, 0xDF7F, 0xDF9F, 0xDF7F, 0xDF7F, 0xDF9F, 0xDF7F, 0xDF9F, 0xDF9F, 0xDF9F, 0xDF9F, 0xDF7F,
    0xDF9F, 0xDF9F, 0xDF9F, 0xDF9F, 0xDF9F, 0xDF9F, 0xDF9F, 0xDF9F, 0xDF7F, 0xDF9F, 0xDF9F, 0xDF9F, 0xDF9F, 0xDF9F, 0xDF9F, 0xDF9F,
    0xDF9F, 0xDF9F, 0xDF9F, 0xDF9F, 0xDF9F, 0xDF9F, 0xDF9F, 0xDF9F, 0xDF9F, 0xDF9F, 0xDF9F, 0xDF9F, 0xDF7F, 0xDF9F, 0xDF9F, 0xDF9F,
    0xDF9F, 0xDF9F, 0xDF9F, 0xDF9F, 0xDF7F, 0xDF7F, 0xDF7F, 0xDF9F, 0xDF7F, 0xDF7F, 0xDF9F, 0xDF7F, 0xDF9F, 0xDF9F, 0xDF9F, 0xDF9F,
    0xDF9F, 0xDF9F, 0xDF9F, 0xDF9F, 0xDF9F, 0xDF9F, 0xDF9F, 0xDF9F, 0xDF9F, 0xDF9F, 0xDF9F, 0xDF9F, 0xDF9F, 0xDF9F, 0xDF9F, 0xDF9F,
    0xDF9F, 0xDF9F, 0xDF9F, 0xDF9F, 0xDF9F, 0xDF9F, 0xDF9F, 0xDF9F, 0xDF9F, 0xDF9F, 0xDF9F, 0xDF9F, 0xDF9F, 0xDF9F, 0xDF9F, 0xDF9F,
    0xDF9F, 0xDF9F, 0xDF7F, 0xDF9F, 0xDF9F, 0xDF9F, 0xDF9F, 0xDF9F, 0xDF9F, 0xDF9F, 0xDF9F, 0xDF7F, 0xDF9F, 0xDF9F, 0xDF9F, 0xDF9F,
    0xDF9F, 0xDF9F, 0xDF9F, 0xDF7F, 0xDF9F, 0xDF9F, 0xDF9F, 0xDF9F, 0xDF9F, 0xDF7F, 0xDF9F, 0xDF9F, 0xDF9F, 0xDF9F, 0xDF9F, 0xDF7F,
    0xDF7F, 0xDF9F, 0xDF7F, 0xDF7F, 0xDF7F, 0xD77F, 0xDF7F, 0xDF7F, 0xDF7F, 0xDF7F, 0xDF7F, 0xDF7F, 0xD77F, 0xDF9F, 0xDF7F, 0xDF7F,
    0xD77F, 0xDF7F, 0xD77F, 0xD77F, 0xDF9F, 0xDF7F, 0xDF7F, 0xD77F, 0xDF7F, 0xDF7F, 0xD77F, 0xD77F, 0xD77F, 0xD77F, 0xD77F, 0xD77F,
    0xD77F, 0xD79F, 0xD77F, 0xDF7F, 0xDF7F, 0xD77F, 0xE7FF, 0x42AD, 0x0001, 0x08A4, 0x0883, 0x0883, 0x0883, 0x0883, 0x0862, 0x08C4,
    0x08A4, 0x0862, 0x0862, 0x0883, 0x0883, 0x0883, 0x0883, 0x0042, 0x2167, 0xDF7F, 0xDF9F, 0xDF7F, 0xDF9F, 0xDF9F, 0xDF9F, 0xDF9F,
    0xDF9F, 0xDF9F, 0xDF9F, 0xDF9F, 0xDF7F, 0xDF7F, 0xDF9F, 0xDF9F, 0xDF9F, 0xDF9F, 0xDF7F, 0xDF9F, 0xDF9F, 0xDF9F, 0xDF9F, 0xDF7F,
    0xDF7F, 0xDF7F, 0xDF7F, 0xDF7F, 0xDF9F, 0xDF9F, 0xDF7F, 0xDF7F, 0xDF9F, 0xDF9F, 0xDF9F, 0xDF9F, 0xDF9F, 0xDF9F, 0xDF9F, 0xDF9F,
    0xDF9F, 0xDF9F, 0xDF9F, 0xDF9F, 0xDF9F, 0xDF9F, 0xDF9F, 0xDF9F, 0xDF9F, 0xDF9F, 0xDF9F, 0xDF9F, 0xDF9F, 0xDF9F, 0xDF7F, 0xDF9F,
    0xDF9F, 0xDF9F, 0xDF9F, 0xDF7F, 0xDF9F, 0xDF7F, 0xDF9F, 0xDF7F, 0xDF9F, 0xDF9F, 0xDF7F, 0xDF9F, 0xDF7F, 0xDF9F, 0xDF9F, 0xDF9F,
    0xDF9F, 0xDF9F, 0xDF9F, 0xDF9F, 0xDF9F, 0xDF9F, 0xDF9F, 0xDF9F, 0xDF9F, 0xDF9F, 0xDF9F, 0xDF9F, 0xDF9F, 0xDF9F, 0xDF9F, 0xDF9F,
    0xDF9F, 0xDF9F, 0xDF9F, 0xDF9F, 0xDF9F, 0xDF9F, 0xDF9F, 0xDF9F, 0xDF9F, 0xDF9F, 0xDF9F, 0xDF9F, 0xDF9F, 0xDF9F, 0xDF9F, 0xDF9F,
    0xDF9F, 0xDF9F, 0xDF7F, 0xDF7F, 0xDF7F, 0xDF7F, 0xDF7F, 0xDF9F, 0xDF7F, 0xDF7F, 0xDF9F, 0xDF9F, 0xDF7F, 0xDF9F, 0xDF9F, 0xDF9F,
    0xDF9F, 0xDF9F, 0xDF9F, 0xDF9F, 0xDF9F, 0xDF9F, 0xDF9F, 0xDF9F, 0xDF9F, 0xDF9F, 0xDF7F, 0xDF9F, 0xDF9F, 0xDF9F, 0xDF9F, 0xDF9F,
    0xDF9F, 0xDF9F, 0xDF9F, 0xDF9F, 0xDF9F, 0xDF9F, 0xDF9F, 0xDF9F, 0xDF9F, 0xDF9F, 0xDF7F, 0xDF7F, 0xDF9F, 0xDF7F, 0xDF7F, 0xDF9F,
    0xDF9F, 0xDF9F, 0xDF7F, 0xDF9F, 0xDF9F, 0xDF9F, 0xDF9F, 0xDF7F, 0xDF7F, 0xDF9F, 0xDF9F, 0xDF9F, 0xDF9F, 0xDF7F, 0xDF9F, 0xDF9F,
    0xDF9F, 0xDF7F, 0xDF9F, 0xDF9F, 0xDF9F, 0xDF9F, 0xDF9F, 0xDF9F, 0xDF9F, 0xDF7F, 0xDF9F, 0xDF7F, 0xDF7F, 0xDF7F, 0xDF7F, 0xDF9F,
    0xDF7F, 0xDF9F, 0xDF9F, 0xDF7F, 0xDF7F, 0xD77F, 0xDF7F, 0xD77F, 0xDF7F, 0xDF7F, 0xDF7F, 0xD77F, 0xDF7F, 0xDF7F, 0xDF7F, 0xDF9F,
    0xDF7F, 0xDF7F, 0xD77F, 0xDF7F, 0xDF9F, 0xDF7F, 0xDF7F, 0xD77F, 0xDF7F, 0xD77F, 0xD77F, 0xD77F, 0xD77F, 0xD77F, 0xD77F, 0xD77F,
    0xD77F, 0xD77F, 0xD77F, 0xDF9F, 0xDF9F, 0xD77F, 0xE7FF, 0x42AD, 0x0001, 0x08A4, 0x0883, 0x0883, 0x0883, 0x0883, 0x0862, 0x08C4,
    0x08A4, 0x0862, 0x0862, 0x0883, 0x0883, 0x0883, 0x0883, 0x0042, 0x2167, 0xDF7F, 0xDF9F, 0xDF7F, 0xDF7F, 0xDF7F, 0xDF9F, 0xDF9F,
    0xDF9F, 0xDF9F, 0xDF9F, 0xDF7F, 0xDF9F, 0xDF9F, 0xDF9F, 0xDF9F, 0xDF9F, 0xDF7F, 0xDF7F, 0xDF9F, 0xDF7F, 0xDF7F, 0xDF7F, 0xDF9F,
    0xDF7F, 0xDF9F, 0xDF7F, 0xDF7F, 0xDF7F, 0xDF7F, 0xDF7F, 0xDF9F, 0xDF7F, 0xDF7F, 0xDF9F, 0xDF9F, 0xDF9F, 0xDF9F, 0xDF9F, 0xDF9F,
    0xDF9F, 0xDF9F, 0xDF9F, 0xDF9F, 0xDF9F, 0xDF9F, 0xDF9F, 0xDF9F, 0xDF7F, 0xDF9F, 0xDF9F, 0xDF9F, 0xDF9F, 0xDF9F, 0xDF9F, 0xDF7F,
    0xDF9F, 0xDF9F, 0xDF9F, 0xDF9F, 0xDF9F, 0xDF7F, 0xDF9F, 0xDF9F, 0xDF9F, 0xDF9F, 0xDF9F, 0xDF9F, 0xDF9F, 0xDF9F, 0xDF9F, 0xDF9F,
    0xDF7F, 0xDF9F, 0xDF9F, 0xDF9F, 0xDF9F, 0xDF9F, 0xDF9F, 0xDF9F, 0xDF7F, 0xDF7F, 0xDF9F, 0xDF9F, 0xDF9F, 0xDF9F, 0xDF9F, 0xDF9F,
    0xDF9F, 0xDF9F, 0xDF9F, 0xDF9F, 0xDF9F, 0xDF9F, 0xDF9F, 0xDF9F, 0xDF9F, 0xDF9F, 0xDF9F, 0xDF9F, 0xDF9F, 0xDF9F, 0xDF9F, 0xDF9F,
    0xDF9F, 0xDF7F, 0xDF9F, 0xDF7F, 0xDF7F, 0xDF9F, 0xDF7F, 0xDF7F, 0xDF7F, 0xDF7F, 0xDF7F, 0xDF7F, 0xDF9F, 0xDF9F, 0xDF9F, 0xDF7F,
    0xDF7F, 0xDF7F, 0xDF9F, 0xDF9F, 0xDF9F, 0xDF9F, 0xDF9F, 0xDF9F, 0xDF9F, 0xDF7F, 0xDF9F, 0xDF9F, 0xDF9F, 0xDF9F, 0xDF9F, 0xDF9F,
    0xDF9F, 0xDF9F, 0xDF7F, 0xDF9F, 0xDF9F, 0xDF9F, 0xDF9F, 0xDF9F, 0xDF9F, 0xDF9F, 0xDF9F, 0xDF9F, 0xDF9F, 0xDF9F, 0xDF7F, 0xDF9F,
    0xDF9F, 0xDF9F, 0xDF9F, 0xDF9F, 0xDF9F, 0xDF9F, 0xDF9F, 0xDF9F, 0xDF9F, 0xDF7F, 0xDF9F, 0xDF9F, 0xDF9F, 0xDF9F, 0xDF9F, 0xDF9F,
    0xDF9F, 0xDF9F, 0xDF9F, 0xDF9F, 0xDF9F, 0xDF7F, 0xDF7F, 0xDF7F, 0xDF9F, 0xDF7F, 0xDF7F, 0xDF7F, 0xDF7F, 0xDF7F, 0xDF7F, 0xDF7F,
    0xDF7F, 0xDF7F, 0xDF7F, 0xDF9F, 0xDF7F, 0xD77F, 0xDF7F, 0xDF7F, 0xD77F, 0xDF7F, 0xD77F, 0xD77F, 0xDF7F, 0xDF7F, 0xDF9F, 0xDF7F,
    0xDF7F, 0xDF7F, 0xDF7F, 0xDF7F, 0xDF7F, 0xD77F, 0xD77F, 0xD77F, 0xD77F, 0xD77F, 0xD77F, 0xD77F, 0xD77F, 0xD77F, 0xD77F, 0xD77F,
    0xD77F, 0xD77F, 0xDF9F, 0xDF7F, 0xD79F, 0xD77F, 0xE7FF, 0x42AD, 0x0001, 0x10A4, 0x0883, 0x0883, 0x0883, 0x0883, 0x0862, 0x08A4,
    0x08A4, 0x0862, 0x0862, 0x0883, 0x0883, 0x0883, 0x0883, 0x0022, 0x2167, 0xDF7F, 0xDF9F, 0xDF7F, 0xDF9F, 0xDF7F, 0xDF9F, 0xDF9F,
    0xDF9F, 0xDF9F, 0xDF9F, 0xDF9F, 0xDF9F, 0xDF9F, 0xDF9F, 0xDF9F, 0xDF7F, 0xDF7F, 0xDF9F, 0xDF9F, 0xDF9F, 0xDF9F, 0xDF9F, 0xDF9F,
    0xDF9F, 0xDF9F, 0xDF7F, 0xDF7F, 0xDF7F, 0xDF9F, 0xDF7F, 0xDF9F, 0xDF9F, 0xDF7F, 0xDF9F, 0xDF9F, 0xDF9F, 0xDF9F, 0xDF7F, 0xDF9F,
    0xDF9F, 0xDF9F, 0xDF9F, 0xDF9F, 0xDF9F, 0xDF9F, 0xDF9F, 0xDF7F, 0xDF9F, 0xDF9F, 0xDF9F, 0xDF9F, 0xDF9F, 0xDF7F, 0xDF7F, 0xDF7F,
    0xDF9F, 0xDF7F, 0xDF7F, 0xDF9F, 0xDF7F, 0xDF7F, 0xDF9F, 0xDF7F, 0xDF9F, 0xDF9F, 0xDF9F, 0xDF7F, 0xDF7F, 0xDF9F, 0xDF9F, 0xDF7F,
    0xDF7F, 0xDF9F, 0xDF9F, 0xDF9F, 0xDF9F, 0xDF9F, 0xDF9F, 0xDF9F, 0xDF9F, 0xDF9F, 0xDF9F, 0xDF9F, 0xDF9F, 0xDF9F, 0xDF9F, 0xDF9F,
    0xDF9F, 0xDF9F, 0xDF9F, 0xDF9F, 0xDF9F, 0xDF7F, 0xDF9F, 0xDF9F, 0xDF9F, 0xDF9F, 0xDF7F, 0xDF9F, 0xDF7F, 0xDF7F, 0xDF9F, 0xDF9F,
    0xDF9F, 0xDF7F, 0xDF7F, 0xDF9F, 0xDF7F, 0xDF9F, 0xDF7F, 0xDF7F, 0xDF9F, 0xDF9F, 0xDF7F, 0xDF7F, 0xDF7F, 0xDF9F, 0xDF9F, 0xDF7F,
    0xDF9F, 0xDF9F, 0xDF7F, 0xDF9F, 0xDF9F, 0xDF9F, 0xDF9F, 0xDF9F, 0xDF9F, 0xDF9F, 0xDF9F, 0xDF9F, 0xDF9F, 0xDF9F, 0xDF9F, 0xDF9F,
    0xDF9F, 0xDF9F, 0xDF9F, 0xDF9F, 0xDF9F, 0xDF9F, 0xDF9F, 0xDF9F, 0xDF9F, 0xDF9F, 0xDF7F, 0xDF9F, 0xDF9F, 0xDF9F, 0xDF9F, 0xDF9F,
    0xDF9F, 0xDF9F, 0xDF7F, 0xDF9F, 0xDF9F, 0xDF9F, 0xDF7F, 0xDF9F, 0xDF9F, 0xDF7F, 0xDF9F, 0xDF7F, 0xDF9F, 0xDF9F, 0xDF7F, 0xDF9F,
    0xDF9F, 0xDF7F, 0xDF7F, 0xDF9F, 0xDF9F, 0xDF9F, 0xDF7F, 0xDF9F, 0xDF9F, 0xDF7F, 0xDF9F, 0xDF7F, 0xDF7F, 0xDF7F, 0xDF7F, 0xDF7F,
    0xD77F, 0xDF7F, 0xDF7F, 0xDF7F, 0xDF7F, 0xDF7F, 0xD77F, 0xD77F, 0xDF7F, 0xD77F, 0xDF7F, 0xD77F, 0xD77F, 0xDF7F, 0xDF7F, 0xD77F,
    0xDF9F, 0xDF7F, 0xD77F, 0xDF7F, 0xDF7F, 0xDF7F, 0xDF7F, 0xD77F, 0xD77F, 0xD77F, 0xD77F, 0xD77F, 0xD77F, 0xD77F, 0xD77F, 0xD77F,
    0xD77F, 0xD77F, 0xDF7F, 0xD77F, 0xD77F, 0xD77F, 0xE7FF, 0x42CD, 0x0001, 0x08A4, 0x0883, 0x0883, 0x0883, 0x0883, 0x0862, 0x08A4,
    0x08A4, 0x0862, 0x0862, 0x0883, 0x0883, 0x0883, 0x0883, 0x0022, 0x2167, 0xDF7F, 0xDF9F, 0xDF9F, 0xDF9F, 0xDF9F, 0xDF9F, 0xDF9F,
    0xDF9F, 0xDF9F, 0xDF9F, 0xDF9F, 0xDF9F, 0xDF9F, 0xDF9F, 0xDF9F, 0xDF9F, 0xDF7F, 0xDF9F, 0xDF9F, 0xDF9F, 0xDF9F, 0xDF9F, 0xDF9F,
    0xDF9F, 0xDF9F, 0xDF9F, 0xDF7F, 0xDF7F, 0xDF7F, 0xDF9F, 0xDF7F, 0xDF9F, 0xDF9F, 0xDF9F, 0xDF9F, 0xDF9F, 0xDF9F, 0xDF9F, 0xDF9F,
    0xDF9F, 0xDF9F, 0xDF9F, 0xDF9F, 0xDF9F, 0xDF7F, 0xDF9F, 0xDF9F, 0xDF9F, 0xDF9F, 0xDF9F, 0xDF9F, 0xDF9F, 0xDF7F, 0xDF7F, 0xDF7F,
    0xDF9F, 0xDF9F, 0xDF9F, 0xDF9F, 0xDF9F, 0xDF7F, 0xDF9F, 0xDF9F, 0xDF9F, 0xDF9F, 0xDF9F, 0xDF9F, 0xDF7F, 0xDF9F, 0xDF9F, 0xDF9F,
    0xDF9F, 0xDF9F, 0xDF7F, 0xDF9F, 0xDF9F, 0xDF9F, 0xDF9F, 0xDF9F, 0xDF9F, 0xDF9F, 0xDF9F, 0xDF9F, 0xDF9F, 0xDF9F, 0xDF9F, 0xDF7F,
    0xDF9F, 0xDF9F, 0xDF9F, 0xDF9F, 0xDF9F, 0xDF9F, 0xDF9F, 0xDF9F, 0xDF9F, 0xDF9F, 0xDF7F, 0xDF9F, 0xDF9F, 0xDF9F, 0xDF7F, 0xDF7F,
    0xDF9F, 0xDF7F, 0xDF9F, 0xDF9F, 0xDF7F, 0xDF7F, 0xD77F, 0xD77F, 0xDF7F, 0xDF7F, 0xDF7F, 0xDF7F, 0xDF9F, 0xDF7F, 0xDF9F, 0xDF9F,
    0xDF7F, 0xDF9F, 0xDF7F, 0xDF7F, 0xDF9F, 0xDF7F, 0xDF9F, 0xDF9F, 0xDF9F, 0xDF9F, 0xDF9F, 0xDF9F, 0xDF9F, 0xDF9F, 0xDF9F, 0xDF9F,
    0xDF9F, 0xDF9F, 0xDF9F, 0xDF9F, 0xDF7F, 0xDF9F, 0xDF9F, 0xDF9F, 0xDF9F, 0xDF9F, 0xDF9F, 0xDF9F, 0xDF9F, 0xDF9F, 0xDF9F, 0xDF9F,
    0xDF9F, 0xDF7F, 0xDF9F, 0xDF9F, 0xDF9F, 0xDF9F, 0xDF9F, 0xDF9F, 0xDF9F, 0xDF9F, 0xDF9F, 0xDF9F, 0xDF9F, 0xDF7F, 0xDF9F, 0xDF9F,
    0xDF9F, 0xDF9F, 0xDF9F, 0xDF7F, 0xDF9F, 0xDF9F, 0xDF9F, 0xDF7F, 0xDF7F, 0xD77F, 0xD77F, 0xDF7F, 0xDF7F, 0xDF9F, 0xDF7F, 0xDF7F,
    0xDF7F, 0xDF7F, 0xDF7F, 0xDF7F, 0xDF7F, 0xDF9F, 0xDF9F, 0xDF7F, 0xDF7F, 0xDF7F, 0xDF7F, 0xD77F, 0xDF7F, 0xD77F, 0xD77F, 0xD79F,
    0xDF7F, 0xDF7F, 0xDF7F, 0xD77F, 0xD77F, 0xDF9F, 0xDF9F, 0xD77F, 0xD77F, 0xD77F, 0xD77F, 0xD77F, 0xD77F, 0xD77F, 0xD77F, 0xDF7F,
    0xDF7F, 0xD79F, 0xD77F, 0xD79F, 0xD79F, 0xD77F, 0xE7FF, 0x42CD, 0x0001, 0x10A4, 0x0883, 0x0883, 0x0883, 0x0883, 0x0862, 0x08A4,
    0x08A4, 0x0862, 0x0862, 0x0883, 0x0883, 0x0883, 0x0883, 0x0022, 0x2167, 0xDF7F, 0xDF9F, 0xDF7F, 0xDF7F, 0xDF7F, 0xDF9F, 0xDF9F,
    0xDF9F, 0xDF9F, 0xDF9F, 0xDF9F, 0xDF9F, 0xDF7F, 0xDF9F, 0xDF7F, 0xDF9F, 0xDF7F, 0xDF7F, 0xDF9F, 0xDF9F, 0xDF9F, 0xDF9F, 0xDF9F,
    0xDF7F, 0xDF9F, 0xDF9F, 0xDF7F, 0xDF7F, 0xDF7F, 0xDF9F, 0xDF9F, 0xDF9F, 0xDF9F, 0xDF9F, 0xDF9F, 0xDF9F, 0xDF9F, 0xDF9F, 0xDF9F,
    0xDF9F, 0xDF9F, 0xDF9F, 0xDF9F, 0xDF9F, 0xDF9F, 0xDF9F, 0xDF9F, 0xDF9F, 0xDF9F, 0xDF9F, 0xDF9F, 0xDF9F, 0xDF9F, 0xDF9F, 0xDF9F,
    0xDF7F, 0xDF7F, 0xDF9F, 0xDF9F, 0xDF7F, 0xDF9F, 0xDF9F, 0xDF7F, 0xDF7F, 0xDF9F, 0xDF9F, 0xDF9F, 0xDF9F, 0xDF9F, 0xDF9F, 0xDF9F,
    0xDF9F, 0xDF9F, 0xDF7F, 0xDF9F, 0xDF9F, 0xDF9F, 0xDF9F, 0xDF9F, 0xDF9F, 0xDF9F, 0xDF9F, 0xDF9F, 0xDF9F, 0xDF9F, 0xDF9F, 0xDF9F,
    0xDF9F, 0xDF9F, 0xDF9F, 0xDF9F, 0xDF9F, 0xDF9F, 0xDF7F, 0xDF9F, 0xDF9F, 0xDF9F, 0xDF9F, 0xDF9F, 0xDF9F, 0xDF9F, 0xDF9F, 0xDF9F,
    0xDF9F, 0xDF9F, 0xDF9F, 0xDF7F, 0xDF9F, 0xDF7F, 0xD77F, 0xDF7F, 0xDF7F, 0xDF7F, 0xDF7F, 0xDF7F, 0xDF7F, 0xDF9F, 0xDF7F, 0xDF7F,
    0xDF9F, 0xDF9F, 0xDF9F, 0xDF9F, 0xDF9F, 0xDF9F, 0xDF9F, 0xDF9F, 0xDF9F, 0xDF9F, 0xDF9F, 0xDF9F, 0xDF9F, 0xDF9F, 0xDF9F, 0xDF9F,
    0xDF9F, 0xDF9F, 0xDF7F, 0xDF9F, 0xDF9F, 0xDF9F, 0xDF9F, 0xDF9F, 0xDF9F, 0xDF9F, 0xDF9F, 0xDF9F, 0xDF7F, 0xDF7F, 0xDF9F, 0xDF9F,
    0xDF7F, 0xDF7F, 0xDF9F, 0xDF9F, 0xDF9F, 0xDF7F, 0xDF9F, 0xDF9F, 0xDF9F, 0xDF7F, 0xDF7F, 0xDF9F, 0xDF9F, 0xDF9F, 0xDF9F, 0xDF9F,
    0xDF9F, 0xDF7F, 0xDF9F, 0xDF7F, 0xDF7F, 0xDF9F, 0xDF7F, 0xDF7F, 0xDF7F, 0xDF9F, 0xDF7F, 0xDF9F, 0xDF7F, 0xDF9F, 0xDF7F, 0xDF7F,
    0xDF7F, 0xDF7F, 0xDF7F, 0xDF7F, 0xDF7F, 0xDF9F, 0xDF7F, 0xDF7F, 0xDF7F, 0xDF7F, 0xDF9F, 0xDF7F, 0xDF7F, 0xDF7F, 0xDF7F, 0xDF7F,
    0xDF7F, 0xDF9F, 0xDF7F, 0xDF7F, 0xDF7F, 0xDF7F, 0xDF7F, 0xD77F, 0xD77F, 0xD77F, 0xD77F, 0xD77F, 0xD77F, 0xD77F, 0xD77F, 0xD77F,
    0xD77F, 0xD77F, 0xDF7F, 0xD77F, 0xD77F, 0xD75F, 0xE7DF, 0x42CD, 0x0001, 0x10A4, 0x0883, 0x0883, 0x0883, 0x0883, 0x0862, 0x08A4,
    0x08A4, 0x0862, 0x0862, 0x0883, 0x0883, 0x0883, 0x0883, 0x0021, 0x2167, 0xDF7F, 0xD77F, 0xD77F, 0xD77F, 0xD77F, 0xD77F, 0xD77F,
    0xD77F, 0xD77F, 0xD77F, 0xD77F, 0xD77F, 0xD77F, 0xD77F, 0xD77F, 0xD77F, 0xD77F, 0xD77F, 0xD77F, 0xD77F, 0xD77F, 0xD77F, 0xD77F,
    0xD77F, 0xD77F, 0xD77F, 0xD77F, 0xD77F, 0xD77F, 0xD77F, 0xDF7F, 0xD77F, 0xDF7F, 0xDF7F, 0xDF7F, 0xDF7F, 0xD77F, 0xD77F, 0xDF7F,
    0xD77F, 0xD77F, 0xD77F, 0xD77F, 0xD77F, 0xD77F, 0xD77F, 0xD77F, 0xD77F, 0xD77F, 0xD77F, 0xD77F, 0xD77F, 0xD77F, 0xD77F, 0xD77F,
    0xD77F, 0xD77F, 0xD77F, 0xD77F, 0xD77F, 0xD77F, 0xD77F, 0xD77F, 0xD77F, 0xD77F, 0xD77F, 0xD77F, 0xD77F, 0xD77F, 0xD77F, 0xD77F,
    0xD77F, 0xD77F, 0xD77F, 0xD77F, 0xD77F, 0xD77F, 0xD77F, 0xD77F, 0xD77F, 0xD77F, 0xD77F, 0xD77F, 0xD77F, 0xD77F, 0xD77F, 0xD77F,
    0xD77F, 0xD77F, 0xD77F, 0xD77F, 0xD77F, 0xD77F, 0xD77F, 0xD77F, 0xD77F, 0xD77F, 0xD77F, 0xD77F, 0xD77F, 0xD77F, 0xD77F, 0xD77F,
    0xD77F, 0xD77F, 0xD77F, 0xD77F, 0xD77F, 0xD77F, 0xD77F, 0xD77F, 0xD77F, 0xD77F, 0xD77F, 0xD77F, 0xD77F, 0xD77F, 0xD77F, 0xD77F,
    0xD77F, 0xD77F, 0xD77F, 0xD77F, 0xD77F, 0xD77F, 0xD77F, 0xD77F, 0xD77F, 0xD77F, 0xD77F, 0xD77F, 0xD77F, 0xD77F, 0xD77F, 0xD77F,
    0xD77F, 0xD77F, 0xD77F, 0xD77F, 0xD77F, 0xD77F, 0xD77F, 0xD77F, 0xD77F, 0xD77F, 0xD77F, 0xD77F, 0xD77F, 0xD77F, 0xD77F, 0xD77F,
    0xD77F, 0xD77F, 0xD77F, 0xD77F, 0xD77F, 0xD77F, 0xD77F, 0xD77F, 0xD77F, 0xD77F, 0xD77F, 0xD77F, 0xD77F, 0xD77F, 0xD77F, 0xD77F,
    0xD77F, 0xD77F, 0xD77F, 0xD77F, 0xD77F, 0xD77F, 0xD77F, 0xD77F, 0xD77F, 0xD77F, 0xD77F, 0xD77F, 0xD77F, 0xD77F, 0xD77F, 0xD77F,
    0xD77F, 0xD77F, 0xD77F, 0xD77F, 0xD77F, 0xD77F, 0xD77F, 0xD77F, 0xD77F, 0xD77F, 0xD77F, 0xD77F, 0xD77F, 0xD77F, 0xD77F, 0xD77F,
    0xD77F, 0xD77F, 0xD77F, 0xD77F, 0xD77F, 0xD77F, 0xD77F, 0xD77F, 0xD77F, 0xD77F, 0xD77F, 0xD77F, 0xD77F, 0xD77F, 0xD77F, 0xD77F,
    0xD77F, 0xD77F, 0xD77F, 0xD77F, 0xD77F, 0xD75F, 0xDFDF, 0x42AD, 0x0001, 0x10A4, 0x0883, 0x0883, 0x0883, 0x0883, 0x0862, 0x08A4,
    0x08A4, 0x0862, 0x0862, 0x0883, 0x0883, 0x0883, 0x0883, 0x0021, 0x2987, 0xEFFF, 0xE7DF, 0xE7DF, 0xEFFF, 0xE7FF, 0xEFFF, 0xE7DF,
    0xEFFF, 0xEFFF, 0xEFFF, 0xEFFF, 0xEFFF, 0xEFFF, 0xE7FF, 0xEFFF, 0xEFFF, 0xEFFF, 0xEFFF, 0xEFFF, 0xEFFF, 0xEFFF, 0xEFFF, 0xEFFF,
    0xEFFF, 0xEFFF, 0xEFFF, 0xEFFF, 0xEFFF, 0xEFFF, 0xEFFF, 0xEFFF, 0xEFFF, 0xEFFF, 0xEFFF, 0xEFFF, 0xEFFF, 0xEFFF, 0xEFFF, 0xEFFF,
    0xEFFF, 0xEFFF, 0xEFFF, 0xEFFF, 0xEFFF, 0xEFFF, 0xEFFF, 0xEFFF, 0xEFFF, 0xEFFF, 0xEFFF, 0xEFFF, 0xEFFF, 0xEFFF, 0xEFFF, 0xEFFF,
    0xEFFF, 0xEFFF, 0xEFFF, 0xEFFF, 0xEFFF, 0xEFFF, 0xEFFF, 0xEFFF, 0xEFFF, 0xEFFF, 0xEFFF, 0xEFFF, 0xEFFF, 0xEFFF, 0xEFFF, 0xEFFF,
    0xEFFF, 0xEFFF, 0xEFFF, 0xEFFF, 0xEFFF, 0xEFFF, 0xEFFF, 0xEFFF, 0xEFFF, 0xEFFF, 0xEFFF, 0xEFFF, 0xEFFF, 0xEFFF, 0xEFFF, 0xEFFF,
    0xEFFF, 0xEFFF, 0xEFFF, 0xEFFF, 0xEFFF, 0xEFFF, 0xEFFF, 0xEFFF, 0xEFFF, 0xEFFF, 0xEFFF, 0xEFFF, 0xEFFF, 0xEFFF, 0xEFFF, 0xEFFF,
    0xEFFF, 0xEFFF, 0xEFFF, 0xEFFF, 0xEFFF, 0xEFFF, 0xE7FF, 0xEFFF, 0xEFFF, 0xE7FF, 0xEFFF, 0xEFFF, 0xEFFF, 0xEFFF, 0xEFFF, 0xEFFF,
    0xEFFF, 0xEFFF, 0xEFFF, 0xEFFF, 0xEFFF, 0xEFFF, 0xEFFF, 0xEFFF, 0xEFFF, 0xEFFF, 0xEFFF, 0xEFFF, 0xEFFF, 0xEFFF, 0xEFFF, 0xEFFF,
    0xEFFF, 0xEFFF, 0xEFFF, 0xEFFF, 0xEFFF, 0xEFFF, 0xEFFF, 0xEFFF, 0xEFFF, 0xEFFF, 0xEFFF, 0xEFFF, 0xEFFF, 0xEFFF, 0xEFFF, 0xEFFF,
    0xEFFF, 0xEFFF, 0xEFFF, 0xEFFF, 0xEFFF, 0xEFFF, 0xEFFF, 0xEFFF, 0xEFFF, 0xEFFF, 0xEFFF, 0xEFFF, 0xEFFF, 0xEFFF, 0xEFFF, 0xEFFF,
    0xEFFF, 0xEFFF, 0xEFFF, 0xEFFF, 0xEFFF, 0xEFFF, 0xEFFF, 0xEFFF, 0xEFFF, 0xEFFF, 0xEFFF, 0xEFFF, 0xEFFF, 0xEFFF, 0xEFFF, 0xEFFF,
    0xEFFF, 0xEFFF, 0xEFFF, 0xEFFF, 0xEFFF, 0xEFFF, 0xEFFF, 0xEFFF, 0xEFFF, 0xEFFF, 0xEFFF, 0xE7FF, 0xE7FF, 0xE7FF, 0xE7FF, 0xE7FF,
    0xE7FF, 0xE7FF, 0xE7FF, 0xE7FF, 0xE7FF, 0xE7FF, 0xE7FF, 0xE7FF, 0xE7DF, 0xE7DF, 0xE7FF, 0xE7FF, 0xE7FF, 0xE7DF, 0xE7FF, 0xE7DF,
    0xE7DF, 0xE7DF, 0xE7DF, 0xE7DF, 0xE7DF, 0xE7BF, 0xF7FF, 0x4AED, 0x0001, 0x10A4, 0x0883, 0x0883, 0x0883, 0x0883, 0x0862, 0x08A4,
    0x08A4, 0x0862, 0x0862, 0x0883, 0x0883, 0x0883, 0x0883, 0x0042, 0x10E5, 0x9557, 0x9DB8, 0x9D98, 0x9D98, 0x9D98, 0x9D98, 0x9D98,
    0x9D98, 0x9D98, 0x9D98, 0x9D98, 0x9D78, 0x9D78, 0x9D98, 0x9D98, 0x9D98, 0x9D98, 0x9D78, 0x9D78, 0x9D77, 0x9D77, 0x9D77, 0x9D77,
    0x9D77, 0x9D77, 0x9D57, 0x9D57, 0x9D57, 0x9D57, 0x9D57, 0x9D57, 0x9D57, 0x9D57, 0x9D57, 0x9D57, 0x9D57, 0x9D57, 0x9D57, 0x9D56,
    0x9D57, 0x9D57, 0x9D57, 0x9D56, 0x9D56, 0x9D57, 0x9D57, 0x9D57, 0x9D57, 0x9D57, 0x9D37, 0x9D56, 0x9D36, 0x9536, 0x9536, 0x9536,
    0x9536, 0x9536, 0x9536, 0x9536, 0x9516, 0x9536, 0x9536, 0x9536, 0x9516, 0x9516, 0x9516, 0x9516, 0x9536, 0x9516, 0x9515, 0x9515,
    0x9515, 0x9515, 0x9515, 0x9515, 0x9515, 0x9516, 0x9516, 0x9516, 0x9516, 0x9516, 0x9515, 0x9516, 0x9516, 0x9516, 0x9516, 0x9516,
    0x9516, 0x9515, 0x9515, 0x9516, 0x9515, 0x9515, 0x8D15, 0x8D15, 0x8CF5, 0x8D15, 0x8D16, 0x9516, 0x9516, 0x8D16, 0x8D16, 0x8D16,
    0x9516, 0x9516, 0x9516, 0x9516, 0x8D16, 0x9516, 0x8D16, 0x8D16, 0x8D16, 0x8CF6, 0x8D16, 0x9516, 0x9516, 0x9516, 0x9515, 0x9516,
    0x9516, 0x9516, 0x8D16, 0x8D15, 0x8D15, 0x8D15, 0x8D15, 0x8D16, 0x8CF5, 0x94F5, 0x9515, 0x8CF5, 0x8CF5, 0x9515, 0x9515, 0x9515,
    0x94F5, 0x94F5, 0x94F5, 0x8CF5, 0x94F5, 0x9515, 0x9516, 0x9516, 0x9516, 0x9516, 0x9516, 0x9516, 0x9516, 0x9516, 0x8D16, 0x9516,
    0x9516, 0x8D16, 0x8D16, 0x8D16, 0x9516, 0x9516, 0x9516, 0x9516, 0x9516, 0x8D16, 0x9516, 0x9516, 0x9516, 0x8D16, 0x9516, 0x9516,
    0x9516, 0x9516, 0x9516, 0x9536, 0x9536, 0x9536, 0x9536, 0x9536, 0x9536, 0x9536, 0x9536, 0x9516, 0x9536, 0x9536, 0x9536, 0x9536,
    0x9536, 0x9536, 0x9536, 0x9536, 0x9536, 0x9536, 0x9536, 0x9536, 0x9536, 0x9536, 0x9536, 0x9516, 0x9516, 0x9516, 0x9516, 0x9536,
    0x9536, 0x9536, 0x9536, 0x9536, 0x9536, 0x9536, 0x9536, 0x9536, 0x9537, 0x9537, 0x9557, 0x9557, 0x9557, 0x9557, 0x9557, 0x9557,
    0x9557, 0x9557, 0x9557, 0x9557, 0x9557, 0x9557, 0x9DB8, 0x21A9, 0x0021, 0x08A4, 0x0883, 0x0883, 0x0883, 0x0883, 0x0862, 0x08A4,
    0x08A4, 0x0862, 0x0862, 0x0883, 0x0883, 0x0883, 0x0883, 0x0883, 0x0042, 0x0085, 0x00A6, 0x00A6, 0x00A6, 0x00A6, 0x00A6, 0x00A6,
    0x0086, 0x0085, 0x0085, 0x0085, 0x0085, 0x0086, 0x0086, 0x0086, 0x0086, 0x0085, 0x0065, 0x0065, 0x0065, 0x0064, 0x0064, 0x0044,
    0x0044, 0x0044, 0x0044, 0x0044, 0x0044, 0x0044, 0x0044, 0x0044, 0x0044, 0x0044, 0x0044, 0x0023, 0x0023, 0x0023, 0x0023, 0x0023,
    0x0023, 0x0043, 0x0043, 0x0043, 0x0043, 0x0044, 0x0044, 0x0044, 0x0044, 0x0044, 0x0044, 0x0043, 0x0023, 0x0023, 0x0023, 0x0023,
    0x0023, 0x0023, 0x0023, 0x0023, 0x0023, 0x0023, 0x0023, 0x0023, 0x0023, 0x0023, 0x0023, 0x0023, 0x0023, 0x0023, 0x0023, 0x0002,
    0x0002, 0x0002, 0x0022, 0x0023, 0x0023, 0x0023, 0x0023, 0x0023, 0x0023, 0x0023, 0x0023, 0x0023, 0x0023, 0x0023, 0x0023, 0x0023,
    0x0023, 0x0022, 0x0023, 0x0023, 0x0022, 0x0002, 0x0022, 0x0023, 0x0023, 0x0023, 0x0023, 0x0023, 0x0023, 0x0023, 0x0023, 0x0023,
    0x0023, 0x0023, 0x0023, 0x0023, 0x0023, 0x0023, 0x0023, 0x0023, 0x0023, 0x0023, 0x0023, 0x0023, 0x0023, 0x0023, 0x0023, 0x0023,
    0x0023, 0x0023, 0x0023, 0x0023, 0x0023, 0x0023, 0x0023, 0x0023, 0x0023, 0x0023, 0x0023, 0x0023, 0x0023, 0x0023, 0x0023, 0x0023,
    0x0023, 0x0023, 0x0023, 0x0023, 0x0043, 0x0043, 0x0044, 0x0044, 0x0044, 0x0044, 0x0044, 0x0044, 0x0044, 0x0044, 0x0044, 0x0044,
    0x0044, 0x0044, 0x0044, 0x0044, 0x0044, 0x0044, 0x0043, 0x0043, 0x0023, 0x0023, 0x0023, 0x0043, 0x0023, 0x0023, 0x0023, 0x0023,
    0x0023, 0x0023, 0x0043, 0x0044, 0x0044, 0x0044, 0x0044, 0x0044, 0x0044, 0x0044, 0x0044, 0x0044, 0x0044, 0x0044, 0x0044, 0x0044,
    0x0044, 0x0044, 0x0044, 0x0044, 0x0044, 0x0044, 0x0044, 0x0064, 0x0064, 0x0044, 0x0044, 0x0044, 0x0044, 0x0044, 0x0044, 0x0044,
    0x0044, 0x0044, 0x0044, 0x0044, 0x0044, 0x0044, 0x0044, 0x0044, 0x0064, 0x0065, 0x0065, 0x0065, 0x0065, 0x0065, 0x0085, 0x0085,
    0x0085, 0x0085, 0x0085, 0x0085, 0x0085, 0x0085, 0x0085, 0x0043, 0x0883, 0x0883, 0x0883, 0x0883, 0x0883, 0x0883, 0x0862, 0x08A4,
    0x08A4, 0x0862, 0x0862, 0x0883, 0x0883, 0x0883, 0x0883, 0x08A3, 0x10E4, 0x08E5, 0x1106, 0x1106, 0x1106, 0x1106, 0x1106, 0x1106,
    0x1106, 0x1106, 0x1106, 0x1106, 0x1106, 0x1106, 0x1106, 0x1106, 0x1106, 0x1106, 0x1106, 0x1106, 0x1106, 0x1106, 0x1106, 0x1106,
    0x1106, 0x1106, 0x1106, 0x1106, 0x1106, 0x1106, 0x1106, 0x1106, 0x1106, 0x1126, 0x1106, 0x1105, 0x10E5, 0x1105, 0x1105, 0x1106,
    0x1106, 0x1106, 0x1105, 0x1105, 0x10E5, 0x1105, 0x1106, 0x1106, 0x1106, 0x1106, 0x1106, 0x1106, 0x1105, 0x1106, 0x1105, 0x1105,
    0x1106, 0x1106, 0x1106, 0x1106, 0x1106, 0x1106, 0x1106, 0x1106, 0x1106, 0x1106, 0x1106, 0x1106, 0x1106, 0x1106, 0x1106, 0x1106,
    0x1106, 0x1126, 0x1105, 0x1105, 0x1105, 0x1105, 0x1105, 0x1106, 0x1106, 0x1106, 0x1105, 0x1105, 0x1106, 0x1106, 0x1106, 0x1106,
    0x1106, 0x1106, 0x1106, 0x1926, 0x1926, 0x1926, 0x1926, 0x1906, 0x1906, 0x1106, 0x1926, 0x1126, 0x1106, 0x1106, 0x1106, 0x1106,
    0x1106, 0x1906, 0x1906, 0x1906, 0x1106, 0x1106, 0x1106, 0x1106, 0x1106, 0x1106, 0x1106, 0x1906, 0x1926, 0x1906, 0x1106, 0x1105,
    0x1106, 0x1106, 0x1106, 0x1106, 0x1106, 0x1926, 0x1926, 0x1926, 0x1926, 0x1926, 0x1926, 0x1126, 0x1106, 0x1106, 0x1126, 0x1126,
    0x1126, 0x1126, 0x1126, 0x1106, 0x1106, 0x1106, 0x1106, 0x1106, 0x1126, 0x1126, 0x1126, 0x1106, 0x1106, 0x1106, 0x1126, 0x1126,
    0x1126, 0x1126, 0x1126, 0x1126, 0x1126, 0x1106, 0x1106, 0x1106, 0x1106, 0x1106, 0x1106, 0x1106, 0x1106, 0x1106, 0x1106, 0x1106,
    0x1106, 0x1106, 0x1106, 0x1106, 0x1106, 0x1106, 0x1106, 0x1106, 0x1106, 0x1126, 0x1106, 0x1106, 0x1106, 0x1106, 0x1106, 0x1106,
    0x1106, 0x1106, 0x1106, 0x1106, 0x1126, 0x1106, 0x1106, 0x1126, 0x1126, 0x1106, 0x1106, 0x1106, 0x1106, 0x1106, 0x1106, 0x1106,
    0x1106, 0x1106, 0x1106, 0x1106, 0x1106, 0x1106, 0x1106, 0x1106, 0x1106, 0x1106, 0x1106, 0x1106, 0x1106, 0x1106, 0x1126, 0x1106,
    0x1106, 0x1106, 0x1106, 0x1106, 0x1106, 0x1106, 0x08E5, 0x10E5, 0x08A4, 0x0883, 0x0883, 0x0883, 0x0883, 0x0883, 0x0862, 0x08A4,
    0x08A4, 0x0862, 0x0862, 0x0883, 0x0883, 0x0883, 0x0883, 0x0883, 0x0883, 0x0883, 0x0883, 0x0883, 0x0883, 0x0883, 0x0883, 0x0883,
    0x0883, 0x0883, 0x0883, 0x0883, 0x0883, 0x0883, 0x0883, 0x0883, 0x0883, 0x0883, 0x0883, 0x0883, 0x0883, 0x0883, 0x0883, 0x0883,
    0x0883, 0x0883, 0x0883, 0x0883, 0x0883, 0x0883, 0x0883, 0x0883, 0x0884, 0x08A4, 0x08A4, 0x08A4, 0x0884, 0x0883, 0x0883, 0x0884,
    0x08A3, 0x08A4, 0x08A3, 0x0883, 0x0883, 0x0883, 0x0883, 0x0883, 0x0883, 0x0884, 0x08A4, 0x08A3, 0x0883, 0x0884, 0x0883, 0x08A3,
    0x08A4, 0x08A4, 0x08A4, 0x08A4, 0x08A4, 0x0884, 0x08A3, 0x08A4, 0x08A4, 0x0884, 0x08A4, 0x0884, 0x0884, 0x0883, 0x08A4, 0x08A4,
    0x08A4, 0x08A4, 0x0883, 0x0883, 0x0883, 0x0883, 0x0883, 0x0883, 0x0883, 0x0883, 0x0883, 0x0883, 0x0883, 0x0883, 0x0883, 0x0883,
    0x0883, 0x0883, 0x0883, 0x0884, 0x08A4, 0x08A4, 0x08A4, 0x08A4, 0x0884, 0x08A4, 0x0884, 0x0884, 0x08A4, 0x08A4, 0x0884, 0x0883,
    0x0883, 0x0883, 0x0883, 0x08A4, 0x08A4, 0x08A3, 0x0883, 0x0883, 0x0883, 0x0883, 0x0883, 0x0883, 0x08A4, 0x0883, 0x0883, 0x0883,
    0x08A3, 0x08A3, 0x0883, 0x0883, 0x0883, 0x0883, 0x0883, 0x0884, 0x08A4, 0x08A4, 0x08A4, 0x08A4, 0x0884, 0x08A4, 0x08A4, 0x0884,
    0x0884, 0x08A4, 0x08A4, 0x08A4, 0x08A4, 0x08A4, 0x08A4, 0x08A4, 0x0884, 0x08A4, 0x08A4, 0x0884, 0x08A4, 0x08A4, 0x08A4, 0x08A4,
    0x08A4, 0x08A4, 0x08A4, 0x08A4, 0x08A4, 0x08A4, 0x08A4, 0x0884, 0x0884, 0x08A4, 0x08A4, 0x08A4, 0x08A4, 0x08A4, 0x08A4, 0x08A4,
    0x08A4, 0x08A4, 0x08A4, 0x08A4, 0x08A4, 0x08A4, 0x08A4, 0x08A4, 0x08A4, 0x08A4, 0x08A4, 0x08A4, 0x08A4, 0x08A4, 0x08A4, 0x08A4,
    0x08A4, 0x08A4, 0x08A4, 0x08A4, 0x08A4, 0x08A4, 0x08A4, 0x08A4, 0x08A4, 0x0884, 0x0883, 0x0883, 0x0883, 0x0883, 0x08A4, 0x08A4,
    0x0884, 0x0884, 0x08A4, 0x08A4, 0x08A4, 0x08A3, 0x0883, 0x0883, 0x0883, 0x0883, 0x0883, 0x0883, 0x0883, 0x0883, 0x08A3, 0x0883,
    0x0883, 0x0883, 0x0883, 0x0883, 0x0883, 0x0883, 0x0883, 0x0883, 0x0883, 0x0883, 0x0883, 0x0883, 0x0883, 0x0883, 0x0862, 0x08A3,
    0x08A4, 0x0862, 0x0862, 0x0883, 0x0883, 0x0883, 0x0883, 0x0883, 0x0883, 0x0883, 0x0883, 0x0883, 0x0883, 0x0883, 0x0883, 0x0883,
    0x0883, 0x0883, 0x0883, 0x0883, 0x0883, 0x0883, 0x0883, 0x0883, 0x0883, 0x0883, 0x0883, 0x0883, 0x0883, 0x0883, 0x0883, 0x0883,
    0x0883, 0x0883, 0x0883, 0x0883, 0x0883, 0x0883, 0x0883, 0x0883, 0x0883, 0x0883, 0x0883, 0x0883, 0x0883, 0x0883, 0x0883, 0x0883,
    0x0883, 0x0883, 0x0883, 0x0883, 0x0883, 0x0883, 0x0883, 0x0883, 0x0883, 0x0883, 0x0883, 0x0883, 0x0883, 0x0883, 0x0883, 0x0883,
    0x0883, 0x0883, 0x08A3, 0x08A3, 0x0883, 0x0883, 0x08A3, 0x08A3, 0x08A3, 0x0883, 0x0883, 0x08A3, 0x08A3, 0x0883, 0x08A3, 0x08A3,
    0x08A3, 0x0883, 0x0883, 0x0883, 0x0883, 0x0883, 0x0883, 0x0883, 0x0883, 0x0883, 0x0883, 0x0883, 0x0883, 0x0883, 0x0883, 0x0883,
    0x0883, 0x0883, 0x0883, 0x0883, 0x0883, 0x08A3, 0x0883, 0x0883, 0x0883, 0x08A3, 0x0883, 0x08A3, 0x0883, 0x08A3, 0x0883, 0x0883,
    0x0883, 0x0883, 0x0883, 0x0883, 0x0883, 0x0883, 0x08A3, 0x08A3, 0x0883, 0x0883, 0x0883, 0x0883, 0x0883, 0x08A3, 0x0883, 0x0883,
    0x08A3, 0x0883, 0x08A3, 0x0883, 0x0883, 0x0883, 0x0883, 0x08A3, 0x08A3, 0x08A3, 0x08A3, 0x08A4, 0x08A4, 0x08A3, 0x08A3, 0x0883,
    0x0883, 0x08A3, 0x08A3, 0x08A3, 0x08A3, 0x08A3, 0x0883, 0x0883, 0x0883, 0x0883, 0x0883, 0x08A3, 0x08A3, 0x08A4, 0x08A3, 0x08A3,
    0x08A4, 0x0883, 0x0884, 0x08A3, 0x08A3, 0x08A4, 0x08A4, 0x08A4, 0x08A3, 0x08A3, 0x08A4, 0x08A4, 0x08A4, 0x08A4, 0x08A3, 0x08A3,
    0x08A3, 0x08A3, 0x08A3, 0x08A3, 0x08A3, 0x08A3, 0x08A3, 0x0883, 0x08A4, 0x08A3, 0x08A3, 0x0883, 0x0883, 0x0883, 0x0883, 0x08A3,
    0x08A3, 0x08A3, 0x0883, 0x0883, 0x08A3, 0x08A3, 0x0883, 0x08A3, 0x0883, 0x0883, 0x0883, 0x0883, 0x0883, 0x0883, 0x0883, 0x0883,
    0x0883, 0x08A3, 0x08A3, 0x08A4, 0x08A3, 0x08A3, 0x08A3, 0x08A3, 0x0883, 0x0883, 0x0883, 0x0883, 0x0883, 0x0883, 0x0883, 0x0883,
    0x0883, 0x0883, 0x0883, 0x0883, 0x0883, 0x0883, 0x0883, 0x0883, 0x0883, 0x0883, 0x0883, 0x0883, 0x0883, 0x0883, 0x0862, 0x08A3,
    0x08A4, 0x0862, 0x0862, 0x0883, 0x0883, 0x0883, 0x0883, 0x0883, 0x0883, 0x0883, 0x0883, 0x0883, 0x0883, 0x0883, 0x0883, 0x0883,
    0x0883, 0x0883, 0x0883, 0x0883, 0x0883, 0x0883, 0x0883, 0x0883, 0x0883, 0x0883, 0x0883, 0x0883, 0x0883, 0x0883, 0x0883, 0x0883,
    0x0883, 0x0883, 0x0883, 0x0883, 0x0883, 0x0883, 0x0883, 0x0883, 0x0883, 0x0883, 0x0883, 0x0883, 0x0883, 0x0883, 0x0883, 0x0883,
    0x0883, 0x0883, 0x0883, 0x0883, 0x0883, 0x0883, 0x0883, 0x0883, 0x0883, 0x0883, 0x0883, 0x0883, 0x0883, 0x0883, 0x0883, 0x0883,
    0x0883, 0x0883, 0x0883, 0x0883, 0x0883, 0x0883, 0x0883, 0x0883, 0x0883, 0x0883, 0x0883, 0x0883, 0x0883, 0x0883, 0x0883, 0x0883,
    0x0883, 0x0883, 0x0883, 0x0883, 0x0883, 0x0883, 0x0883, 0x0883, 0x0883, 0x0883, 0x0883, 0x0883, 0x0883, 0x0883, 0x0883, 0x0883,
    0x0883, 0x0883, 0x0883, 0x0883, 0x0883, 0x0883, 0x0883, 0x0883, 0x0883, 0x0883, 0x0883, 0x0883, 0x0883, 0x0883, 0x0883, 0x0883,
    0x0883, 0x0883, 0x0883, 0x0883, 0x0883, 0x0883, 0x0883, 0x0883, 0x0883, 0x0883, 0x0883, 0x0883, 0x0883, 0x0883, 0x0883, 0x0883,
    0x0883, 0x0883, 0x0883, 0x0883, 0x0883, 0x0883, 0x0883, 0x0883, 0x0883, 0x0883, 0x08A3, 0x08A3, 0x08A3, 0x0883, 0x08A3, 0x0883,
    0x0883, 0x0883, 0x0883, 0x0883, 0x0883, 0x0883, 0x0883, 0x0883, 0x0883, 0x0883, 0x0883, 0x0883, 0x0883, 0x0883, 0x0883, 0x08A3,
    0x0883, 0x0883, 0x0883, 0x0883, 0x0883, 0x0883, 0x0883, 0x08A3, 0x0883, 0x0883, 0x0883, 0x08A3, 0x0883, 0x0883, 0x0883, 0x0883,
    0x0883, 0x0883, 0x0883, 0x0883, 0x0883, 0x0883, 0x0883, 0x0883, 0x0883, 0x0883, 0x0883, 0x0883, 0x0883, 0x0883, 0x0883, 0x0883,
    0x0883, 0x0883, 0x0883, 0x0883, 0x0883, 0x0883, 0x0883, 0x0883, 0x0883, 0x0883, 0x0883, 0x0883, 0x0883, 0x0883, 0x0883, 0x0883,
    0x0883, 0x0883, 0x0883, 0x0883, 0x0883, 0x0883, 0x0883, 0x0883, 0x0883, 0x0883, 0x0883, 0x0883, 0x0883, 0x0883, 0x0883, 0x0883,
    0x0883, 0x0883, 0x0883, 0x0883, 0x0883, 0x0883, 0x0883, 0x0883, 0x0883, 0x0883, 0x0883, 0x0883, 0x0883, 0x0883, 0x0862, 0x08A4,
    0x08A4, 0x0862, 0x0862, 0x0883, 0x0883, 0x0883, 0x0883, 0x0883, 0x0883, 0x0883, 0x0883, 0x0883, 0x0883, 0x0883, 0x0883, 0x0883,
    0x0883, 0x0883, 0x0883, 0x0883, 0x0883, 0x0883, 0x0883, 0x0883, 0x0883, 0x0883, 0x0883, 0x0883, 0x0883, 0x0883, 0x0883, 0x0883,
    0x0883, 0x0883, 0x0883, 0x0883, 0x0883, 0x0883, 0x0883, 0x0883, 0x0883, 0x0883, 0x0883, 0x0883, 0x0883, 0x0883, 0x0883, 0x0883,
    0x0883, 0x0883, 0x0883, 0x0883, 0x0883, 0x0883, 0x0883, 0x0883, 0x0883, 0x0883, 0x0883, 0x0883, 0x0883, 0x0883, 0x0883, 0x0883,
    0x0883, 0x0883, 0x0883, 0x0883, 0x0883, 0x0883, 0x0883, 0x0883, 0x0883, 0x0883, 0x0883, 0x0883, 0x0883, 0x0883, 0x0883, 0x0883,
    0x0883, 0x0883, 0x0883, 0x0883, 0x0883, 0x0883, 0x0883, 0x0883, 0x0883, 0x0883, 0x0883, 0x0883, 0x0883, 0x0883, 0x0883, 0x0883,
    0x0883, 0x0883, 0x0883, 0x0883, 0x0883, 0x0883, 0x0883, 0x0883, 0x0883, 0x0883, 0x0883, 0x0883, 0x0883, 0x0883, 0x0883, 0x0883,
    0x0883, 0x0883, 0x0883, 0x0883, 0x0883, 0x0883, 0x0883, 0x0883, 0x0883, 0x0883, 0x0883, 0x0883, 0x0883, 0x0883, 0x0883, 0x0883,
    0x0883, 0x0883, 0x0883, 0x0883, 0x0883, 0x0883, 0x0883, 0x0883, 0x0883, 0x0883, 0x0883, 0x0883, 0x0883, 0x0883, 0x0883, 0x0883,
    0x0883, 0x0883, 0x0883, 0x0883, 0x0883, 0x0883, 0x0883, 0x0883, 0x0883, 0x0883, 0x0883, 0x0883, 0x0883, 0x0883, 0x0883, 0x0883,
    0x0883, 0x0883, 0x0883, 0x0883, 0x0883, 0x0883, 0x0883, 0x0883, 0x0883, 0x0883, 0x0883, 0x0883, 0x0883, 0x0883, 0x0883, 0x0883,
    0x0883, 0x0883, 0x0883, 0x0883, 0x0883, 0x0883, 0x0883, 0x0883, 0x0883, 0x0883, 0x0883, 0x0883, 0x0883, 0x0883, 0x0883, 0x0883,
    0x0883, 0x0883, 0x0883, 0x0883, 0x0883, 0x0883, 0x0883, 0x0883, 0x0883, 0x0883, 0x0883, 0x0883, 0x0883, 0x0883, 0x0883, 0x0883,
    0x0883, 0x0883, 0x0883, 0x0883, 0x0883, 0x0883, 0x0883, 0x0883, 0x0883, 0x0883, 0x0883, 0x0883, 0x0883, 0x0883, 0x0883, 0x0883,
    0x0883, 0x0883, 0x0883, 0x0883, 0x0883, 0x0883, 0x0883, 0x0883, 0x0883, 0x0883, 0x0883, 0x0883, 0x0883, 0x0883, 0x0862, 0x08A3,
    0x08A4, 0x0862, 0x0042, 0x0883, 0x0883, 0x0883, 0x0863, 0x0883, 0x0883, 0x0883, 0x0883, 0x0883, 0x0883, 0x0883, 0x0883, 0x0883,
    0x0883, 0x0883, 0x0883, 0x0883, 0x0883, 0x0883, 0x0883, 0x0883, 0x0883, 0x0883, 0x0883, 0x0883, 0x0883, 0x0883, 0x0883, 0x0883,
    0x0883, 0x0883, 0x0883, 0x0883, 0x0883, 0x0883, 0x0883, 0x0883, 0x0883, 0x0883, 0x0883, 0x0883, 0x0883, 0x0883, 0x0883, 0x0883,
    0x0883, 0x0883, 0x0883, 0x0883, 0x0883, 0x0883, 0x0883, 0x0883, 0x0883, 0x0883, 0x0883, 0x0883, 0x0883, 0x0883, 0x0883, 0x0883,
    0x0883, 0x0883, 0x0883, 0x0883, 0x0883, 0x0883, 0x0883, 0x0883, 0x0883, 0x0883, 0x0883, 0x0883, 0x0883, 0x0883, 0x0883, 0x0883,
    0x0883, 0x0883, 0x0883, 0x0883, 0x0883, 0x0883, 0x0883, 0x0883, 0x0883, 0x0883, 0x0883, 0x0883, 0x0883, 0x0883, 0x0883, 0x0883,
    0x0883, 0x0883, 0x0883, 0x0883, 0x0883, 0x0883, 0x0883, 0x0883, 0x0883, 0x0883, 0x0883, 0x0883, 0x0883, 0x0883, 0x0883, 0x0883,
    0x0883, 0x0883, 0x0883, 0x0883, 0x0883, 0x0883, 0x0883, 0x0883, 0x0883, 0x0883, 0x0883, 0x0883, 0x0883, 0x0883, 0x0883, 0x0883,
    0x0883, 0x0883, 0x0883, 0x0883, 0x0883, 0x0883, 0x0883, 0x0883, 0x0883, 0x0883, 0x0883, 0x0883, 0x0883, 0x0883, 0x0883, 0x0883,
    0x0883, 0x0883, 0x0883, 0x0883, 0x0883, 0x0883, 0x0883, 0x0883, 0x0883, 0x0883, 0x0883, 0x0883, 0x0883, 0x0883, 0x0883, 0x0883,
    0x0883, 0x0883, 0x0883, 0x0883, 0x0883, 0x0883, 0x0883, 0x0883, 0x0883, 0x0883, 0x0883, 0x0883, 0x0883, 0x0883, 0x0883, 0x0883,
    0x0883, 0x0883, 0x0883, 0x0883, 0x0883, 0x0883, 0x0883, 0x0883, 0x0883, 0x0883, 0x0883, 0x0883, 0x0883, 0x0883, 0x0883, 0x0883,
    0x0883, 0x0883, 0x0883, 0x0883, 0x0883, 0x0883, 0x0883, 0x0883, 0x0883, 0x0883, 0x0883, 0x0883, 0x0883, 0x0883, 0x0883, 0x0883,
    0x0883, 0x0883, 0x0883, 0x0883, 0x0883, 0x0883, 0x0883, 0x0883, 0x0883, 0x0883, 0x0883, 0x0883, 0x0883, 0x0883, 0x0883, 0x0883,
    0x0883, 0x0883, 0x0883, 0x0883, 0x0883, 0x0883, 0x0883, 0x0883, 0x0883, 0x0883, 0x0883, 0x0883, 0x0883, 0x0863, 0x0862, 0x08A4,
    0x08A4, 0x08A3, 0x0862, 0x0862, 0x0863, 0x0883, 0x0883, 0x0883, 0x0883, 0x0883, 0x0883, 0x0883, 0x0883, 0x0883, 0x0883, 0x0883,
    0x0883, 0x0883, 0x0883, 0x0883, 0x0883, 0x0883, 0x0883, 0x0883, 0x0883, 0x0883, 0x0883, 0x0883, 0x0883, 0x0883, 0x0883, 0x0883,
    0x0883, 0x0883, 0x0883, 0x0883, 0x0883, 0x0883, 0x0883, 0x0883, 0x0883, 0x0883, 0x0883, 0x0883, 0x0883, 0x0883, 0x0883, 0x0883,
    0x0883, 0x0883, 0x0883, 0x0883, 0x0883, 0x0883, 0x0883, 0x0883, 0x0883, 0x0883, 0x0883, 0x0883, 0x0883, 0x0883, 0x0883, 0x0883,
    0x0883, 0x0883, 0x0883, 0x0883, 0x0883, 0x0883, 0x0883, 0x0883, 0x0883, 0x0883, 0x0883, 0x0883, 0x0883, 0x0883, 0x0883, 0x0883,
    0x0883, 0x0883, 0x0883, 0x0883, 0x0883, 0x0883, 0x0883, 0x0883, 0x0883, 0x0883, 0x0883, 0x0883, 0x0883, 0x0883, 0x0883, 0x0883,
    0x0883, 0x0883, 0x0883, 0x0883, 0x0883, 0x0883, 0x0883, 0x0883, 0x0883, 0x0883, 0x0883, 0x0883, 0x0883, 0x0883, 0x0883, 0x0883,
    0x0883, 0x0883, 0x0883, 0x0883, 0x0883, 0x0883, 0x0883, 0x0883, 0x0883, 0x0883, 0x0883, 0x0883, 0x0883, 0x0883, 0x0883, 0x0883,
    0x0883, 0x0883, 0x0883, 0x0883, 0x0883, 0x0883, 0x0883, 0x0883, 0x0883, 0x0883, 0x0883, 0x0883, 0x0883, 0x0883, 0x0883, 0x0883,
    0x0883, 0x0883, 0x0883, 0x0883, 0x0883, 0x0883, 0x0883, 0x0883, 0x0883, 0x0883, 0x0883, 0x0883, 0x0883, 0x0883, 0x0883, 0x0883,
    0x0883, 0x0883, 0x0883, 0x0883, 0x0883, 0x0883, 0x0883, 0x0883, 0x0883, 0x0883, 0x0883, 0x0883, 0x0883, 0x0883, 0x0883, 0x0883,
    0x0883, 0x0883, 0x0883, 0x0883, 0x0883, 0x0883, 0x0883, 0x0883, 0x0883, 0x0883, 0x0883, 0x0883, 0x0883, 0x0883, 0x0883, 0x0883,
    0x0883, 0x0883, 0x0883, 0x0883, 0x0883, 0x0883, 0x0883, 0x0883, 0x0883, 0x0883, 0x0883, 0x0883, 0x0883, 0x0883, 0x0883, 0x0883,
    0x0883, 0x0883, 0x0883, 0x0883, 0x0883, 0x0883, 0x0883, 0x0883, 0x0883, 0x0883, 0x0883, 0x0883, 0x0883, 0x0883, 0x0883, 0x0883,
    0x0883, 0x0883, 0x0883, 0x0883, 0x0883, 0x0883, 0x0883, 0x0883, 0x0883, 0x0883, 0x0883, 0x0883, 0x0863, 0x0862, 0x0883, 0x08A4,
    0x0883, 0x08A4, 0x10C4, 0x10C3, 0x0882, 0x0862, 0x0862, 0x0862, 0x0862, 0x0062, 0x0862, 0x0862, 0x0862, 0x0862, 0x0862, 0x0862,
    0x0062, 0x0862, 0x0862, 0x0862, 0x0862, 0x0062, 0x0062, 0x0062, 0x0862, 0x0862, 0x0862, 0x0862, 0x0862, 0x0862, 0x0862, 0x0062,
    0x0862, 0x0862, 0x0862, 0x0862, 0x0862, 0x0062, 0x0862, 0x0862, 0x0862, 0x0862, 0x0862, 0x0862, 0x0862, 0x0862, 0x0862, 0x0862,
    0x0862, 0x0862, 0x0862, 0x0862, 0x0862, 0x0862, 0x0862, 0x0862, 0x0862, 0x0862, 0x0862, 0x0862, 0x0882, 0x0882, 0x0883, 0x0883,
    0x0882, 0x0883, 0x0882, 0x0883, 0x0882, 0x0883, 0x0883, 0x0882, 0x0883, 0x0883, 0x0882, 0x0882, 0x0882, 0x0883, 0x0883, 0x0883,
    0x0883, 0x0883, 0x0883, 0x0883, 0x0883, 0x0883, 0x0883, 0x0883, 0x0883, 0x0883, 0x0883, 0x0883, 0x0883, 0x0883, 0x0883, 0x0883,
    0x0883, 0x0883, 0x0883, 0x0883, 0x0883, 0x0883, 0x0883, 0x0883, 0x0883, 0x0883, 0x0883, 0x0883, 0x0883, 0x0883, 0x0883, 0x0883,
    0x0883, 0x0883, 0x0883, 0x0883, 0x0883, 0x0883, 0x0883, 0x0883, 0x0883, 0x0883, 0x0883, 0x0883, 0x0883, 0x0883, 0x0883, 0x0883,
    0x0883, 0x0883, 0x0883, 0x0883, 0x0883, 0x0883, 0x0883, 0x0883, 0x0883, 0x0883, 0x0883, 0x0883, 0x0883, 0x0883, 0x0883, 0x0883,
    0x0883, 0x0883, 0x0883, 0x0883, 0x0883, 0x0883, 0x0883, 0x0883, 0x0883, 0x0883, 0x0883, 0x0883, 0x0883, 0x0883, 0x0883, 0x0883,
    0x0883, 0x0883, 0x0883, 0x0883, 0x0883, 0x0883, 0x0883, 0x0883, 0x0883, 0x0883, 0x0883, 0x0883, 0x0883, 0x0883, 0x0883, 0x0883,
    0x0883, 0x0883, 0x0883, 0x0883, 0x0883, 0x0883, 0x0883, 0x0883, 0x0883, 0x0883, 0x0883, 0x0883, 0x0883, 0x0883, 0x0883, 0x0883,
    0x0883, 0x0883, 0x0883, 0x0883, 0x0883, 0x0883, 0x0883, 0x0883, 0x0883, 0x0883, 0x0883, 0x0883, 0x0883, 0x0883, 0x0882, 0x0882,
    0x0882, 0x0883, 0x0883, 0x0883, 0x0883, 0x0883, 0x0883, 0x0883, 0x0883, 0x0883, 0x0883, 0x0883, 0x0883, 0x0883, 0x0883, 0x0883,
    0x0883, 0x0883, 0x0883, 0x0883, 0x0883, 0x0883, 0x0883, 0x0883, 0x0883, 0x0883, 0x0883, 0x0883, 0x10C4, 0x10C4, 0x08A4, 0x0883,
    0x2986, 0x0063, 0x10A4, 0x10E5, 0x1905, 0x10C4, 0x10C4, 0x10A4, 0x10A4, 0x10A4, 0x10A4, 0x10A3, 0x10A3, 0x10A4, 0x10A3, 0x08A3,
    0x08A3, 0x08A3, 0x0883, 0x08A3, 0x08A3, 0x0883, 0x0883, 0x08A3, 0x08A3, 0x08A3, 0x08A3, 0x08A3, 0x08A3, 0x10A3, 0x10A3, 0x10A3,
    0x10A4, 0x10A4, 0x10C4, 0x10C4, 0x10A4, 0x10A4, 0x10C4, 0x10C4, 0x10C4, 0x10C4, 0x10C4, 0x10C4, 0x10C4, 0x10C4, 0x10C4, 0x10C4,
    0x10C4, 0x10C4, 0x10C4, 0x10C4, 0x10C4, 0x10C4, 0x10C4, 0x10E4, 0x10E4, 0x10E4, 0x10E4, 0x10E4, 0x10E4, 0x10E4, 0x10E4, 0x18E5,
    0x18E5, 0x18E4, 0x1905, 0x1905, 0x1905, 0x18E5, 0x1905, 0x1905, 0x1905, 0x18E5, 0x10E5, 0x10E5, 0x10E4, 0x18E5, 0x18E5, 0x18E5,
    0x18E5, 0x10E4, 0x10E4, 0x10E4, 0x10E4, 0x10E4, 0x10E4, 0x10E4, 0x10E4, 0x10E4, 0x10E4, 0x10E4, 0x10E5, 0x18E5, 0x1905, 0x18E5,
    0x1905, 0x1905, 0x1905, 0x18E5, 0x1905, 0x1905, 0x1905, 0x1905, 0x1905, 0x18E5, 0x18E5, 0x18E5, 0x18E5, 0x18E5, 0x1905, 0x1905,
    0x1905, 0x1905, 0x1905, 0x1905, 0x1905, 0x18E5, 0x1905, 0x1905, 0x1905, 0x18E5, 0x18E5, 0x18E5, 0x1905, 0x1905, 0x18E5, 0x18E5,
    0x1905, 0x1905, 0x1905, 0x1905, 0x1905, 0x18E5, 0x1905, 0x1905, 0x1905, 0x1905, 0x1905, 0x1905, 0x1905, 0x1905, 0x1905, 0x1905,
    0x1905, 0x1905, 0x1905, 0x1905, 0x1905, 0x1905, 0x1905, 0x1905, 0x1905, 0x1905, 0x1905, 0x1905, 0x1905, 0x1905, 0x1905, 0x1905,
    0x1905, 0x1905, 0x1905, 0x1905, 0x1905, 0x18E5, 0x18E5, 0x18E5, 0x18E5, 0x1905, 0x1905, 0x1905, 0x1905, 0x1905, 0x1905, 0x1905,
    0x1905, 0x1905, 0x1905, 0x1905, 0x1905, 0x1905, 0x1905, 0x18E5, 0x10E4, 0x10E4, 0x1905, 0x1905, 0x1905, 0x1905, 0x1905, 0x1905,
    0x1905, 0x1905, 0x1905, 0x1905, 0x1905, 0x18E5, 0x18E5, 0x18E5, 0x1905, 0x1905, 0x1905, 0x1905, 0x1905, 0x1905, 0x10E4, 0x10C4,
    0x10E4, 0x10E4, 0x10E4, 0x10E4, 0x10E4, 0x10E4, 0x10C4, 0x10C4, 0x10E4, 0x10E4, 0x10E4, 0x10E4, 0x10E4, 0x10E4, 0x10E4, 0x10E4,
    0x10E4, 0x10E4, 0x10C4, 0x10E4, 0x10E4, 0x10E4, 0x18E5, 0x10E5, 0x10E5, 0x10E5, 0x10E4, 0x1905, 0x10E5, 0x10A4, 0x0883, 0x10E4,
    0x6BCE, 0x2145, 0x0863, 0x0883, 0x0883, 0x08A4, 0x08A4, 0x08A4, 0x08A3, 0x08A4, 0x08A4, 0x08A4, 0x08A4, 0x08A4, 0x08A4, 0x08A4,
    0x08A4, 0x08A4, 0x08A4, 0x08A3, 0x08A3, 0x08A3, 0x08A3, 0x08A3, 0x08A3, 0x08A3, 0x08A3, 0x08A3, 0x0883, 0x0883, 0x08A3, 0x08A3,
    0x08A3, 0x08A4, 0x08A4, 0x08A3, 0x08A4, 0x08A4, 0x08A4, 0x08A4, 0x08A4, 0x08A4, 0x08A3, 0x0883, 0x08A3, 0x0883, 0x08A4, 0x08A3,
    0x08A4, 0x08A4, 0x08A4, 0x08A4, 0x08A4, 0x08A4, 0x08A4, 0x08A4, 0x08A4, 0x08A4, 0x08A4, 0x08A4, 0x08A4, 0x08A4, 0x08A4, 0x08A4,
    0x08A4, 0x08A4, 0x08A4, 0x08A4, 0x08A4, 0x08A4, 0x08A4, 0x08A4, 0x08A4, 0x08A4, 0x08A4, 0x08A4, 0x08A4, 0x08A4, 0x08A4, 0x08A4,
    0x08A4, 0x08A4, 0x08A4, 0x08A4, 0x08A4, 0x08A4, 0x08A4, 0x08A4, 0x08A4, 0x08A4, 0x08A4, 0x08A4, 0x08A4, 0x08A4, 0x08A4, 0x08A4,
    0x08A4, 0x08A4, 0x08A4, 0x08A4, 0x08A4, 0x08A4, 0x08A4, 0x08A4, 0x08A4, 0x08A4, 0x08A4, 0x08A4, 0x08A4, 0x08A4, 0x08A4, 0x08A4,
    0x08A4, 0x08A4, 0x08A4, 0x08A4, 0x08A4, 0x08A4, 0x08A4, 0x08A4, 0x08A4, 0x08A4, 0x08A4, 0x08A4, 0x08A4, 0x08A4, 0x08A4, 0x08A4,
    0x08A4, 0x08A4, 0x08A4, 0x08A4, 0x08A4, 0x08A4, 0x08A4, 0x08A4, 0x08A4, 0x08A4, 0x08A4, 0x08A4, 0x08A4, 0x08A4, 0x08A4, 0x08A4,
    0x08A4, 0x08A4, 0x08A4, 0x08A4, 0x08A4, 0x08A4, 0x08A4, 0x08A4, 0x08A4, 0x08A4, 0x08A4, 0x08A4, 0x08A4, 0x08A4, 0x08A4, 0x08A4,
    0x08A4, 0x08A4, 0x08A4, 0x08A4, 0x08A4, 0x08A4, 0x08A4, 0x08A4, 0x08A4, 0x08A4, 0x08A4, 0x08A4, 0x08A4, 0x08A4, 0x08A4, 0x08A4,
    0x08A4, 0x08A4, 0x08A4, 0x08A4, 0x08A4, 0x08A4, 0x08A4, 0x08A4, 0x08A4, 0x08A4, 0x08A4, 0x08A4, 0x08A4, 0x08A4, 0x08A4, 0x08A4,
    0x08A4, 0x08A4, 0x08A4, 0x08A4, 0x08A4, 0x08A4, 0x08A4, 0x08A4, 0x08A4, 0x08A4, 0x08A4, 0x08A4, 0x08A4, 0x08A4, 0x08A4, 0x08A4,
    0x08A4, 0x08A4, 0x08A4, 0x08A4, 0x08A4, 0x08A4, 0x08A4, 0x08A3, 0x08A4, 0x08A4, 0x08A4, 0x08A4, 0x08A4, 0x08A4, 0x08A4, 0x08A4,
    0x08A4, 0x08A4, 0x08A4, 0x08A4, 0x08A4, 0x08A4, 0x0884, 0x0884, 0x0883, 0x0883, 0x0883, 0x0883, 0x0883, 0x0883, 0x10E4, 0x3A07,
    0x740F, 0x63AD, 0x31C7, 0x10C4, 0x0883, 0x0883, 0x0883, 0x0883, 0x0883, 0x0883, 0x0883, 0x0883, 0x0883, 0x0883, 0x08A3, 0x08A3,
    0x0883, 0x0883, 0x0883, 0x0883, 0x0883, 0x0883, 0x0883, 0x0883, 0x0883, 0x0883, 0x0883, 0x0883, 0x0883, 0x0883, 0x0883, 0x0883,
    0x0883, 0x0883, 0x0883, 0x0883, 0x0883, 0x0883, 0x0883, 0x0883, 0x0883, 0x0883, 0x0883, 0x0883, 0x0883, 0x0883, 0x0883, 0x0883,
    0x0883, 0x0883, 0x0883, 0x0883, 0x0883, 0x0883, 0x0883, 0x0883, 0x0883, 0x0883, 0x0883, 0x0883, 0x0883, 0x0883, 0x0883, 0x0883,
    0x0883, 0x0883, 0x0883, 0x0883, 0x0883, 0x0883, 0x0883, 0x0883, 0x0883, 0x0883, 0x0883, 0x0883, 0x0883, 0x0883, 0x0883, 0x0883,
    0x0883, 0x0883, 0x0883, 0x0883, 0x0883, 0x0883, 0x0883, 0x0883, 0x0883, 0x0883, 0x0883, 0x0883, 0x0883, 0x0883, 0x0883, 0x0883,
    0x0883, 0x0883, 0x0883, 0x0882, 0x0883, 0x0883, 0x0883, 0x0883, 0x0883, 0x0863, 0x0883, 0x0883, 0x0883, 0x0883, 0x0883, 0x0863,
    0x0862, 0x0883, 0x0883, 0x0883, 0x0883, 0x0883, 0x0883, 0x0883, 0x0883, 0x0862, 0x0862, 0x0862, 0x0883, 0x0883, 0x0883, 0x0883,
    0x0883, 0x0883, 0x0883, 0x0883, 0x0883, 0x0883, 0x0883, 0x0883, 0x0883, 0x0883, 0x0883, 0x0883, 0x0883, 0x0883, 0x0883, 0x0883,
    0x0862, 0x0862, 0x0862, 0x0883, 0x0883, 0x0862, 0x0862, 0x0863, 0x0862, 0x0862, 0x0883, 0x0883, 0x0883, 0x0883, 0x0883, 0x0883,
    0x0883, 0x0883, 0x0883, 0x0883, 0x0883, 0x0883, 0x0883, 0x0883, 0x0883, 0x0883, 0x0883, 0x0883, 0x0883, 0x0883, 0x0883, 0x0883,
    0x0883, 0x0883, 0x0883, 0x0883, 0x0883, 0x0883, 0x0883, 0x0883, 0x0883, 0x0883, 0x0883, 0x0883, 0x0883, 0x0883, 0x0883, 0x0883,
    0x0883, 0x0883, 0x0883, 0x0883, 0x0883, 0x0883, 0x0883, 0x0883, 0x0883, 0x0883, 0x0883, 0x0883, 0x0883, 0x0883, 0x0883, 0x0883,
    0x0883, 0x0883, 0x0883, 0x0883, 0x0883, 0x0883, 0x0883, 0x0863, 0x0883, 0x0883, 0x0883, 0x0883, 0x0883, 0x0883, 0x0883, 0x0883,
    0x0883, 0x0883, 0x0883, 0x0883, 0x0883, 0x0883, 0x0883, 0x0883, 0x0863, 0x0862, 0x0863, 0x0883, 0x0883, 0x10C3, 0x2986, 0x3A07,
};
static_assert(sizeof(kPixels) == kWidth * kHeight * 2, "RGB565 artwork size mismatch");
} // namespace smartmedivend_artwork
